produto,unidade,categoria,ceasa,estado,preco,data
Abóbora,1Kg,Hortaliças,CEAGESP Ribeirão Preto(SP),SP,2.63,2026-08-03
Abobrinha,1Kg,Hortaliças,CEAGESP Ribeirão Preto(SP),SP,3.38,2026-08-03
Alface,1Dz,Hortaliças,CEAGESP Ribeirão Preto(SP),SP,30.15,2026-08-03
Berinjela,1Kg,Hortaliças,CEAGESP Ribeirão Preto(SP),SP,3.5,2026-08-03
Beterraba,1Kg,Hortaliças,CEAGESP Ribeirão Preto(SP),SP,2.37,2026-08-03
Brócolis,1Kg,Hortaliças,CEAGESP Ribeirão Preto(SP),SP,3.33,2026-08-03
Cenoura,1Kg,Hortaliças,CEAGESP Ribeirão Preto(SP),SP,3.5,2026-08-03
Chuchu,1Kg,Hortaliças,CEAGESP Ribeirão Preto(SP),SP,2.25,2026-08-03
Couve,1Kg,Hortaliças,CEAGESP Ribeirão Preto(SP),SP,7.2,2026-08-03
Couve-Flor,1Un,Hortaliças,CEAGESP Ribeirão Preto(SP),SP,6.0,2026-08-03
Pepino,1Kg,Hortaliças,CEAGESP Ribeirão Preto(SP),SP,4.91,2026-08-03
Pimentão Verde,1Kg,Hortaliças,CEAGESP Ribeirão Preto(SP),SP,6.0,2026-08-03
Quiabo,1Kg,Hortaliças,CEAGESP Ribeirão Preto(SP),SP,8.53,2026-08-03
Repolho,1Kg,Hortaliças,CEAGESP Ribeirão Preto(SP),SP,2.5,2026-08-03
Tomate,1Kg,Hortaliças,CEAGESP Ribeirão Preto(SP),SP,3.5,2026-08-03
Vagem,1Kg,Hortaliças,CEAGESP Ribeirão Preto(SP),SP,8.33,2026-08-03
Abóbora,1Kg,Hortaliças,CEASA-MT Cuiabá(MT),MT,2.63,2026-08-02
Abobrinha,1Kg,Hortaliças,CEASA-MT Cuiabá(MT),MT,3.53,2026-08-02
Alface,1Dz,Hortaliças,CEASA-MT Cuiabá(MT),MT,30.0,2026-08-02
Berinjela,1Kg,Hortaliças,CEASA-MT Cuiabá(MT),MT,2.73,2026-08-02
Beterraba,1Kg,Hortaliças,CEASA-MT Cuiabá(MT),MT,3.42,2026-08-02
Brócolis,1Kg,Hortaliças,CEASA-MT Cuiabá(MT),MT,21.82,2026-08-02
Cenoura,1Kg,Hortaliças,CEASA-MT Cuiabá(MT),MT,4.62,2026-08-02
Chuchu,1Kg,Hortaliças,CEASA-MT Cuiabá(MT),MT,1.84,2026-08-02
Couve,1Kg,Hortaliças,CEASA-MT Cuiabá(MT),MT,13.33,2026-08-02
Couve-Flor,1Un,Hortaliças,CEASA-MT Cuiabá(MT),MT,7.0,2026-08-02
Pepino,1Kg,Hortaliças,CEASA-MT Cuiabá(MT),MT,3.08,2026-08-02
Pimentão Verde,1Kg,Hortaliças,CEASA-MT Cuiabá(MT),MT,6.84,2026-08-02
Quiabo,1Kg,Hortaliças,CEASA-MT Cuiabá(MT),MT,5.45,2026-08-02
Repolho,1Kg,Hortaliças,CEASA-MT Cuiabá(MT),MT,3.11,2026-08-02
Tomate,1Kg,Hortaliças,CEASA-MT Cuiabá(MT),MT,4.47,2026-08-02
Vagem,1Kg,Hortaliças,CEASA-MT Cuiabá(MT),MT,10.91,2026-08-02
Abóbora,1Kg,Hortaliças,CEAGESP Presidente Prudente(SP),SP,3.0,2026-08-01
Abobrinha,1Kg,Hortaliças,CEAGESP Presidente Prudente(SP),SP,2.5,2026-08-01
Alface,1Dz,Hortaliças,CEAGESP Presidente Prudente(SP),SP,40.0,2026-08-01
Berinjela,1Kg,Hortaliças,CEAGESP Presidente Prudente(SP),SP,2.85,2026-08-01
Beterraba,1Kg,Hortaliças,CEAGESP Presidente Prudente(SP),SP,3.18,2026-08-01
Brócolis,1Kg,Hortaliças,CEAGESP Presidente Prudente(SP),SP,4.58,2026-08-01
Cenoura,1Kg,Hortaliças,CEAGESP Presidente Prudente(SP),SP,3.63,2026-08-01
Chuchu,1Kg,Hortaliças,CEAGESP Presidente Prudente(SP),SP,2.72,2026-08-01
Couve,1Kg,Hortaliças,CEAGESP Presidente Prudente(SP),SP,4.5,2026-08-01
Couve-Flor,1Un,Hortaliças,CEAGESP Presidente Prudente(SP),SP,6.0,2026-08-01
Pepino,1Kg,Hortaliças,CEAGESP Presidente Prudente(SP),SP,3.18,2026-08-01
Pimentão Verde,1Kg,Hortaliças,CEAGESP Presidente Prudente(SP),SP,5.0,2026-08-01
Quiabo,1Kg,Hortaliças,CEAGESP Presidente Prudente(SP),SP,7.14,2026-08-01
Repolho,1Kg,Hortaliças,CEAGESP Presidente Prudente(SP),SP,2.5,2026-08-01
Tomate,1Kg,Hortaliças,CEAGESP Presidente Prudente(SP),SP,3.63,2026-08-01
Vagem,1Kg,Hortaliças,CEAGESP Presidente Prudente(SP),SP,11.42,2026-08-01
Abóbora,1Kg,Hortaliças,CEAGESP Ribeirão Preto(SP),SP,2.63,2026-07-31
Abóbora,1Kg,Hortaliças,CEASA-MT Cuiabá(MT),MT,2.63,2026-07-31
Abóbora,1Kg,Hortaliças,CEASA-PE Recife(PE),PE,2.8,2026-07-31
Abóbora,1Kg,Hortaliças,CEASA-CE Fortaleza(CE),CE,2.85,2026-07-31
Abóbora,1Kg,Hortaliças,CEASA-PR Foz do Iguaçu(PR),PR,3.5,2026-07-31
Abóbora,1Kg,Hortaliças,CEASA-TO Palmas(TO),TO,4.72,2026-07-31
Abóbora,1Kg,Hortaliças,CEASA-ES Vitória(ES),ES,2.19,2026-07-31
Abóbora,1Kg,Hortaliças,CEASA-SP Campinas(SP),SP,2.0,2026-07-31
Abóbora,1Kg,Hortaliças,CEASAMINAS Belo Horizonte(MG),MG,1.75,2026-07-31
Abóbora,1Kg,Hortaliças,CEASA-RJ Rio de Janeiro(RJ),RJ,2.5,2026-07-31
Abóbora,1Kg,Hortaliças,CEASA-CE Tianguá(CE),CE,3.0,2026-07-31
Abóbora,1Kg,Hortaliças,CEASA-PR Curitiba(PR),PR,3.0,2026-07-31
Abóbora,1Kg,Hortaliças,CEASA-AL Maceió(AL),AL,2.0,2026-07-31
Abóbora,1Kg,Hortaliças,CEASA-RN Natal(RN),RN,1.8,2026-07-31
Abóbora,1Kg,Hortaliças,AMA-BA Juazeiro(BA),BA,2.0,2026-07-31
Abóbora,1Kg,Hortaliças,CEASA-MA São Luís(MA),MA,3.43,2026-07-31
Abobrinha,1Kg,Hortaliças,CEAGESP Ribeirão Preto(SP),SP,3.38,2026-07-31
Abobrinha,1Kg,Hortaliças,CEASA-MT Cuiabá(MT),MT,3.53,2026-07-31
Abobrinha,1Kg,Hortaliças,CEASA-PE Recife(PE),PE,2.5,2026-07-31
Abobrinha,1Kg,Hortaliças,CEASA-CE Fortaleza(CE),CE,3.5,2026-07-31
Abobrinha,1Kg,Hortaliças,CEASA-PR Foz do Iguaçu(PR),PR,3.0,2026-07-31
Abobrinha,1Kg,Hortaliças,CEASA-TO Palmas(TO),TO,5.75,2026-07-31
Abobrinha,1Kg,Hortaliças,CEASA-ES Vitória(ES),ES,2.93,2026-07-31
Abobrinha,1Kg,Hortaliças,CEASA-SP Campinas(SP),SP,5.28,2026-07-31
Abobrinha,1Kg,Hortaliças,CEASAMINAS Belo Horizonte(MG),MG,3.05,2026-07-31
Abobrinha,1Kg,Hortaliças,CEASA-RJ Rio de Janeiro(RJ),RJ,2.81,2026-07-31
Abobrinha,1Kg,Hortaliças,CEASA-CE Tianguá(CE),CE,1.75,2026-07-31
Abobrinha,1Kg,Hortaliças,CEASA-PR Curitiba(PR),PR,2.25,2026-07-31
Abobrinha,1Kg,Hortaliças,CEASA-AL Maceió(AL),AL,3.0,2026-07-31
Abobrinha,1Kg,Hortaliças,CEASA-RN Natal(RN),RN,3.0,2026-07-31
Abobrinha,1Kg,Hortaliças,AMA-BA Juazeiro(BA),BA,3.19,2026-07-31
Abobrinha,1Kg,Hortaliças,CEASA-MA São Luís(MA),MA,4.21,2026-07-31
Alface,1Dz,Hortaliças,CEAGESP Ribeirão Preto(SP),SP,30.15,2026-07-31
Alface,1Dz,Hortaliças,CEASA-MT Cuiabá(MT),MT,30.0,2026-07-31
Alface,1Dz,Hortaliças,CEASA-PE Recife(PE),PE,9.6,2026-07-31
Alface,1Dz,Hortaliças,CEASA-CE Fortaleza(CE),CE,34.5,2026-07-31
Alface,1Dz,Hortaliças,CEASA-PR Foz do Iguaçu(PR),PR,19.5,2026-07-31
Alface,1Dz,Hortaliças,CEASA-ES Vitória(ES),ES,13.33,2026-07-31
Alface,1Dz,Hortaliças,CEASA-SP Campinas(SP),SP,30.0,2026-07-31
Alface,1Dz,Hortaliças,CEASAMINAS Belo Horizonte(MG),MG,30.0,2026-07-31
Alface,1Dz,Hortaliças,CEASA-RJ Rio de Janeiro(RJ),RJ,20.0,2026-07-31
Alface,1Dz,Hortaliças,CEASA-CE Tianguá(CE),CE,21.6,2026-07-31
Alface,1Dz,Hortaliças,CEASA-PR Curitiba(PR),PR,25.0,2026-07-31
Alface,1Dz,Hortaliças,CEASA-AL Maceió(AL),AL,18.0,2026-07-31
Alface,1Dz,Hortaliças,CEASA-RN Natal(RN),RN,20.4,2026-07-31
Alface,1Dz,Hortaliças,AMA-BA Juazeiro(BA),BA,8.0,2026-07-31
Alface,1Dz,Hortaliças,CEASA-MA São Luís(MA),MA,13.76,2026-07-31
Berinjela,1Kg,Hortaliças,CEAGESP Ribeirão Preto(SP),SP,3.5,2026-07-31
Berinjela,1Kg,Hortaliças,CEASA-MT Cuiabá(MT),MT,2.73,2026-07-31
Berinjela,1Kg,Hortaliças,CEASA-PE Recife(PE),PE,3.0,2026-07-31
Berinjela,1Kg,Hortaliças,CEASA-CE Fortaleza(CE),CE,2.7,2026-07-31
Berinjela,1Kg,Hortaliças,CEASA-PR Foz do Iguaçu(PR),PR,5.14,2026-07-31
Berinjela,1Kg,Hortaliças,CEASA-TO Palmas(TO),TO,5.42,2026-07-31
Berinjela,1Kg,Hortaliças,CEASA-ES Vitória(ES),ES,2.79,2026-07-31
Berinjela,1Kg,Hortaliças,CEASA-SP Campinas(SP),SP,6.18,2026-07-31
Berinjela,1Kg,Hortaliças,CEASAMINAS Belo Horizonte(MG),MG,4.16,2026-07-31
Berinjela,1Kg,Hortaliças,CEASA-RJ Rio de Janeiro(RJ),RJ,5.0,2026-07-31
Berinjela,1Kg,Hortaliças,CEASA-CE Tianguá(CE),CE,1.92,2026-07-31
Berinjela,1Kg,Hortaliças,CEASA-PR Curitiba(PR),PR,4.17,2026-07-31
Berinjela,1Kg,Hortaliças,CEASA-AL Maceió(AL),AL,3.0,2026-07-31
Berinjela,1Kg,Hortaliças,CEASA-RN Natal(RN),RN,4.4,2026-07-31
Berinjela,1Kg,Hortaliças,AMA-BA Juazeiro(BA),BA,3.93,2026-07-31
Berinjela,1Kg,Hortaliças,CEASA-MA São Luís(MA),MA,4.85,2026-07-31
Beterraba,1Kg,Hortaliças,CEAGESP Ribeirão Preto(SP),SP,2.37,2026-07-31
Beterraba,1Kg,Hortaliças,CEASA-MT Cuiabá(MT),MT,3.42,2026-07-31
Beterraba,1Kg,Hortaliças,CEASA-PE Recife(PE),PE,3.0,2026-07-31
Beterraba,1Kg,Hortaliças,CEASA-CE Fortaleza(CE),CE,3.75,2026-07-31
Beterraba,1Kg,Hortaliças,CEASA-PR Foz do Iguaçu(PR),PR,3.25,2026-07-31
Beterraba,1Kg,Hortaliças,CEASA-TO Palmas(TO),TO,4.75,2026-07-31
Beterraba,1Kg,Hortaliças,CEASA-ES Vitória(ES),ES,2.8,2026-07-31
Beterraba,1Kg,Hortaliças,CEASA-SP Campinas(SP),SP,2.5,2026-07-31
Beterraba,1Kg,Hortaliças,CEASAMINAS Belo Horizonte(MG),MG,2.89,2026-07-31
Beterraba,1Kg,Hortaliças,CEASA-RJ Rio de Janeiro(RJ),RJ,2.75,2026-07-31
Beterraba,1Kg,Hortaliças,CEASA-CE Tianguá(CE),CE,3.5,2026-07-31
Beterraba,1Kg,Hortaliças,CEASA-PR Curitiba(PR),PR,2.25,2026-07-31
Beterraba,1Kg,Hortaliças,CEASA-AL Maceió(AL),AL,3.5,2026-07-31
Beterraba,1Kg,Hortaliças,CEASA-RN Natal(RN),RN,2.5,2026-07-31
Beterraba,1Kg,Hortaliças,AMA-BA Juazeiro(BA),BA,2.25,2026-07-31
Beterraba,1Kg,Hortaliças,CEASA-MA São Luís(MA),MA,5.67,2026-07-31
Brócolis,1Kg,Hortaliças,CEAGESP Ribeirão Preto(SP),SP,3.33,2026-07-31
Brócolis,1Kg,Hortaliças,CEASA-MT Cuiabá(MT),MT,21.82,2026-07-31
Brócolis,1Kg,Hortaliças,CEASA-PE Recife(PE),PE,8.57,2026-07-31
Brócolis,1Kg,Hortaliças,CEASA-CE Fortaleza(CE),CE,18.0,2026-07-31
Brócolis,1Kg,Hortaliças,CEASA-PR Foz do Iguaçu(PR),PR,5.0,2026-07-31
Brócolis,1Kg,Hortaliças,CEASA-ES Vitória(ES),ES,5.26,2026-07-31
Brócolis,1Kg,Hortaliças,CEASA-SP Campinas(SP),SP,5.36,2026-07-31
Brócolis,1Kg,Hortaliças,CEASAMINAS Belo Horizonte(MG),MG,7.5,2026-07-31
Brócolis,1Kg,Hortaliças,CEASA-RJ Rio de Janeiro(RJ),RJ,3.75,2026-07-31
Brócolis,1Kg,Hortaliças,CEASA-CE Tianguá(CE),CE,3.0,2026-07-31
Brócolis,1Kg,Hortaliças,CEASA-PR Curitiba(PR),PR,5.83,2026-07-31
Brócolis,1Kg,Hortaliças,CEASA-AL Maceió(AL),AL,27.0,2026-07-31
Brócolis,1Kg,Hortaliças,CEASA-RN Natal(RN),RN,23.92,2026-07-31
Brócolis,1Kg,Hortaliças,CEASA-MA São Luís(MA),MA,38.14,2026-07-31
Cenoura,1Kg,Hortaliças,CEAGESP Ribeirão Preto(SP),SP,3.5,2026-07-31
Cenoura,1Kg,Hortaliças,CEASA-MT Cuiabá(MT),MT,4.62,2026-07-31
Cenoura,1Kg,Hortaliças,CEASA-PE Recife(PE),PE,4.5,2026-07-31
Cenoura,1Kg,Hortaliças,CEASA-CE Fortaleza(CE),CE,5.75,2026-07-31
Cenoura,1Kg,Hortaliças,CEASA-PR Foz do Iguaçu(PR),PR,4.8,2026-07-31
Cenoura,1Kg,Hortaliças,CEASA-TO Palmas(TO),TO,5.5,2026-07-31
Cenoura,1Kg,Hortaliças,CEASA-ES Vitória(ES),ES,4.67,2026-07-31
Cenoura,1Kg,Hortaliças,CEASA-SP Campinas(SP),SP,3.75,2026-07-31
Cenoura,1Kg,Hortaliças,CEASAMINAS Belo Horizonte(MG),MG,3.25,2026-07-31
Cenoura,1Kg,Hortaliças,CEASA-RJ Rio de Janeiro(RJ),RJ,5.0,2026-07-31
Cenoura,1Kg,Hortaliças,CEASA-CE Tianguá(CE),CE,5.5,2026-07-31
Cenoura,1Kg,Hortaliças,CEASA-PR Curitiba(PR),PR,3.5,2026-07-31
Cenoura,1Kg,Hortaliças,CEASA-AL Maceió(AL),AL,6.0,2026-07-31
Cenoura,1Kg,Hortaliças,CEASA-RN Natal(RN),RN,4.35,2026-07-31
Cenoura,1Kg,Hortaliças,AMA-BA Juazeiro(BA),BA,4.5,2026-07-31
Cenoura,1Kg,Hortaliças,CEASA-MA São Luís(MA),MA,7.0,2026-07-31
Chuchu,1Kg,Hortaliças,CEAGESP Ribeirão Preto(SP),SP,2.25,2026-07-31
Chuchu,1Kg,Hortaliças,CEASA-MT Cuiabá(MT),MT,1.84,2026-07-31
Chuchu,1Kg,Hortaliças,CEASA-PE Recife(PE),PE,0.75,2026-07-31
Chuchu,1Kg,Hortaliças,CEASA-CE Fortaleza(CE),CE,3.2,2026-07-31
Chuchu,1Kg,Hortaliças,CEASA-PR Foz do Iguaçu(PR),PR,2.25,2026-07-31
Chuchu,1Kg,Hortaliças,CEASA-TO Palmas(TO),TO,4.25,2026-07-31
Chuchu,1Kg,Hortaliças,CEASA-ES Vitória(ES),ES,1.55,2026-07-31
Chuchu,1Kg,Hortaliças,CEASA-SP Campinas(SP),SP,2.0,2026-07-31
Chuchu,1Kg,Hortaliças,CEASAMINAS Belo Horizonte(MG),MG,1.05,2026-07-31
Chuchu,1Kg,Hortaliças,CEASA-RJ Rio de Janeiro(RJ),RJ,1.39,2026-07-31
Chuchu,1Kg,Hortaliças,CEASA-CE Tianguá(CE),CE,2.8,2026-07-31
Chuchu,1Kg,Hortaliças,CEASA-PR Curitiba(PR),PR,1.25,2026-07-31
Chuchu,1Kg,Hortaliças,CEASA-AL Maceió(AL),AL,2.0,2026-07-31
Chuchu,1Kg,Hortaliças,CEASA-RN Natal(RN),RN,3.0,2026-07-31
Chuchu,1Kg,Hortaliças,AMA-BA Juazeiro(BA),BA,3.38,2026-07-31
Chuchu,1Kg,Hortaliças,CEASA-MA São Luís(MA),MA,4.5,2026-07-31
Couve,1Kg,Hortaliças,CEAGESP Ribeirão Preto(SP),SP,7.2,2026-07-31
Couve,1Kg,Hortaliças,CEASA-MT Cuiabá(MT),MT,13.33,2026-07-31
Couve,1Kg,Hortaliças,CEASA-PE Recife(PE),PE,5.0,2026-07-31
Couve,1Kg,Hortaliças,CEASA-PR Foz do Iguaçu(PR),PR,3.0,2026-07-31
Couve,1Kg,Hortaliças,CEASA-ES Vitória(ES),ES,4.55,2026-07-31
Couve,1Kg,Hortaliças,CEASA-SP Campinas(SP),SP,6.25,2026-07-31
Couve,1Kg,Hortaliças,CEASAMINAS Belo Horizonte(MG),MG,11.76,2026-07-31
Couve,1Kg,Hortaliças,CEASA-RJ Rio de Janeiro(RJ),RJ,6.0,2026-07-31
Couve,1Kg,Hortaliças,CEASA-CE Tianguá(CE),CE,2.0,2026-07-31
Couve,1Kg,Hortaliças,CEASA-PR Curitiba(PR),PR,5.0,2026-07-31
Couve,1Kg,Hortaliças,CEASA-AL Maceió(AL),AL,5.0,2026-07-31
Couve,1Kg,Hortaliças,CEASA-RN Natal(RN),RN,18.0,2026-07-31
Couve,1Kg,Hortaliças,AMA-BA Juazeiro(BA),BA,5.0,2026-07-31
Couve,1Kg,Hortaliças,CEASA-MA São Luís(MA),MA,22.69,2026-07-31
Couve-Flor,1Un,Hortaliças,CEAGESP Ribeirão Preto(SP),SP,6.0,2026-07-31
Couve-Flor,1Un,Hortaliças,CEASA-MT Cuiabá(MT),MT,7.0,2026-07-31
Couve-Flor,1Un,Hortaliças,CEASA-PE Recife(PE),PE,6.0,2026-07-31
Couve-Flor,1Un,Hortaliças,CEASA-CE Fortaleza(CE),CE,2.5,2026-07-31
Couve-Flor,1Un,Hortaliças,CEASA-PR Foz do Iguaçu(PR),PR,6.0,2026-07-31
Couve-Flor,1Un,Hortaliças,CEASA-ES Vitória(ES),ES,2.9,2026-07-31
Couve-Flor,1Un,Hortaliças,CEASA-SP Campinas(SP),SP,6.4,2026-07-31
Couve-Flor,1Un,Hortaliças,CEASAMINAS Belo Horizonte(MG),MG,3.33,2026-07-31
Couve-Flor,1Un,Hortaliças,CEASA-RJ Rio de Janeiro(RJ),RJ,1.56,2026-07-31
Couve-Flor,1Un,Hortaliças,CEASA-CE Tianguá(CE),CE,3.0,2026-07-31
Couve-Flor,1Un,Hortaliças,CEASA-PR Curitiba(PR),PR,3.33,2026-07-31
Couve-Flor,1Un,Hortaliças,CEASA-AL Maceió(AL),AL,9.0,2026-07-31
Couve-Flor,1Un,Hortaliças,CEASA-RN Natal(RN),RN,7.98,2026-07-31
Couve-Flor,1Un,Hortaliças,CEASA-MA São Luís(MA),MA,8.95,2026-07-31
Pepino,1Kg,Hortaliças,CEAGESP Ribeirão Preto(SP),SP,4.91,2026-07-31
Pepino,1Kg,Hortaliças,CEASA-MT Cuiabá(MT),MT,3.08,2026-07-31
Pepino,1Kg,Hortaliças,CEASA-PE Recife(PE),PE,0.67,2026-07-31
Pepino,1Kg,Hortaliças,CEASA-CE Fortaleza(CE),CE,1.4,2026-07-31
Pepino,1Kg,Hortaliças,CEASA-PR Foz do Iguaçu(PR),PR,3.0,2026-07-31
Pepino,1Kg,Hortaliças,CEASA-TO Palmas(TO),TO,4.75,2026-07-31
Pepino,1Kg,Hortaliças,CEASA-ES Vitória(ES),ES,2.22,2026-07-31
Pepino,1Kg,Hortaliças,CEASA-SP Campinas(SP),SP,5.0,2026-07-31
Pepino,1Kg,Hortaliças,CEASAMINAS Belo Horizonte(MG),MG,2.36,2026-07-31
Pepino,1Kg,Hortaliças,CEASA-RJ Rio de Janeiro(RJ),RJ,2.35,2026-07-31
Pepino,1Kg,Hortaliças,CEASA-CE Tianguá(CE),CE,0.8,2026-07-31
Pepino,1Kg,Hortaliças,CEASA-PR Curitiba(PR),PR,3.0,2026-07-31
Pepino,1Kg,Hortaliças,CEASA-AL Maceió(AL),AL,2.5,2026-07-31
Pepino,1Kg,Hortaliças,CEASA-RN Natal(RN),RN,3.5,2026-07-31
Pepino,1Kg,Hortaliças,AMA-BA Juazeiro(BA),BA,3.25,2026-07-31
Pepino,1Kg,Hortaliças,CEASA-MA São Luís(MA),MA,2.98,2026-07-31
Pimentão Verde,1Kg,Hortaliças,CEAGESP Ribeirão Preto(SP),SP,6.0,2026-07-31
Pimentão Verde,1Kg,Hortaliças,CEASA-MT Cuiabá(MT),MT,6.84,2026-07-31
Pimentão Verde,1Kg,Hortaliças,CEASA-PE Recife(PE),PE,3.57,2026-07-31
Pimentão Verde,1Kg,Hortaliças,CEASA-CE Fortaleza(CE),CE,5.0,2026-07-31
Pimentão Verde,1Kg,Hortaliças,CEASA-PR Foz do Iguaçu(PR),PR,6.52,2026-07-31
Pimentão Verde,1Kg,Hortaliças,CEASA-TO Palmas(TO),TO,9.5,2026-07-31
Pimentão Verde,1Kg,Hortaliças,CEASA-ES Vitória(ES),ES,4.06,2026-07-31
Pimentão Verde,1Kg,Hortaliças,CEASA-SP Campinas(SP),SP,5.91,2026-07-31
Pimentão Verde,1Kg,Hortaliças,CEASAMINAS Belo Horizonte(MG),MG,5.0,2026-07-31
Pimentão Verde,1Kg,Hortaliças,CEASA-RJ Rio de Janeiro(RJ),RJ,4.0,2026-07-31
Pimentão Verde,1Kg,Hortaliças,CEASA-CE Tianguá(CE),CE,3.33,2026-07-31
Pimentão Verde,1Kg,Hortaliças,CEASA-PR Curitiba(PR),PR,5.83,2026-07-31
Pimentão Verde,1Kg,Hortaliças,CEASA-AL Maceió(AL),AL,3.6,2026-07-31
Pimentão Verde,1Kg,Hortaliças,CEASA-RN Natal(RN),RN,4.0,2026-07-31
Pimentão Verde,1Kg,Hortaliças,AMA-BA Juazeiro(BA),BA,2.29,2026-07-31
Pimentão Verde,1Kg,Hortaliças,CEASA-MA São Luís(MA),MA,7.86,2026-07-31
Quiabo,1Kg,Hortaliças,CEAGESP Ribeirão Preto(SP),SP,8.53,2026-07-31
Quiabo,1Kg,Hortaliças,CEASA-MT Cuiabá(MT),MT,5.45,2026-07-31
Quiabo,1Kg,Hortaliças,CEASA-PE Recife(PE),PE,10.0,2026-07-31
Quiabo,1Kg,Hortaliças,CEASA-CE Fortaleza(CE),CE,12.0,2026-07-31
Quiabo,1Kg,Hortaliças,CEASA-PR Foz do Iguaçu(PR),PR,10.0,2026-07-31
Quiabo,1Kg,Hortaliças,CEASA-ES Vitória(ES),ES,8.56,2026-07-31
Quiabo,1Kg,Hortaliças,CEASA-SP Campinas(SP),SP,6.29,2026-07-31
Quiabo,1Kg,Hortaliças,CEASAMINAS Belo Horizonte(MG),MG,5.83,2026-07-31
Quiabo,1Kg,Hortaliças,CEASA-RJ Rio de Janeiro(RJ),RJ,5.0,2026-07-31
Quiabo,1Kg,Hortaliças,CEASA-CE Tianguá(CE),CE,5.0,2026-07-31
Quiabo,1Kg,Hortaliças,CEASA-PR Curitiba(PR),PR,10.0,2026-07-31
Quiabo,1Kg,Hortaliças,CEASA-AL Maceió(AL),AL,5.0,2026-07-31
Quiabo,1Kg,Hortaliças,CEASA-RN Natal(RN),RN,8.0,2026-07-31
Quiabo,1Kg,Hortaliças,AMA-BA Juazeiro(BA),BA,6.5,2026-07-31
Quiabo,1Kg,Hortaliças,CEASA-MA São Luís(MA),MA,19.0,2026-07-31
Repolho,1Kg,Hortaliças,CEAGESP Ribeirão Preto(SP),SP,2.5,2026-07-31
Repolho,1Kg,Hortaliças,CEASA-MT Cuiabá(MT),MT,3.11,2026-07-31
Repolho,1Kg,Hortaliças,CEASA-PE Recife(PE),PE,1.48,2026-07-31
Repolho,1Kg,Hortaliças,CEASA-CE Fortaleza(CE),CE,6.5,2026-07-31
Repolho,1Kg,Hortaliças,CEASA-PR Foz do Iguaçu(PR),PR,2.5,2026-07-31
Repolho,1Kg,Hortaliças,CEASA-TO Palmas(TO),TO,4.75,2026-07-31
Repolho,1Kg,Hortaliças,CEASA-ES Vitória(ES),ES,1.83,2026-07-31
Repolho,1Kg,Hortaliças,CEASA-SP Campinas(SP),SP,2.75,2026-07-31
Repolho,1Kg,Hortaliças,CEASAMINAS Belo Horizonte(MG),MG,1.5,2026-07-31
Repolho,1Kg,Hortaliças,CEASA-RJ Rio de Janeiro(RJ),RJ,2.67,2026-07-31
Repolho,1Kg,Hortaliças,CEASA-CE Tianguá(CE),CE,7.5,2026-07-31
Repolho,1Kg,Hortaliças,CEASA-PR Curitiba(PR),PR,1.8,2026-07-31
Repolho,1Kg,Hortaliças,CEASA-AL Maceió(AL),AL,2.0,2026-07-31
Repolho,1Kg,Hortaliças,CEASA-RN Natal(RN),RN,3.5,2026-07-31
Repolho,1Kg,Hortaliças,AMA-BA Juazeiro(BA),BA,4.5,2026-07-31
Repolho,1Kg,Hortaliças,CEASA-MA São Luís(MA),MA,8.35,2026-07-31
Tomate,1Kg,Hortaliças,CEAGESP Ribeirão Preto(SP),SP,3.5,2026-07-31
Tomate,1Kg,Hortaliças,CEASA-MT Cuiabá(MT),MT,4.47,2026-07-31
Tomate,1Kg,Hortaliças,CEASA-PE Recife(PE),PE,1.92,2026-07-31
Tomate,1Kg,Hortaliças,CEASA-CE Fortaleza(CE),CE,3.4,2026-07-31
Tomate,1Kg,Hortaliças,CEASA-PR Foz do Iguaçu(PR),PR,4.0,2026-07-31
Tomate,1Kg,Hortaliças,CEASA-TO Palmas(TO),TO,4.75,2026-07-31
Tomate,1Kg,Hortaliças,CEASA-ES Vitória(ES),ES,3.22,2026-07-31
Tomate,1Kg,Hortaliças,CEASA-SP Campinas(SP),SP,4.25,2026-07-31
Tomate,1Kg,Hortaliças,CEASAMINAS Belo Horizonte(MG),MG,3.25,2026-07-31
Tomate,1Kg,Hortaliças,CEASA-RJ Rio de Janeiro(RJ),RJ,3.89,2026-07-31
Tomate,1Kg,Hortaliças,CEASA-CE Tianguá(CE),CE,2.4,2026-07-31
Tomate,1Kg,Hortaliças,CEASA-PR Curitiba(PR),PR,4.0,2026-07-31
Tomate,1Kg,Hortaliças,CEASA-AL Maceió(AL),AL,2.35,2026-07-31
Tomate,1Kg,Hortaliças,CEASA-RN Natal(RN),RN,2.33,2026-07-31
Tomate,1Kg,Hortaliças,AMA-BA Juazeiro(BA),BA,1.63,2026-07-31
Tomate,1Kg,Hortaliças,CEASA-MA São Luís(MA),MA,5.08,2026-07-31
Vagem,1Kg,Hortaliças,CEAGESP Ribeirão Preto(SP),SP,8.33,2026-07-31
Vagem,1Kg,Hortaliças,CEASA-MT Cuiabá(MT),MT,10.91,2026-07-31
Vagem,1Kg,Hortaliças,CEASA-PE Recife(PE),PE,8.0,2026-07-31
Vagem,1Kg,Hortaliças,CEASA-CE Fortaleza(CE),CE,7.0,2026-07-31
Vagem,1Kg,Hortaliças,CEASA-PR Foz do Iguaçu(PR),PR,7.33,2026-07-31
Vagem,1Kg,Hortaliças,CEASA-ES Vitória(ES),ES,7.16,2026-07-31
Vagem,1Kg,Hortaliças,CEASA-SP Campinas(SP),SP,9.23,2026-07-31
Vagem,1Kg,Hortaliças,CEASAMINAS Belo Horizonte(MG),MG,3.07,2026-07-31
Vagem,1Kg,Hortaliças,CEASA-RJ Rio de Janeiro(RJ),RJ,10.0,2026-07-31
Vagem,1Kg,Hortaliças,CEASA-CE Tianguá(CE),CE,5.0,2026-07-31
Vagem,1Kg,Hortaliças,CEASA-PR Curitiba(PR),PR,6.67,2026-07-31
Vagem,1Kg,Hortaliças,CEASA-AL Maceió(AL),AL,6.0,2026-07-31
Vagem,1Kg,Hortaliças,CEASA-RN Natal(RN),RN,10.0,2026-07-31
Vagem,1Kg,Hortaliças,AMA-BA Juazeiro(BA),BA,9.0,2026-07-31
Vagem,1Kg,Hortaliças,CEASA-MA São Luís(MA),MA,11.5,2026-07-31
Abóbora,1Kg,Hortaliças,CEAGESP Ribeirão Preto(SP),SP,2.9,2026-07-30
Abóbora,1Kg,Hortaliças,CEASA-MT Cuiabá(MT),MT,2.63,2026-07-30
Abóbora,1Kg,Hortaliças,CEASA-PE Recife(PE),PE,2.8,2026-07-30
Abóbora,1Kg,Hortaliças,CEASA-CE Fortaleza(CE),CE,3.15,2026-07-30
Abóbora,1Kg,Hortaliças,CEASA-PR Foz do Iguaçu(PR),PR,3.5,2026-07-30
Abóbora,1Kg,Hortaliças,CEASA-ES Vitória(ES),ES,2.35,2026-07-30
Abóbora,1Kg,Hortaliças,CEASA-MA São Luís(MA),MA,3.06,2026-07-30
Abóbora,1Kg,Hortaliças,CEASA-RJ Rio de Janeiro(RJ),RJ,2.5,2026-07-30
Abóbora,1Kg,Hortaliças,CEASA-PR Curitiba(PR),PR,3.0,2026-07-30
Abóbora,1Kg,Hortaliças,CEASA-AL Maceió(AL),AL,2.0,2026-07-30
Abóbora,1Kg,Hortaliças,AMA-BA Juazeiro(BA),BA,2.0,2026-07-30
Abobrinha,1Kg,Hortaliças,CEAGESP Ribeirão Preto(SP),SP,3.68,2026-07-30
Abobrinha,1Kg,Hortaliças,CEASA-MT Cuiabá(MT),MT,3.53,2026-07-30
Abobrinha,1Kg,Hortaliças,CEASA-PE Recife(PE),PE,2.5,2026-07-30
Abobrinha,1Kg,Hortaliças,CEASA-CE Fortaleza(CE),CE,4.0,2026-07-30
Abobrinha,1Kg,Hortaliças,CEASA-PR Foz do Iguaçu(PR),PR,3.0,2026-07-30
Abobrinha,1Kg,Hortaliças,CEASA-ES Vitória(ES),ES,2.91,2026-07-30
Abobrinha,1Kg,Hortaliças,CEASA-MA São Luís(MA),MA,3.15,2026-07-30
Abobrinha,1Kg,Hortaliças,CEASA-RJ Rio de Janeiro(RJ),RJ,2.81,2026-07-30
Abobrinha,1Kg,Hortaliças,CEASA-PR Curitiba(PR),PR,2.25,2026-07-30
Abobrinha,1Kg,Hortaliças,CEASA-AL Maceió(AL),AL,3.0,2026-07-30
Abobrinha,1Kg,Hortaliças,AMA-BA Juazeiro(BA),BA,3.19,2026-07-30
Alface,1Dz,Hortaliças,CEAGESP Ribeirão Preto(SP),SP,26.8,2026-07-30
Alface,1Dz,Hortaliças,CEASA-MT Cuiabá(MT),MT,30.0,2026-07-30
Alface,1Dz,Hortaliças,CEASA-PE Recife(PE),PE,9.6,2026-07-30
Alface,1Dz,Hortaliças,CEASA-CE Fortaleza(CE),CE,36.0,2026-07-30
Alface,1Dz,Hortaliças,CEASA-PR Foz do Iguaçu(PR),PR,19.5,2026-07-30
Alface,1Dz,Hortaliças,CEASA-ES Vitória(ES),ES,14.67,2026-07-30
Alface,1Dz,Hortaliças,CEASA-MA São Luís(MA),MA,15.49,2026-07-30
Alface,1Dz,Hortaliças,CEASA-RJ Rio de Janeiro(RJ),RJ,20.0,2026-07-30
Alface,1Dz,Hortaliças,CEASA-PR Curitiba(PR),PR,25.0,2026-07-30
Alface,1Dz,Hortaliças,CEASA-AL Maceió(AL),AL,18.0,2026-07-30
Alface,1Dz,Hortaliças,AMA-BA Juazeiro(BA),BA,8.0,2026-07-30
Berinjela,1Kg,Hortaliças,CEAGESP Ribeirão Preto(SP),SP,4.44,2026-07-30
Berinjela,1Kg,Hortaliças,CEASA-MT Cuiabá(MT),MT,2.73,2026-07-30
Berinjela,1Kg,Hortaliças,CEASA-PE Recife(PE),PE,3.0,2026-07-30
Berinjela,1Kg,Hortaliças,CEASA-CE Fortaleza(CE),CE,2.7,2026-07-30
Berinjela,1Kg,Hortaliças,CEASA-PR Foz do Iguaçu(PR),PR,5.14,2026-07-30
Berinjela,1Kg,Hortaliças,CEASA-ES Vitória(ES),ES,2.9,2026-07-30
Berinjela,1Kg,Hortaliças,CEASA-MA São Luís(MA),MA,4.85,2026-07-30
Berinjela,1Kg,Hortaliças,CEASA-RJ Rio de Janeiro(RJ),RJ,5.0,2026-07-30
Berinjela,1Kg,Hortaliças,CEASA-PR Curitiba(PR),PR,4.17,2026-07-30
Berinjela,1Kg,Hortaliças,CEASA-AL Maceió(AL),AL,3.0,2026-07-30
Berinjela,1Kg,Hortaliças,AMA-BA Juazeiro(BA),BA,3.93,2026-07-30
Beterraba,1Kg,Hortaliças,CEAGESP Ribeirão Preto(SP),SP,2.5,2026-07-30
Beterraba,1Kg,Hortaliças,CEASA-MT Cuiabá(MT),MT,3.42,2026-07-30
Beterraba,1Kg,Hortaliças,CEASA-PE Recife(PE),PE,3.0,2026-07-30
Beterraba,1Kg,Hortaliças,CEASA-CE Fortaleza(CE),CE,3.75,2026-07-30
Beterraba,1Kg,Hortaliças,CEASA-PR Foz do Iguaçu(PR),PR,3.25,2026-07-30
Beterraba,1Kg,Hortaliças,CEASA-ES Vitória(ES),ES,2.96,2026-07-30
Beterraba,1Kg,Hortaliças,CEASA-MA São Luís(MA),MA,5.63,2026-07-30
Beterraba,1Kg,Hortaliças,CEASA-RJ Rio de Janeiro(RJ),RJ,2.75,2026-07-30
Beterraba,1Kg,Hortaliças,CEASA-PR Curitiba(PR),PR,2.25,2026-07-30
Beterraba,1Kg,Hortaliças,CEASA-AL Maceió(AL),AL,3.5,2026-07-30
Beterraba,1Kg,Hortaliças,AMA-BA Juazeiro(BA),BA,2.25,2026-07-30
Brócolis,1Kg,Hortaliças,CEAGESP Ribeirão Preto(SP),SP,3.33,2026-07-30
Brócolis,1Kg,Hortaliças,CEASA-MT Cuiabá(MT),MT,21.82,2026-07-30
Brócolis,1Kg,Hortaliças,CEASA-PE Recife(PE),PE,8.57,2026-07-30
Brócolis,1Kg,Hortaliças,CEASA-CE Fortaleza(CE),CE,20.0,2026-07-30
Brócolis,1Kg,Hortaliças,CEASA-PR Foz do Iguaçu(PR),PR,5.0,2026-07-30
Brócolis,1Kg,Hortaliças,CEASA-ES Vitória(ES),ES,5.26,2026-07-30
Brócolis,1Kg,Hortaliças,CEASA-MA São Luís(MA),MA,21.5,2026-07-30
Brócolis,1Kg,Hortaliças,CEASA-RJ Rio de Janeiro(RJ),RJ,3.75,2026-07-30
Brócolis,1Kg,Hortaliças,CEASA-PR Curitiba(PR),PR,5.83,2026-07-30
Brócolis,1Kg,Hortaliças,CEASA-AL Maceió(AL),AL,27.0,2026-07-30
Cenoura,1Kg,Hortaliças,CEAGESP Ribeirão Preto(SP),SP,5.75,2026-07-30
Cenoura,1Kg,Hortaliças,CEASA-MT Cuiabá(MT),MT,4.62,2026-07-30
Cenoura,1Kg,Hortaliças,CEASA-PE Recife(PE),PE,4.5,2026-07-30
Cenoura,1Kg,Hortaliças,CEASA-CE Fortaleza(CE),CE,5.6,2026-07-30
Cenoura,1Kg,Hortaliças,CEASA-PR Foz do Iguaçu(PR),PR,4.8,2026-07-30
Cenoura,1Kg,Hortaliças,CEASA-ES Vitória(ES),ES,4.33,2026-07-30
Cenoura,1Kg,Hortaliças,CEASA-MA São Luís(MA),MA,7.0,2026-07-30
Cenoura,1Kg,Hortaliças,CEASA-RJ Rio de Janeiro(RJ),RJ,5.0,2026-07-30
Cenoura,1Kg,Hortaliças,CEASA-PR Curitiba(PR),PR,3.5,2026-07-30
Cenoura,1Kg,Hortaliças,CEASA-AL Maceió(AL),AL,6.0,2026-07-30
Cenoura,1Kg,Hortaliças,AMA-BA Juazeiro(BA),BA,4.5,2026-07-30
Chuchu,1Kg,Hortaliças,CEAGESP Ribeirão Preto(SP),SP,4.5,2026-07-30
Chuchu,1Kg,Hortaliças,CEASA-MT Cuiabá(MT),MT,1.84,2026-07-30
Chuchu,1Kg,Hortaliças,CEASA-PE Recife(PE),PE,1.0,2026-07-30
Chuchu,1Kg,Hortaliças,CEASA-CE Fortaleza(CE),CE,2.95,2026-07-30
Chuchu,1Kg,Hortaliças,CEASA-PR Foz do Iguaçu(PR),PR,2.25,2026-07-30
Chuchu,1Kg,Hortaliças,CEASA-ES Vitória(ES),ES,1.57,2026-07-30
Chuchu,1Kg,Hortaliças,CEASA-MA São Luís(MA),MA,3.5,2026-07-30
Chuchu,1Kg,Hortaliças,CEASA-RJ Rio de Janeiro(RJ),RJ,1.39,2026-07-30
Chuchu,1Kg,Hortaliças,CEASA-PR Curitiba(PR),PR,1.25,2026-07-30
Chuchu,1Kg,Hortaliças,CEASA-AL Maceió(AL),AL,2.0,2026-07-30
Chuchu,1Kg,Hortaliças,AMA-BA Juazeiro(BA),BA,3.38,2026-07-30
Couve,1Kg,Hortaliças,CEAGESP Ribeirão Preto(SP),SP,6.0,2026-07-30
Couve,1Kg,Hortaliças,CEASA-MT Cuiabá(MT),MT,13.33,2026-07-30
Couve,1Kg,Hortaliças,CEASA-PE Recife(PE),PE,5.0,2026-07-30
Couve,1Kg,Hortaliças,CEASA-PR Foz do Iguaçu(PR),PR,3.0,2026-07-30
Couve,1Kg,Hortaliças,CEASA-ES Vitória(ES),ES,4.55,2026-07-30
Couve,1Kg,Hortaliças,CEASA-MA São Luís(MA),MA,22.69,2026-07-30
Couve,1Kg,Hortaliças,CEASA-RJ Rio de Janeiro(RJ),RJ,6.0,2026-07-30
Couve,1Kg,Hortaliças,CEASA-PR Curitiba(PR),PR,5.0,2026-07-30
Couve,1Kg,Hortaliças,CEASA-AL Maceió(AL),AL,5.0,2026-07-30
Couve,1Kg,Hortaliças,AMA-BA Juazeiro(BA),BA,5.0,2026-07-30
Couve-Flor,1Un,Hortaliças,CEAGESP Ribeirão Preto(SP),SP,6.88,2026-07-30
Couve-Flor,1Un,Hortaliças,CEASA-MT Cuiabá(MT),MT,7.0,2026-07-30
Couve-Flor,1Un,Hortaliças,CEASA-PE Recife(PE),PE,6.0,2026-07-30
Couve-Flor,1Un,Hortaliças,CEASA-CE Fortaleza(CE),CE,2.5,2026-07-30
Couve-Flor,1Un,Hortaliças,CEASA-PR Foz do Iguaçu(PR),PR,6.0,2026-07-30
Couve-Flor,1Un,Hortaliças,CEASA-ES Vitória(ES),ES,3.7,2026-07-30
Couve-Flor,1Un,Hortaliças,CEASA-MA São Luís(MA),MA,8.95,2026-07-30
Couve-Flor,1Un,Hortaliças,CEASA-RJ Rio de Janeiro(RJ),RJ,1.56,2026-07-30
Couve-Flor,1Un,Hortaliças,CEASA-PR Curitiba(PR),PR,3.33,2026-07-30
Couve-Flor,1Un,Hortaliças,CEASA-AL Maceió(AL),AL,9.0,2026-07-30
Pepino,1Kg,Hortaliças,CEAGESP Ribeirão Preto(SP),SP,5.73,2026-07-30
Pepino,1Kg,Hortaliças,CEASA-MT Cuiabá(MT),MT,3.08,2026-07-30
Pepino,1Kg,Hortaliças,CEASA-PE Recife(PE),PE,0.67,2026-07-30
Pepino,1Kg,Hortaliças,CEASA-CE Fortaleza(CE),CE,1.4,2026-07-30
Pepino,1Kg,Hortaliças,CEASA-PR Foz do Iguaçu(PR),PR,3.0,2026-07-30
Pepino,1Kg,Hortaliças,CEASA-ES Vitória(ES),ES,2.45,2026-07-30
Pepino,1Kg,Hortaliças,CEASA-MA São Luís(MA),MA,2.7,2026-07-30
Pepino,1Kg,Hortaliças,CEASA-RJ Rio de Janeiro(RJ),RJ,2.35,2026-07-30
Pepino,1Kg,Hortaliças,CEASA-PR Curitiba(PR),PR,3.0,2026-07-30
Pepino,1Kg,Hortaliças,CEASA-AL Maceió(AL),AL,2.5,2026-07-30
Pepino,1Kg,Hortaliças,AMA-BA Juazeiro(BA),BA,3.25,2026-07-30
Pimentão Verde,1Kg,Hortaliças,CEAGESP Ribeirão Preto(SP),SP,6.0,2026-07-30
Pimentão Verde,1Kg,Hortaliças,CEASA-MT Cuiabá(MT),MT,6.84,2026-07-30
Pimentão Verde,1Kg,Hortaliças,CEASA-PE Recife(PE),PE,3.57,2026-07-30
Pimentão Verde,1Kg,Hortaliças,CEASA-CE Fortaleza(CE),CE,5.0,2026-07-30
Pimentão Verde,1Kg,Hortaliças,CEASA-PR Foz do Iguaçu(PR),PR,6.52,2026-07-30
Pimentão Verde,1Kg,Hortaliças,CEASA-ES Vitória(ES),ES,4.26,2026-07-30
Pimentão Verde,1Kg,Hortaliças,CEASA-MA São Luís(MA),MA,8.91,2026-07-30
Pimentão Verde,1Kg,Hortaliças,CEASA-RJ Rio de Janeiro(RJ),RJ,4.0,2026-07-30
Pimentão Verde,1Kg,Hortaliças,CEASA-PR Curitiba(PR),PR,5.83,2026-07-30
Pimentão Verde,1Kg,Hortaliças,CEASA-AL Maceió(AL),AL,3.6,2026-07-30
Pimentão Verde,1Kg,Hortaliças,AMA-BA Juazeiro(BA),BA,2.29,2026-07-30
Quiabo,1Kg,Hortaliças,CEAGESP Ribeirão Preto(SP),SP,11.56,2026-07-30
Quiabo,1Kg,Hortaliças,CEASA-MT Cuiabá(MT),MT,5.45,2026-07-30
Quiabo,1Kg,Hortaliças,CEASA-PE Recife(PE),PE,12.0,2026-07-30
Quiabo,1Kg,Hortaliças,CEASA-CE Fortaleza(CE),CE,12.0,2026-07-30
Quiabo,1Kg,Hortaliças,CEASA-PR Foz do Iguaçu(PR),PR,10.0,2026-07-30
Quiabo,1Kg,Hortaliças,CEASA-ES Vitória(ES),ES,7.27,2026-07-30
Quiabo,1Kg,Hortaliças,CEASA-MA São Luís(MA),MA,20.7,2026-07-30
Quiabo,1Kg,Hortaliças,CEASA-RJ Rio de Janeiro(RJ),RJ,5.0,2026-07-30
Quiabo,1Kg,Hortaliças,CEASA-PR Curitiba(PR),PR,10.0,2026-07-30
Quiabo,1Kg,Hortaliças,CEASA-AL Maceió(AL),AL,5.0,2026-07-30
Quiabo,1Kg,Hortaliças,AMA-BA Juazeiro(BA),BA,6.5,2026-07-30
Repolho,1Kg,Hortaliças,CEAGESP Ribeirão Preto(SP),SP,3.0,2026-07-30
Repolho,1Kg,Hortaliças,CEASA-MT Cuiabá(MT),MT,3.11,2026-07-30
Repolho,1Kg,Hortaliças,CEASA-PE Recife(PE),PE,1.48,2026-07-30
Repolho,1Kg,Hortaliças,CEASA-CE Fortaleza(CE),CE,6.5,2026-07-30
Repolho,1Kg,Hortaliças,CEASA-PR Foz do Iguaçu(PR),PR,2.5,2026-07-30
Repolho,1Kg,Hortaliças,CEASA-ES Vitória(ES),ES,2.0,2026-07-30
Repolho,1Kg,Hortaliças,CEASA-MA São Luís(MA),MA,7.35,2026-07-30
Repolho,1Kg,Hortaliças,CEASA-RJ Rio de Janeiro(RJ),RJ,2.67,2026-07-30
Repolho,1Kg,Hortaliças,CEASA-PR Curitiba(PR),PR,1.8,2026-07-30
Repolho,1Kg,Hortaliças,CEASA-AL Maceió(AL),AL,2.0,2026-07-30
Repolho,1Kg,Hortaliças,AMA-BA Juazeiro(BA),BA,4.5,2026-07-30
Tomate,1Kg,Hortaliças,CEAGESP Ribeirão Preto(SP),SP,6.5,2026-07-30
Tomate,1Kg,Hortaliças,CEASA-MT Cuiabá(MT),MT,4.47,2026-07-30
Tomate,1Kg,Hortaliças,CEASA-PE Recife(PE),PE,1.92,2026-07-30
Tomate,1Kg,Hortaliças,CEASA-CE Fortaleza(CE),CE,3.2,2026-07-30
Tomate,1Kg,Hortaliças,CEASA-PR Foz do Iguaçu(PR),PR,4.0,2026-07-30
Tomate,1Kg,Hortaliças,CEASA-ES Vitória(ES),ES,3.17,2026-07-30
Tomate,1Kg,Hortaliças,CEASA-MA São Luís(MA),MA,4.83,2026-07-30
Tomate,1Kg,Hortaliças,CEASA-RJ Rio de Janeiro(RJ),RJ,3.89,2026-07-30
Tomate,1Kg,Hortaliças,CEASA-PR Curitiba(PR),PR,3.75,2026-07-30
Tomate,1Kg,Hortaliças,CEASA-AL Maceió(AL),AL,2.35,2026-07-30
Tomate,1Kg,Hortaliças,AMA-BA Juazeiro(BA),BA,1.63,2026-07-30
Vagem,1Kg,Hortaliças,CEAGESP Ribeirão Preto(SP),SP,11.67,2026-07-30
Vagem,1Kg,Hortaliças,CEASA-MT Cuiabá(MT),MT,10.91,2026-07-30
Vagem,1Kg,Hortaliças,CEASA-PE Recife(PE),PE,8.0,2026-07-30
Vagem,1Kg,Hortaliças,CEASA-CE Fortaleza(CE),CE,6.0,2026-07-30
Vagem,1Kg,Hortaliças,CEASA-PR Foz do Iguaçu(PR),PR,7.33,2026-07-30
Vagem,1Kg,Hortaliças,CEASA-ES Vitória(ES),ES,5.45,2026-07-30
Vagem,1Kg,Hortaliças,CEASA-MA São Luís(MA),MA,11.61,2026-07-30
Vagem,1Kg,Hortaliças,CEASA-RJ Rio de Janeiro(RJ),RJ,10.0,2026-07-30
Vagem,1Kg,Hortaliças,CEASA-PR Curitiba(PR),PR,6.67,2026-07-30
Vagem,1Kg,Hortaliças,CEASA-AL Maceió(AL),AL,6.0,2026-07-30
Vagem,1Kg,Hortaliças,AMA-BA Juazeiro(BA),BA,9.0,2026-07-30
Abóbora,1Kg,Hortaliças,CEAGESP Ribeirão Preto(SP),SP,2.9,2026-07-29
Abóbora,1Kg,Hortaliças,CEASA-MT Cuiabá(MT),MT,2.63,2026-07-29
Abóbora,1Kg,Hortaliças,CEASA-PE Recife(PE),PE,2.8,2026-07-29
Abóbora,1Kg,Hortaliças,CEASA-RS Caxias do Sul(RS),RS,2.5,2026-07-29
Abóbora,1Kg,Hortaliças,CEASA-PR Foz do Iguaçu(PR),PR,3.5,2026-07-29
Abóbora,1Kg,Hortaliças,CEASA-ES Vitória(ES),ES,2.35,2026-07-29
Abóbora,1Kg,Hortaliças,CEASA-RN Natal(RN),RN,2.15,2026-07-29
Abóbora,1Kg,Hortaliças,CEASA-BA Salvador(BA),BA,3.0,2026-07-29
Abóbora,1Kg,Hortaliças,CEASAMINAS Belo Horizonte(MG),MG,1.75,2026-07-29
Abóbora,1Kg,Hortaliças,CEASA-RJ Rio de Janeiro(RJ),RJ,2.5,2026-07-29
Abóbora,1Kg,Hortaliças,CEASA-CE Fortaleza(CE),CE,2.85,2026-07-29
Abóbora,1Kg,Hortaliças,CEASA-PR Curitiba(PR),PR,3.0,2026-07-29
Abóbora,1Kg,Hortaliças,CEASA-AL Maceió(AL),AL,2.0,2026-07-29
Abóbora,1Kg,Hortaliças,AMA-BA Juazeiro(BA),BA,2.0,2026-07-29
Abóbora,1Kg,Hortaliças,CEASA-SP Campinas(SP),SP,2.0,2026-07-29
Abóbora,1Kg,Hortaliças,CEAGESP São Paulo(SP),SP,3.17,2026-07-29
Abobrinha,1Kg,Hortaliças,CEAGESP Ribeirão Preto(SP),SP,3.68,2026-07-29
Abobrinha,1Kg,Hortaliças,CEASA-MT Cuiabá(MT),MT,3.53,2026-07-29
Abobrinha,1Kg,Hortaliças,CEASA-PE Recife(PE),PE,2.5,2026-07-29
Abobrinha,1Kg,Hortaliças,CEASA-RS Caxias do Sul(RS),RS,3.13,2026-07-29
Abobrinha,1Kg,Hortaliças,CEASA-PR Foz do Iguaçu(PR),PR,2.75,2026-07-29
Abobrinha,1Kg,Hortaliças,CEASA-ES Vitória(ES),ES,2.81,2026-07-29
Abobrinha,1Kg,Hortaliças,CEASA-RN Natal(RN),RN,3.0,2026-07-29
Abobrinha,1Kg,Hortaliças,CEASA-BA Salvador(BA),BA,2.1,2026-07-29
Abobrinha,1Kg,Hortaliças,CEASAMINAS Belo Horizonte(MG),MG,2.22,2026-07-29
Abobrinha,1Kg,Hortaliças,CEASA-RJ Rio de Janeiro(RJ),RJ,2.81,2026-07-29
Abobrinha,1Kg,Hortaliças,CEASA-CE Fortaleza(CE),CE,3.6,2026-07-29
Abobrinha,1Kg,Hortaliças,CEASA-PR Curitiba(PR),PR,2.0,2026-07-29
Abobrinha,1Kg,Hortaliças,CEASA-AL Maceió(AL),AL,3.0,2026-07-29
Abobrinha,1Kg,Hortaliças,AMA-BA Juazeiro(BA),BA,3.19,2026-07-29
Abobrinha,1Kg,Hortaliças,CEASA-SP Campinas(SP),SP,3.89,2026-07-29
Abobrinha,1Kg,Hortaliças,CEAGESP São Paulo(SP),SP,2.14,2026-07-29
Alface,1Dz,Hortaliças,CEAGESP Ribeirão Preto(SP),SP,26.8,2026-07-29
Alface,1Dz,Hortaliças,CEASA-MT Cuiabá(MT),MT,30.0,2026-07-29
Alface,1Dz,Hortaliças,CEASA-PE Recife(PE),PE,12.0,2026-07-29
Alface,1Dz,Hortaliças,CEASA-RS Caxias do Sul(RS),RS,25.0,2026-07-29
Alface,1Dz,Hortaliças,CEASA-PR Foz do Iguaçu(PR),PR,19.5,2026-07-29
Alface,1Dz,Hortaliças,CEASA-ES Vitória(ES),ES,14.67,2026-07-29
Alface,1Dz,Hortaliças,CEASA-RN Natal(RN),RN,20.4,2026-07-29
Alface,1Dz,Hortaliças,CEASAMINAS Belo Horizonte(MG),MG,30.0,2026-07-29
Alface,1Dz,Hortaliças,CEASA-RJ Rio de Janeiro(RJ),RJ,20.0,2026-07-29
Alface,1Dz,Hortaliças,CEASA-CE Fortaleza(CE),CE,30.0,2026-07-29
Alface,1Dz,Hortaliças,CEASA-PR Curitiba(PR),PR,30.0,2026-07-29
Alface,1Dz,Hortaliças,CEASA-AL Maceió(AL),AL,18.0,2026-07-29
Alface,1Dz,Hortaliças,AMA-BA Juazeiro(BA),BA,8.0,2026-07-29
Alface,1Dz,Hortaliças,CEASA-SP Campinas(SP),SP,30.0,2026-07-29
Alface,1Dz,Hortaliças,CEAGESP São Paulo(SP),SP,20.36,2026-07-29
Berinjela,1Kg,Hortaliças,CEAGESP Ribeirão Preto(SP),SP,4.44,2026-07-29
Berinjela,1Kg,Hortaliças,CEASA-MT Cuiabá(MT),MT,2.73,2026-07-29
Berinjela,1Kg,Hortaliças,CEASA-PE Recife(PE),PE,3.0,2026-07-29
Berinjela,1Kg,Hortaliças,CEASA-RS Caxias do Sul(RS),RS,7.33,2026-07-29
Berinjela,1Kg,Hortaliças,CEASA-PR Foz do Iguaçu(PR),PR,7.08,2026-07-29
Berinjela,1Kg,Hortaliças,CEASA-ES Vitória(ES),ES,3.0,2026-07-29
Berinjela,1Kg,Hortaliças,CEASA-RN Natal(RN),RN,4.4,2026-07-29
Berinjela,1Kg,Hortaliças,CEASA-BA Salvador(BA),BA,4.09,2026-07-29
Berinjela,1Kg,Hortaliças,CEASAMINAS Belo Horizonte(MG),MG,4.16,2026-07-29
Berinjela,1Kg,Hortaliças,CEASA-RJ Rio de Janeiro(RJ),RJ,5.0,2026-07-29
Berinjela,1Kg,Hortaliças,CEASA-CE Fortaleza(CE),CE,3.0,2026-07-29
Berinjela,1Kg,Hortaliças,CEASA-PR Curitiba(PR),PR,4.17,2026-07-29
Berinjela,1Kg,Hortaliças,CEASA-AL Maceió(AL),AL,3.0,2026-07-29
Berinjela,1Kg,Hortaliças,AMA-BA Juazeiro(BA),BA,4.29,2026-07-29
Berinjela,1Kg,Hortaliças,CEASA-SP Campinas(SP),SP,6.82,2026-07-29
Berinjela,1Kg,Hortaliças,CEAGESP São Paulo(SP),SP,3.59,2026-07-29
Beterraba,1Kg,Hortaliças,CEAGESP Ribeirão Preto(SP),SP,2.5,2026-07-29
Beterraba,1Kg,Hortaliças,CEASA-MT Cuiabá(MT),MT,3.42,2026-07-29
Beterraba,1Kg,Hortaliças,CEASA-PE Recife(PE),PE,3.0,2026-07-29
Beterraba,1Kg,Hortaliças,CEASA-RS Caxias do Sul(RS),RS,2.68,2026-07-29
Beterraba,1Kg,Hortaliças,CEASA-PR Foz do Iguaçu(PR),PR,3.25,2026-07-29
Beterraba,1Kg,Hortaliças,CEASA-ES Vitória(ES),ES,2.85,2026-07-29
Beterraba,1Kg,Hortaliças,CEASA-RN Natal(RN),RN,2.75,2026-07-29
Beterraba,1Kg,Hortaliças,CEASA-BA Salvador(BA),BA,2.5,2026-07-29
Beterraba,1Kg,Hortaliças,CEASAMINAS Belo Horizonte(MG),MG,3.42,2026-07-29
Beterraba,1Kg,Hortaliças,CEASA-RJ Rio de Janeiro(RJ),RJ,2.75,2026-07-29
Beterraba,1Kg,Hortaliças,CEASA-CE Fortaleza(CE),CE,3.75,2026-07-29
Beterraba,1Kg,Hortaliças,CEASA-PR Curitiba(PR),PR,2.25,2026-07-29
Beterraba,1Kg,Hortaliças,CEASA-AL Maceió(AL),AL,3.5,2026-07-29
Beterraba,1Kg,Hortaliças,AMA-BA Juazeiro(BA),BA,2.25,2026-07-29
Beterraba,1Kg,Hortaliças,CEASA-SP Campinas(SP),SP,2.5,2026-07-29
Beterraba,1Kg,Hortaliças,CEAGESP São Paulo(SP),SP,1.87,2026-07-29
Brócolis,1Kg,Hortaliças,CEAGESP Ribeirão Preto(SP),SP,3.33,2026-07-29
Brócolis,1Kg,Hortaliças,CEASA-MT Cuiabá(MT),MT,21.82,2026-07-29
Brócolis,1Kg,Hortaliças,CEASA-PE Recife(PE),PE,8.57,2026-07-29
Brócolis,1Kg,Hortaliças,CEASA-RS Caxias do Sul(RS),RS,3.33,2026-07-29
Brócolis,1Kg,Hortaliças,CEASA-PR Foz do Iguaçu(PR),PR,6.0,2026-07-29
Brócolis,1Kg,Hortaliças,CEASA-ES Vitória(ES),ES,5.26,2026-07-29
Brócolis,1Kg,Hortaliças,CEASA-RN Natal(RN),RN,24.0,2026-07-29
Brócolis,1Kg,Hortaliças,CEASA-BA Salvador(BA),BA,10.0,2026-07-29
Brócolis,1Kg,Hortaliças,CEASAMINAS Belo Horizonte(MG),MG,7.5,2026-07-29
Brócolis,1Kg,Hortaliças,CEASA-RJ Rio de Janeiro(RJ),RJ,5.0,2026-07-29
Brócolis,1Kg,Hortaliças,CEASA-CE Fortaleza(CE),CE,18.0,2026-07-29
Brócolis,1Kg,Hortaliças,CEASA-PR Curitiba(PR),PR,5.83,2026-07-29
Brócolis,1Kg,Hortaliças,CEASA-AL Maceió(AL),AL,27.0,2026-07-29
Brócolis,1Kg,Hortaliças,CEASA-SP Campinas(SP),SP,5.36,2026-07-29
Brócolis,1Kg,Hortaliças,CEAGESP São Paulo(SP),SP,2.93,2026-07-29
Cenoura,1Kg,Hortaliças,CEAGESP Ribeirão Preto(SP),SP,5.75,2026-07-29
Cenoura,1Kg,Hortaliças,CEASA-MT Cuiabá(MT),MT,4.62,2026-07-29
Cenoura,1Kg,Hortaliças,CEASA-PE Recife(PE),PE,4.5,2026-07-29
Cenoura,1Kg,Hortaliças,CEASA-RS Caxias do Sul(RS),RS,3.92,2026-07-29
Cenoura,1Kg,Hortaliças,CEASA-PR Foz do Iguaçu(PR),PR,4.8,2026-07-29
Cenoura,1Kg,Hortaliças,CEASA-ES Vitória(ES),ES,4.33,2026-07-29
Cenoura,1Kg,Hortaliças,CEASA-RN Natal(RN),RN,4.75,2026-07-29
Cenoura,1Kg,Hortaliças,CEASA-BA Salvador(BA),BA,3.75,2026-07-29
Cenoura,1Kg,Hortaliças,CEASAMINAS Belo Horizonte(MG),MG,3.25,2026-07-29
Cenoura,1Kg,Hortaliças,CEASA-RJ Rio de Janeiro(RJ),RJ,5.0,2026-07-29
Cenoura,1Kg,Hortaliças,CEASA-CE Fortaleza(CE),CE,5.25,2026-07-29
Cenoura,1Kg,Hortaliças,CEASA-PR Curitiba(PR),PR,3.5,2026-07-29
Cenoura,1Kg,Hortaliças,CEASA-AL Maceió(AL),AL,6.0,2026-07-29
Cenoura,1Kg,Hortaliças,AMA-BA Juazeiro(BA),BA,4.5,2026-07-29
Cenoura,1Kg,Hortaliças,CEASA-SP Campinas(SP),SP,3.75,2026-07-29
Cenoura,1Kg,Hortaliças,CEAGESP São Paulo(SP),SP,3.34,2026-07-29
Chuchu,1Kg,Hortaliças,CEAGESP Ribeirão Preto(SP),SP,4.5,2026-07-29
Chuchu,1Kg,Hortaliças,CEASA-MT Cuiabá(MT),MT,1.84,2026-07-29
Chuchu,1Kg,Hortaliças,CEASA-PE Recife(PE),PE,1.0,2026-07-29
Chuchu,1Kg,Hortaliças,CEASA-RS Caxias do Sul(RS),RS,1.92,2026-07-29
Chuchu,1Kg,Hortaliças,CEASA-PR Foz do Iguaçu(PR),PR,2.25,2026-07-29
Chuchu,1Kg,Hortaliças,CEASA-ES Vitória(ES),ES,1.44,2026-07-29
Chuchu,1Kg,Hortaliças,CEASA-RN Natal(RN),RN,3.0,2026-07-29
Chuchu,1Kg,Hortaliças,CEASA-BA Salvador(BA),BA,1.7,2026-07-29
Chuchu,1Kg,Hortaliças,CEASAMINAS Belo Horizonte(MG),MG,0.94,2026-07-29
Chuchu,1Kg,Hortaliças,CEASA-RJ Rio de Janeiro(RJ),RJ,1.39,2026-07-29
Chuchu,1Kg,Hortaliças,CEASA-CE Fortaleza(CE),CE,3.2,2026-07-29
Chuchu,1Kg,Hortaliças,CEASA-PR Curitiba(PR),PR,1.25,2026-07-29
Chuchu,1Kg,Hortaliças,CEASA-AL Maceió(AL),AL,2.0,2026-07-29
Chuchu,1Kg,Hortaliças,AMA-BA Juazeiro(BA),BA,3.75,2026-07-29
Chuchu,1Kg,Hortaliças,CEASA-SP Campinas(SP),SP,2.0,2026-07-29
Chuchu,1Kg,Hortaliças,CEAGESP São Paulo(SP),SP,1.73,2026-07-29
Couve,1Kg,Hortaliças,CEAGESP Ribeirão Preto(SP),SP,6.0,2026-07-29
Couve,1Kg,Hortaliças,CEASA-MT Cuiabá(MT),MT,13.33,2026-07-29
Couve,1Kg,Hortaliças,CEASA-PE Recife(PE),PE,5.0,2026-07-29
Couve,1Kg,Hortaliças,CEASA-RS Caxias do Sul(RS),RS,1.5,2026-07-29
Couve,1Kg,Hortaliças,CEASA-PR Foz do Iguaçu(PR),PR,3.0,2026-07-29
Couve,1Kg,Hortaliças,CEASA-ES Vitória(ES),ES,4.55,2026-07-29
Couve,1Kg,Hortaliças,CEASA-RN Natal(RN),RN,18.0,2026-07-29
Couve,1Kg,Hortaliças,CEASAMINAS Belo Horizonte(MG),MG,10.59,2026-07-29
Couve,1Kg,Hortaliças,CEASA-RJ Rio de Janeiro(RJ),RJ,8.0,2026-07-29
Couve,1Kg,Hortaliças,CEASA-PR Curitiba(PR),PR,5.0,2026-07-29
Couve,1Kg,Hortaliças,CEASA-AL Maceió(AL),AL,5.0,2026-07-29
Couve,1Kg,Hortaliças,AMA-BA Juazeiro(BA),BA,5.0,2026-07-29
Couve,1Kg,Hortaliças,CEASA-SP Campinas(SP),SP,6.25,2026-07-29
Couve,1Kg,Hortaliças,CEAGESP São Paulo(SP),SP,2.69,2026-07-29
Couve-Flor,1Un,Hortaliças,CEAGESP Ribeirão Preto(SP),SP,6.88,2026-07-29
Couve-Flor,1Un,Hortaliças,CEASA-MT Cuiabá(MT),MT,7.0,2026-07-29
Couve-Flor,1Un,Hortaliças,CEASA-PE Recife(PE),PE,6.0,2026-07-29
Couve-Flor,1Un,Hortaliças,CEASA-RS Caxias do Sul(RS),RS,3.17,2026-07-29
Couve-Flor,1Un,Hortaliças,CEASA-PR Foz do Iguaçu(PR),PR,6.0,2026-07-29
Couve-Flor,1Un,Hortaliças,CEASA-ES Vitória(ES),ES,3.2,2026-07-29
Couve-Flor,1Un,Hortaliças,CEASA-RN Natal(RN),RN,8.5,2026-07-29
Couve-Flor,1Un,Hortaliças,CEASA-BA Salvador(BA),BA,8.9,2026-07-29
Couve-Flor,1Un,Hortaliças,CEASAMINAS Belo Horizonte(MG),MG,3.33,2026-07-29
Couve-Flor,1Un,Hortaliças,CEASA-RJ Rio de Janeiro(RJ),RJ,2.19,2026-07-29
Couve-Flor,1Un,Hortaliças,CEASA-CE Fortaleza(CE),CE,2.25,2026-07-29
Couve-Flor,1Un,Hortaliças,CEASA-PR Curitiba(PR),PR,3.33,2026-07-29
Couve-Flor,1Un,Hortaliças,CEASA-AL Maceió(AL),AL,9.0,2026-07-29
Couve-Flor,1Un,Hortaliças,CEASA-SP Campinas(SP),SP,6.4,2026-07-29
Couve-Flor,1Un,Hortaliças,CEAGESP São Paulo(SP),SP,4.87,2026-07-29
Pepino,1Kg,Hortaliças,CEAGESP Ribeirão Preto(SP),SP,5.73,2026-07-29
Pepino,1Kg,Hortaliças,CEASA-MT Cuiabá(MT),MT,3.08,2026-07-29
Pepino,1Kg,Hortaliças,CEASA-PE Recife(PE),PE,0.67,2026-07-29
Pepino,1Kg,Hortaliças,CEASA-RS Caxias do Sul(RS),RS,2.75,2026-07-29
Pepino,1Kg,Hortaliças,CEASA-PR Foz do Iguaçu(PR),PR,7.5,2026-07-29
Pepino,1Kg,Hortaliças,CEASA-ES Vitória(ES),ES,2.23,2026-07-29
Pepino,1Kg,Hortaliças,CEASA-RN Natal(RN),RN,3.5,2026-07-29
Pepino,1Kg,Hortaliças,CEASA-BA Salvador(BA),BA,1.7,2026-07-29
Pepino,1Kg,Hortaliças,CEASAMINAS Belo Horizonte(MG),MG,2.36,2026-07-29
Pepino,1Kg,Hortaliças,CEASA-RJ Rio de Janeiro(RJ),RJ,2.65,2026-07-29
Pepino,1Kg,Hortaliças,CEASA-CE Fortaleza(CE),CE,1.6,2026-07-29
Pepino,1Kg,Hortaliças,CEASA-PR Curitiba(PR),PR,3.0,2026-07-29
Pepino,1Kg,Hortaliças,CEASA-AL Maceió(AL),AL,2.5,2026-07-29
Pepino,1Kg,Hortaliças,AMA-BA Juazeiro(BA),BA,3.25,2026-07-29
Pepino,1Kg,Hortaliças,CEASA-SP Campinas(SP),SP,5.0,2026-07-29
Pepino,1Kg,Hortaliças,CEAGESP São Paulo(SP),SP,2.73,2026-07-29
Pimentão Verde,1Kg,Hortaliças,CEAGESP Ribeirão Preto(SP),SP,6.0,2026-07-29
Pimentão Verde,1Kg,Hortaliças,CEASA-MT Cuiabá(MT),MT,6.84,2026-07-29
Pimentão Verde,1Kg,Hortaliças,CEASA-PE Recife(PE),PE,3.57,2026-07-29
Pimentão Verde,1Kg,Hortaliças,CEASA-RS Caxias do Sul(RS),RS,8.0,2026-07-29
Pimentão Verde,1Kg,Hortaliças,CEASA-PR Foz do Iguaçu(PR),PR,6.52,2026-07-29
Pimentão Verde,1Kg,Hortaliças,CEASA-ES Vitória(ES),ES,4.1,2026-07-29
Pimentão Verde,1Kg,Hortaliças,CEASA-RN Natal(RN),RN,4.8,2026-07-29
Pimentão Verde,1Kg,Hortaliças,CEASA-BA Salvador(BA),BA,3.9,2026-07-29
Pimentão Verde,1Kg,Hortaliças,CEASAMINAS Belo Horizonte(MG),MG,6.11,2026-07-29
Pimentão Verde,1Kg,Hortaliças,CEASA-RJ Rio de Janeiro(RJ),RJ,5.0,2026-07-29
Pimentão Verde,1Kg,Hortaliças,CEASA-CE Fortaleza(CE),CE,4.15,2026-07-29
Pimentão Verde,1Kg,Hortaliças,CEASA-PR Curitiba(PR),PR,5.83,2026-07-29
Pimentão Verde,1Kg,Hortaliças,CEASA-AL Maceió(AL),AL,3.6,2026-07-29
Pimentão Verde,1Kg,Hortaliças,AMA-BA Juazeiro(BA),BA,2.29,2026-07-29
Pimentão Verde,1Kg,Hortaliças,CEASA-SP Campinas(SP),SP,5.91,2026-07-29
Pimentão Verde,1Kg,Hortaliças,CEAGESP São Paulo(SP),SP,4.28,2026-07-29
Quiabo,1Kg,Hortaliças,CEAGESP Ribeirão Preto(SP),SP,11.56,2026-07-29
Quiabo,1Kg,Hortaliças,CEASA-MT Cuiabá(MT),MT,5.45,2026-07-29
Quiabo,1Kg,Hortaliças,CEASA-PE Recife(PE),PE,12.0,2026-07-29
Quiabo,1Kg,Hortaliças,CEASA-RS Caxias do Sul(RS),RS,19.5,2026-07-29
Quiabo,1Kg,Hortaliças,CEASA-PR Foz do Iguaçu(PR),PR,10.0,2026-07-29
Quiabo,1Kg,Hortaliças,CEASA-ES Vitória(ES),ES,6.23,2026-07-29
Quiabo,1Kg,Hortaliças,CEASA-RN Natal(RN),RN,8.0,2026-07-29
Quiabo,1Kg,Hortaliças,CEASA-BA Salvador(BA),BA,2.4,2026-07-29
Quiabo,1Kg,Hortaliças,CEASAMINAS Belo Horizonte(MG),MG,5.41,2026-07-29
Quiabo,1Kg,Hortaliças,CEASA-RJ Rio de Janeiro(RJ),RJ,6.67,2026-07-29
Quiabo,1Kg,Hortaliças,CEASA-CE Fortaleza(CE),CE,12.0,2026-07-29
Quiabo,1Kg,Hortaliças,CEASA-PR Curitiba(PR),PR,10.0,2026-07-29
Quiabo,1Kg,Hortaliças,CEASA-AL Maceió(AL),AL,5.0,2026-07-29
Quiabo,1Kg,Hortaliças,AMA-BA Juazeiro(BA),BA,6.5,2026-07-29
Quiabo,1Kg,Hortaliças,CEASA-SP Campinas(SP),SP,6.29,2026-07-29
Quiabo,1Kg,Hortaliças,CEAGESP São Paulo(SP),SP,4.83,2026-07-29
Repolho,1Kg,Hortaliças,CEAGESP Ribeirão Preto(SP),SP,3.0,2026-07-29
Repolho,1Kg,Hortaliças,CEASA-MT Cuiabá(MT),MT,3.11,2026-07-29
Repolho,1Kg,Hortaliças,CEASA-PE Recife(PE),PE,1.48,2026-07-29
Repolho,1Kg,Hortaliças,CEASA-RS Caxias do Sul(RS),RS,4.13,2026-07-29
Repolho,1Kg,Hortaliças,CEASA-PR Foz do Iguaçu(PR),PR,2.5,2026-07-29
Repolho,1Kg,Hortaliças,CEASA-ES Vitória(ES),ES,2.13,2026-07-29
Repolho,1Kg,Hortaliças,CEASA-RN Natal(RN),RN,3.5,2026-07-29
Repolho,1Kg,Hortaliças,CEASA-BA Salvador(BA),BA,3.0,2026-07-29
Repolho,1Kg,Hortaliças,CEASAMINAS Belo Horizonte(MG),MG,1.5,2026-07-29
Repolho,1Kg,Hortaliças,CEASA-RJ Rio de Janeiro(RJ),RJ,2.67,2026-07-29
Repolho,1Kg,Hortaliças,CEASA-CE Fortaleza(CE),CE,6.75,2026-07-29
Repolho,1Kg,Hortaliças,CEASA-PR Curitiba(PR),PR,2.0,2026-07-29
Repolho,1Kg,Hortaliças,CEASA-AL Maceió(AL),AL,2.0,2026-07-29
Repolho,1Kg,Hortaliças,AMA-BA Juazeiro(BA),BA,4.5,2026-07-29
Repolho,1Kg,Hortaliças,CEASA-SP Campinas(SP),SP,2.75,2026-07-29
Repolho,1Kg,Hortaliças,CEAGESP São Paulo(SP),SP,2.34,2026-07-29
Tomate,1Kg,Hortaliças,CEAGESP Ribeirão Preto(SP),SP,6.5,2026-07-29
Tomate,1Kg,Hortaliças,CEASA-MT Cuiabá(MT),MT,4.47,2026-07-29
Tomate,1Kg,Hortaliças,CEASA-PE Recife(PE),PE,1.92,2026-07-29
Tomate,1Kg,Hortaliças,CEASA-RS Caxias do Sul(RS),RS,2.38,2026-07-29
Tomate,1Kg,Hortaliças,CEASA-PR Foz do Iguaçu(PR),PR,4.75,2026-07-29
Tomate,1Kg,Hortaliças,CEASA-ES Vitória(ES),ES,3.16,2026-07-29
Tomate,1Kg,Hortaliças,CEASA-RN Natal(RN),RN,2.0,2026-07-29
Tomate,1Kg,Hortaliças,CEASA-BA Salvador(BA),BA,2.4,2026-07-29
Tomate,1Kg,Hortaliças,CEASAMINAS Belo Horizonte(MG),MG,3.25,2026-07-29
Tomate,1Kg,Hortaliças,CEASA-RJ Rio de Janeiro(RJ),RJ,5.0,2026-07-29
Tomate,1Kg,Hortaliças,CEASA-CE Fortaleza(CE),CE,2.8,2026-07-29
Tomate,1Kg,Hortaliças,CEASA-PR Curitiba(PR),PR,3.75,2026-07-29
Tomate,1Kg,Hortaliças,CEASA-AL Maceió(AL),AL,2.35,2026-07-29
Tomate,1Kg,Hortaliças,AMA-BA Juazeiro(BA),BA,1.73,2026-07-29
Tomate,1Kg,Hortaliças,CEASA-SP Campinas(SP),SP,4.25,2026-07-29
Tomate,1Kg,Hortaliças,CEAGESP São Paulo(SP),SP,3.48,2026-07-29
Vagem,1Kg,Hortaliças,CEAGESP Ribeirão Preto(SP),SP,11.67,2026-07-29
Vagem,1Kg,Hortaliças,CEASA-MT Cuiabá(MT),MT,10.91,2026-07-29
Vagem,1Kg,Hortaliças,CEASA-PE Recife(PE),PE,8.0,2026-07-29
Vagem,1Kg,Hortaliças,CEASA-RS Caxias do Sul(RS),RS,14.0,2026-07-29
Vagem,1Kg,Hortaliças,CEASA-PR Foz do Iguaçu(PR),PR,7.33,2026-07-29
Vagem,1Kg,Hortaliças,CEASA-RN Natal(RN),RN,10.0,2026-07-29
Vagem,1Kg,Hortaliças,CEASA-BA Salvador(BA),BA,10.0,2026-07-29
Vagem,1Kg,Hortaliças,CEASAMINAS Belo Horizonte(MG),MG,2.69,2026-07-29
Vagem,1Kg,Hortaliças,CEASA-RJ Rio de Janeiro(RJ),RJ,10.0,2026-07-29
Vagem,1Kg,Hortaliças,CEASA-CE Fortaleza(CE),CE,6.5,2026-07-29
Vagem,1Kg,Hortaliças,CEASA-PR Curitiba(PR),PR,6.67,2026-07-29
Vagem,1Kg,Hortaliças,CEASA-AL Maceió(AL),AL,6.0,2026-07-29
Vagem,1Kg,Hortaliças,AMA-BA Juazeiro(BA),BA,9.0,2026-07-29
Vagem,1Kg,Hortaliças,CEASA-SP Campinas(SP),SP,9.23,2026-07-29
Vagem,1Kg,Hortaliças,CEAGESP São Paulo(SP),SP,5.75,2026-07-29
Abóbora,1Kg,Hortaliças,CEASA-SC Florianópolis(SC),SC,2.5,2026-07-28
Abóbora,1Kg,Hortaliças,CEAGESP Ribeirão Preto(SP),SP,2.9,2026-07-28
Abóbora,1Kg,Hortaliças,CEASA-MT Cuiabá(MT),MT,2.63,2026-07-28
Abóbora,1Kg,Hortaliças,CEASA-PE Recife(PE),PE,2.8,2026-07-28
Abóbora,1Kg,Hortaliças,CEASA-MS Campo Grande(MS),MS,4.5,2026-07-28
Abóbora,1Kg,Hortaliças,CEASA-CE Tianguá(CE),CE,3.0,2026-07-28
Abóbora,1Kg,Hortaliças,CEASA-PR Curitiba(PR),PR,3.0,2026-07-28
Abóbora,1Kg,Hortaliças,CEASA-PR Foz do Iguaçu(PR),PR,3.5,2026-07-28
Abóbora,1Kg,Hortaliças,CEASA-ES Vitória(ES),ES,2.32,2026-07-28
Abóbora,1Kg,Hortaliças,CEASA-RN Natal(RN),RN,2.5,2026-07-28
Abóbora,1Kg,Hortaliças,CEASA-PB Patos(PB),PB,3.5,2026-07-28
Abóbora,1Kg,Hortaliças,CEASA-RJ Rio de Janeiro(RJ),RJ,2.5,2026-07-28
Abóbora,1Kg,Hortaliças,CEASA-CE Fortaleza(CE),CE,3.5,2026-07-28
Abóbora,1Kg,Hortaliças,CEASA-AL Maceió(AL),AL,2.0,2026-07-28
Abóbora,1Kg,Hortaliças,AMA-BA Juazeiro(BA),BA,2.0,2026-07-28
Abóbora,1Kg,Hortaliças,CEASA-PR Cascavel(PR),PR,3.2,2026-07-28
Abóbora,1Kg,Hortaliças,CEASAMINAS Barbacena(MG),MG,2.0,2026-07-28
Abóbora,1Kg,Hortaliças,CEASA-RS Porto Alegre(RS),RS,3.5,2026-07-28
Abobrinha,1Kg,Hortaliças,CEASA-SC Florianópolis(SC),SC,1.94,2026-07-28
Abobrinha,1Kg,Hortaliças,CEAGESP Ribeirão Preto(SP),SP,3.68,2026-07-28
Abobrinha,1Kg,Hortaliças,CEASA-MT Cuiabá(MT),MT,3.53,2026-07-28
Abobrinha,1Kg,Hortaliças,CEASA-PE Recife(PE),PE,2.5,2026-07-28
Abobrinha,1Kg,Hortaliças,CEASA-MS Campo Grande(MS),MS,5.0,2026-07-28
Abobrinha,1Kg,Hortaliças,CEASA-CE Tianguá(CE),CE,1.5,2026-07-28
Abobrinha,1Kg,Hortaliças,CEASA-PR Curitiba(PR),PR,1.75,2026-07-28
Abobrinha,1Kg,Hortaliças,CEASA-PR Foz do Iguaçu(PR),PR,2.75,2026-07-28
Abobrinha,1Kg,Hortaliças,CEASA-ES Vitória(ES),ES,2.41,2026-07-28
Abobrinha,1Kg,Hortaliças,CEASA-RN Natal(RN),RN,3.0,2026-07-28
Abobrinha,1Kg,Hortaliças,CEASA-PB Patos(PB),PB,4.33,2026-07-28
Abobrinha,1Kg,Hortaliças,CEASA-RJ Rio de Janeiro(RJ),RJ,2.81,2026-07-28
Abobrinha,1Kg,Hortaliças,CEASA-CE Fortaleza(CE),CE,4.1,2026-07-28
Abobrinha,1Kg,Hortaliças,CEASA-AL Maceió(AL),AL,3.0,2026-07-28
Abobrinha,1Kg,Hortaliças,AMA-BA Juazeiro(BA),BA,3.19,2026-07-28
Abobrinha,1Kg,Hortaliças,CEASA-PR Cascavel(PR),PR,4.5,2026-07-28
Abobrinha,1Kg,Hortaliças,CEASAMINAS Barbacena(MG),MG,3.33,2026-07-28
Abobrinha,1Kg,Hortaliças,CEASA-RS Porto Alegre(RS),RS,3.55,2026-07-28
Alface,1Dz,Hortaliças,CEASA-SC Florianópolis(SC),SC,21.6,2026-07-28
Alface,1Dz,Hortaliças,CEAGESP Ribeirão Preto(SP),SP,26.8,2026-07-28
Alface,1Dz,Hortaliças,CEASA-MT Cuiabá(MT),MT,30.0,2026-07-28
Alface,1Dz,Hortaliças,CEASA-PE Recife(PE),PE,12.0,2026-07-28
Alface,1Dz,Hortaliças,CEASA-MS Campo Grande(MS),MS,5.7,2026-07-28
Alface,1Dz,Hortaliças,CEASA-CE Tianguá(CE),CE,21.6,2026-07-28
Alface,1Dz,Hortaliças,CEASA-PR Curitiba(PR),PR,30.0,2026-07-28
Alface,1Dz,Hortaliças,CEASA-PR Foz do Iguaçu(PR),PR,19.5,2026-07-28
Alface,1Dz,Hortaliças,CEASA-ES Vitória(ES),ES,13.33,2026-07-28
Alface,1Dz,Hortaliças,CEASA-RN Natal(RN),RN,20.4,2026-07-28
Alface,1Dz,Hortaliças,CEASA-PB Patos(PB),PB,24.0,2026-07-28
Alface,1Dz,Hortaliças,CEASA-RJ Rio de Janeiro(RJ),RJ,23.33,2026-07-28
Alface,1Dz,Hortaliças,CEASA-CE Fortaleza(CE),CE,36.0,2026-07-28
Alface,1Dz,Hortaliças,CEASA-AL Maceió(AL),AL,18.0,2026-07-28
Alface,1Dz,Hortaliças,AMA-BA Juazeiro(BA),BA,8.0,2026-07-28
Alface,1Dz,Hortaliças,CEASA-PR Cascavel(PR),PR,48.0,2026-07-28
Alface,1Dz,Hortaliças,CEASAMINAS Barbacena(MG),MG,15.0,2026-07-28
Alface,1Dz,Hortaliças,CEASA-RS Porto Alegre(RS),RS,15.0,2026-07-28
Berinjela,1Kg,Hortaliças,CEASA-SC Florianópolis(SC),SC,5.5,2026-07-28
Berinjela,1Kg,Hortaliças,CEAGESP Ribeirão Preto(SP),SP,4.44,2026-07-28
Berinjela,1Kg,Hortaliças,CEASA-MT Cuiabá(MT),MT,2.73,2026-07-28
Berinjela,1Kg,Hortaliças,CEASA-PE Recife(PE),PE,3.0,2026-07-28
Berinjela,1Kg,Hortaliças,CEASA-MS Campo Grande(MS),MS,3.35,2026-07-28
Berinjela,1Kg,Hortaliças,CEASA-CE Tianguá(CE),CE,1.92,2026-07-28
Berinjela,1Kg,Hortaliças,CEASA-PR Curitiba(PR),PR,5.0,2026-07-28
Berinjela,1Kg,Hortaliças,CEASA-PR Foz do Iguaçu(PR),PR,7.08,2026-07-28
Berinjela,1Kg,Hortaliças,CEASA-ES Vitória(ES),ES,3.17,2026-07-28
Berinjela,1Kg,Hortaliças,CEASA-RN Natal(RN),RN,4.4,2026-07-28
Berinjela,1Kg,Hortaliças,CEASA-PB Patos(PB),PB,3.83,2026-07-28
Berinjela,1Kg,Hortaliças,CEASA-RJ Rio de Janeiro(RJ),RJ,5.0,2026-07-28
Berinjela,1Kg,Hortaliças,CEASA-CE Fortaleza(CE),CE,3.0,2026-07-28
Berinjela,1Kg,Hortaliças,CEASA-AL Maceió(AL),AL,3.0,2026-07-28
Berinjela,1Kg,Hortaliças,AMA-BA Juazeiro(BA),BA,4.29,2026-07-28
Berinjela,1Kg,Hortaliças,CEASA-PR Cascavel(PR),PR,6.5,2026-07-28
Berinjela,1Kg,Hortaliças,CEASAMINAS Barbacena(MG),MG,2.5,2026-07-28
Berinjela,1Kg,Hortaliças,CEASA-RS Porto Alegre(RS),RS,3.5,2026-07-28
Beterraba,1Kg,Hortaliças,CEASA-SC Florianópolis(SC),SC,2.75,2026-07-28
Beterraba,1Kg,Hortaliças,CEAGESP Ribeirão Preto(SP),SP,2.5,2026-07-28
Beterraba,1Kg,Hortaliças,CEASA-MT Cuiabá(MT),MT,3.42,2026-07-28
Beterraba,1Kg,Hortaliças,CEASA-PE Recife(PE),PE,3.0,2026-07-28
Beterraba,1Kg,Hortaliças,CEASA-MS Campo Grande(MS),MS,2.8,2026-07-28
Beterraba,1Kg,Hortaliças,CEASA-CE Tianguá(CE),CE,3.5,2026-07-28
Beterraba,1Kg,Hortaliças,CEASA-PR Curitiba(PR),PR,2.25,2026-07-28
Beterraba,1Kg,Hortaliças,CEASA-PR Foz do Iguaçu(PR),PR,3.25,2026-07-28
Beterraba,1Kg,Hortaliças,CEASA-ES Vitória(ES),ES,2.92,2026-07-28
Beterraba,1Kg,Hortaliças,CEASA-RN Natal(RN),RN,2.75,2026-07-28
Beterraba,1Kg,Hortaliças,CEASA-PB Patos(PB),PB,2.5,2026-07-28
Beterraba,1Kg,Hortaliças,CEASA-RJ Rio de Janeiro(RJ),RJ,2.75,2026-07-28
Beterraba,1Kg,Hortaliças,CEASA-CE Fortaleza(CE),CE,3.6,2026-07-28
Beterraba,1Kg,Hortaliças,CEASA-AL Maceió(AL),AL,3.5,2026-07-28
Beterraba,1Kg,Hortaliças,AMA-BA Juazeiro(BA),BA,2.25,2026-07-28
Beterraba,1Kg,Hortaliças,CEASA-PR Cascavel(PR),PR,3.6,2026-07-28
Beterraba,1Kg,Hortaliças,CEASAMINAS Barbacena(MG),MG,3.68,2026-07-28
Beterraba,1Kg,Hortaliças,CEASA-RS Porto Alegre(RS),RS,3.5,2026-07-28
Brócolis,1Kg,Hortaliças,CEASA-SC Florianópolis(SC),SC,4.0,2026-07-28
Brócolis,1Kg,Hortaliças,CEAGESP Ribeirão Preto(SP),SP,3.33,2026-07-28
Brócolis,1Kg,Hortaliças,CEASA-MT Cuiabá(MT),MT,21.82,2026-07-28
Brócolis,1Kg,Hortaliças,CEASA-PE Recife(PE),PE,8.57,2026-07-28
Brócolis,1Kg,Hortaliças,CEASA-MS Campo Grande(MS),MS,4.0,2026-07-28
Brócolis,1Kg,Hortaliças,CEASA-CE Tianguá(CE),CE,3.5,2026-07-28
Brócolis,1Kg,Hortaliças,CEASA-PR Curitiba(PR),PR,5.83,2026-07-28
Brócolis,1Kg,Hortaliças,CEASA-PR Foz do Iguaçu(PR),PR,6.0,2026-07-28
Brócolis,1Kg,Hortaliças,CEASA-ES Vitória(ES),ES,7.89,2026-07-28
Brócolis,1Kg,Hortaliças,CEASA-RN Natal(RN),RN,24.0,2026-07-28
Brócolis,1Kg,Hortaliças,CEASA-PB Patos(PB),PB,7.0,2026-07-28
Brócolis,1Kg,Hortaliças,CEASA-RJ Rio de Janeiro(RJ),RJ,5.0,2026-07-28
Brócolis,1Kg,Hortaliças,CEASA-CE Fortaleza(CE),CE,18.0,2026-07-28
Brócolis,1Kg,Hortaliças,CEASA-AL Maceió(AL),AL,27.0,2026-07-28
Brócolis,1Kg,Hortaliças,CEASA-PR Cascavel(PR),PR,14.0,2026-07-28
Brócolis,1Kg,Hortaliças,CEASAMINAS Barbacena(MG),MG,2.5,2026-07-28
Brócolis,1Kg,Hortaliças,CEASA-RS Porto Alegre(RS),RS,3.33,2026-07-28
Cenoura,1Kg,Hortaliças,CEASA-SC Florianópolis(SC),SC,4.25,2026-07-28
Cenoura,1Kg,Hortaliças,CEAGESP Ribeirão Preto(SP),SP,5.75,2026-07-28
Cenoura,1Kg,Hortaliças,CEASA-MT Cuiabá(MT),MT,4.62,2026-07-28
Cenoura,1Kg,Hortaliças,CEASA-PE Recife(PE),PE,4.5,2026-07-28
Cenoura,1Kg,Hortaliças,CEASA-MS Campo Grande(MS),MS,4.4,2026-07-28
Cenoura,1Kg,Hortaliças,CEASA-CE Tianguá(CE),CE,4.75,2026-07-28
Cenoura,1Kg,Hortaliças,CEASA-PR Curitiba(PR),PR,3.5,2026-07-28
Cenoura,1Kg,Hortaliças,CEASA-PR Foz do Iguaçu(PR),PR,4.8,2026-07-28
Cenoura,1Kg,Hortaliças,CEASA-ES Vitória(ES),ES,4.34,2026-07-28
Cenoura,1Kg,Hortaliças,CEASA-RN Natal(RN),RN,4.33,2026-07-28
Cenoura,1Kg,Hortaliças,CEASA-PB Patos(PB),PB,4.14,2026-07-28
Cenoura,1Kg,Hortaliças,CEASA-RJ Rio de Janeiro(RJ),RJ,5.0,2026-07-28
Cenoura,1Kg,Hortaliças,CEASA-CE Fortaleza(CE),CE,5.25,2026-07-28
Cenoura,1Kg,Hortaliças,CEASA-AL Maceió(AL),AL,6.0,2026-07-28
Cenoura,1Kg,Hortaliças,AMA-BA Juazeiro(BA),BA,4.5,2026-07-28
Cenoura,1Kg,Hortaliças,CEASA-PR Cascavel(PR),PR,4.5,2026-07-28
Cenoura,1Kg,Hortaliças,CEASAMINAS Barbacena(MG),MG,4.0,2026-07-28
Cenoura,1Kg,Hortaliças,CEASA-RS Porto Alegre(RS),RS,4.6,2026-07-28
Chuchu,1Kg,Hortaliças,CEASA-SC Florianópolis(SC),SC,1.5,2026-07-28
Chuchu,1Kg,Hortaliças,CEAGESP Ribeirão Preto(SP),SP,4.5,2026-07-28
Chuchu,1Kg,Hortaliças,CEASA-MT Cuiabá(MT),MT,1.84,2026-07-28
Chuchu,1Kg,Hortaliças,CEASA-PE Recife(PE),PE,1.5,2026-07-28
Chuchu,1Kg,Hortaliças,CEASA-MS Campo Grande(MS),MS,3.25,2026-07-28
Chuchu,1Kg,Hortaliças,CEASA-CE Tianguá(CE),CE,4.0,2026-07-28
Chuchu,1Kg,Hortaliças,CEASA-PR Curitiba(PR),PR,1.25,2026-07-28
Chuchu,1Kg,Hortaliças,CEASA-PR Foz do Iguaçu(PR),PR,2.25,2026-07-28
Chuchu,1Kg,Hortaliças,CEASA-ES Vitória(ES),ES,1.5,2026-07-28
Chuchu,1Kg,Hortaliças,CEASA-RN Natal(RN),RN,3.0,2026-07-28
Chuchu,1Kg,Hortaliças,CEASA-PB Patos(PB),PB,3.11,2026-07-28
Chuchu,1Kg,Hortaliças,CEASA-RJ Rio de Janeiro(RJ),RJ,1.39,2026-07-28
Chuchu,1Kg,Hortaliças,CEASA-CE Fortaleza(CE),CE,3.2,2026-07-28
Chuchu,1Kg,Hortaliças,CEASA-AL Maceió(AL),AL,2.0,2026-07-28
Chuchu,1Kg,Hortaliças,AMA-BA Juazeiro(BA),BA,3.5,2026-07-28
Chuchu,1Kg,Hortaliças,CEASA-PR Cascavel(PR),PR,3.1,2026-07-28
Chuchu,1Kg,Hortaliças,CEASAMINAS Barbacena(MG),MG,2.63,2026-07-28
Chuchu,1Kg,Hortaliças,CEASA-RS Porto Alegre(RS),RS,2.0,2026-07-28
Couve,1Kg,Hortaliças,CEASA-SC Florianópolis(SC),SC,6.0,2026-07-28
Couve,1Kg,Hortaliças,CEAGESP Ribeirão Preto(SP),SP,6.0,2026-07-28
Couve,1Kg,Hortaliças,CEASA-MT Cuiabá(MT),MT,13.33,2026-07-28
Couve,1Kg,Hortaliças,CEASA-PE Recife(PE),PE,5.0,2026-07-28
Couve,1Kg,Hortaliças,CEASA-MS Campo Grande(MS),MS,2.5,2026-07-28
Couve,1Kg,Hortaliças,CEASA-CE Tianguá(CE),CE,2.0,2026-07-28
Couve,1Kg,Hortaliças,CEASA-PR Curitiba(PR),PR,5.0,2026-07-28
Couve,1Kg,Hortaliças,CEASA-PR Foz do Iguaçu(PR),PR,3.0,2026-07-28
Couve,1Kg,Hortaliças,CEASA-ES Vitória(ES),ES,4.55,2026-07-28
Couve,1Kg,Hortaliças,CEASA-RN Natal(RN),RN,18.0,2026-07-28
Couve,1Kg,Hortaliças,CEASA-PB Patos(PB),PB,9.33,2026-07-28
Couve,1Kg,Hortaliças,CEASA-RJ Rio de Janeiro(RJ),RJ,8.0,2026-07-28
Couve,1Kg,Hortaliças,CEASA-AL Maceió(AL),AL,5.0,2026-07-28
Couve,1Kg,Hortaliças,AMA-BA Juazeiro(BA),BA,5.0,2026-07-28
Couve,1Kg,Hortaliças,CEASA-PR Cascavel(PR),PR,8.0,2026-07-28
Couve,1Kg,Hortaliças,CEASAMINAS Barbacena(MG),MG,11.76,2026-07-28
Couve,1Kg,Hortaliças,CEASA-RS Porto Alegre(RS),RS,2.5,2026-07-28
Couve-Flor,1Un,Hortaliças,CEASA-SC Florianópolis(SC),SC,2.0,2026-07-28
Couve-Flor,1Un,Hortaliças,CEAGESP Ribeirão Preto(SP),SP,6.88,2026-07-28
Couve-Flor,1Un,Hortaliças,CEASA-MT Cuiabá(MT),MT,7.0,2026-07-28
Couve-Flor,1Un,Hortaliças,CEASA-PE Recife(PE),PE,6.0,2026-07-28
Couve-Flor,1Un,Hortaliças,CEASA-MS Campo Grande(MS),MS,5.5,2026-07-28
Couve-Flor,1Un,Hortaliças,CEASA-CE Tianguá(CE),CE,3.5,2026-07-28
Couve-Flor,1Un,Hortaliças,CEASA-PR Curitiba(PR),PR,3.33,2026-07-28
Couve-Flor,1Un,Hortaliças,CEASA-PR Foz do Iguaçu(PR),PR,6.0,2026-07-28
Couve-Flor,1Un,Hortaliças,CEASA-ES Vitória(ES),ES,2.9,2026-07-28
Couve-Flor,1Un,Hortaliças,CEASA-RN Natal(RN),RN,10.5,2026-07-28
Couve-Flor,1Un,Hortaliças,CEASA-PB Patos(PB),PB,9.33,2026-07-28
Couve-Flor,1Un,Hortaliças,CEASA-RJ Rio de Janeiro(RJ),RJ,2.19,2026-07-28
Couve-Flor,1Un,Hortaliças,CEASA-CE Fortaleza(CE),CE,2.25,2026-07-28
Couve-Flor,1Un,Hortaliças,CEASA-AL Maceió(AL),AL,9.0,2026-07-28
Couve-Flor,1Un,Hortaliças,CEASA-PR Cascavel(PR),PR,8.5,2026-07-28
Couve-Flor,1Un,Hortaliças,CEASAMINAS Barbacena(MG),MG,3.13,2026-07-28
Couve-Flor,1Un,Hortaliças,CEASA-RS Porto Alegre(RS),RS,3.33,2026-07-28
Pepino,1Kg,Hortaliças,CEASA-SC Florianópolis(SC),SC,6.0,2026-07-28
Pepino,1Kg,Hortaliças,CEAGESP Ribeirão Preto(SP),SP,5.73,2026-07-28
Pepino,1Kg,Hortaliças,CEASA-MT Cuiabá(MT),MT,3.08,2026-07-28
Pepino,1Kg,Hortaliças,CEASA-PE Recife(PE),PE,0.67,2026-07-28
Pepino,1Kg,Hortaliças,CEASA-MS Campo Grande(MS),MS,3.25,2026-07-28
Pepino,1Kg,Hortaliças,CEASA-CE Tianguá(CE),CE,0.8,2026-07-28
Pepino,1Kg,Hortaliças,CEASA-PR Curitiba(PR),PR,3.0,2026-07-28
Pepino,1Kg,Hortaliças,CEASA-PR Foz do Iguaçu(PR),PR,7.5,2026-07-28
Pepino,1Kg,Hortaliças,CEASA-ES Vitória(ES),ES,1.83,2026-07-28
Pepino,1Kg,Hortaliças,CEASA-RN Natal(RN),RN,3.0,2026-07-28
Pepino,1Kg,Hortaliças,CEASA-PB Patos(PB),PB,3.33,2026-07-28
Pepino,1Kg,Hortaliças,CEASA-RJ Rio de Janeiro(RJ),RJ,2.06,2026-07-28
Pepino,1Kg,Hortaliças,CEASA-CE Fortaleza(CE),CE,1.6,2026-07-28
Pepino,1Kg,Hortaliças,CEASA-AL Maceió(AL),AL,2.5,2026-07-28
Pepino,1Kg,Hortaliças,AMA-BA Juazeiro(BA),BA,3.25,2026-07-28
Pepino,1Kg,Hortaliças,CEASA-PR Cascavel(PR),PR,4.0,2026-07-28
Pepino,1Kg,Hortaliças,CEASAMINAS Barbacena(MG),MG,3.68,2026-07-28
Pepino,1Kg,Hortaliças,CEASA-RS Porto Alegre(RS),RS,3.06,2026-07-28
Pimentão Verde,1Kg,Hortaliças,CEASA-SC Florianópolis(SC),SC,7.5,2026-07-28
Pimentão Verde,1Kg,Hortaliças,CEAGESP Ribeirão Preto(SP),SP,6.0,2026-07-28
Pimentão Verde,1Kg,Hortaliças,CEASA-MT Cuiabá(MT),MT,6.84,2026-07-28
Pimentão Verde,1Kg,Hortaliças,CEASA-PE Recife(PE),PE,3.57,2026-07-28
Pimentão Verde,1Kg,Hortaliças,CEASA-MS Campo Grande(MS),MS,5.85,2026-07-28
Pimentão Verde,1Kg,Hortaliças,CEASA-CE Tianguá(CE),CE,3.33,2026-07-28
Pimentão Verde,1Kg,Hortaliças,CEASA-PR Curitiba(PR),PR,5.83,2026-07-28
Pimentão Verde,1Kg,Hortaliças,CEASA-PR Foz do Iguaçu(PR),PR,6.52,2026-07-28
Pimentão Verde,1Kg,Hortaliças,CEASA-ES Vitória(ES),ES,3.82,2026-07-28
Pimentão Verde,1Kg,Hortaliças,CEASA-RN Natal(RN),RN,4.0,2026-07-28
Pimentão Verde,1Kg,Hortaliças,CEASA-PB Patos(PB),PB,3.31,2026-07-28
Pimentão Verde,1Kg,Hortaliças,CEASA-RJ Rio de Janeiro(RJ),RJ,5.0,2026-07-28
Pimentão Verde,1Kg,Hortaliças,CEASA-CE Fortaleza(CE),CE,4.15,2026-07-28
Pimentão Verde,1Kg,Hortaliças,CEASA-AL Maceió(AL),AL,3.6,2026-07-28
Pimentão Verde,1Kg,Hortaliças,AMA-BA Juazeiro(BA),BA,2.29,2026-07-28
Pimentão Verde,1Kg,Hortaliças,CEASA-PR Cascavel(PR),PR,9.5,2026-07-28
Pimentão Verde,1Kg,Hortaliças,CEASAMINAS Barbacena(MG),MG,6.67,2026-07-28
Pimentão Verde,1Kg,Hortaliças,CEASA-RS Porto Alegre(RS),RS,7.0,2026-07-28
Quiabo,1Kg,Hortaliças,CEASA-SC Florianópolis(SC),SC,18.0,2026-07-28
Quiabo,1Kg,Hortaliças,CEAGESP Ribeirão Preto(SP),SP,11.56,2026-07-28
Quiabo,1Kg,Hortaliças,CEASA-MT Cuiabá(MT),MT,5.45,2026-07-28
Quiabo,1Kg,Hortaliças,CEASA-PE Recife(PE),PE,12.0,2026-07-28
Quiabo,1Kg,Hortaliças,CEASA-MS Campo Grande(MS),MS,8.0,2026-07-28
Quiabo,1Kg,Hortaliças,CEASA-CE Tianguá(CE),CE,5.33,2026-07-28
Quiabo,1Kg,Hortaliças,CEASA-PR Curitiba(PR),PR,10.0,2026-07-28
Quiabo,1Kg,Hortaliças,CEASA-PR Foz do Iguaçu(PR),PR,10.0,2026-07-28
Quiabo,1Kg,Hortaliças,CEASA-ES Vitória(ES),ES,6.55,2026-07-28
Quiabo,1Kg,Hortaliças,CEASA-RN Natal(RN),RN,8.0,2026-07-28
Quiabo,1Kg,Hortaliças,CEASA-PB Patos(PB),PB,6.5,2026-07-28
Quiabo,1Kg,Hortaliças,CEASA-RJ Rio de Janeiro(RJ),RJ,6.67,2026-07-28
Quiabo,1Kg,Hortaliças,CEASA-CE Fortaleza(CE),CE,12.0,2026-07-28
Quiabo,1Kg,Hortaliças,CEASA-AL Maceió(AL),AL,5.0,2026-07-28
Quiabo,1Kg,Hortaliças,AMA-BA Juazeiro(BA),BA,6.5,2026-07-28
Quiabo,1Kg,Hortaliças,CEASA-PR Cascavel(PR),PR,13.0,2026-07-28
Quiabo,1Kg,Hortaliças,CEASAMINAS Barbacena(MG),MG,9.17,2026-07-28
Quiabo,1Kg,Hortaliças,CEASA-RS Porto Alegre(RS),RS,18.0,2026-07-28
Repolho,1Kg,Hortaliças,CEASA-SC Florianópolis(SC),SC,1.6,2026-07-28
Repolho,1Kg,Hortaliças,CEAGESP Ribeirão Preto(SP),SP,3.0,2026-07-28
Repolho,1Kg,Hortaliças,CEASA-MT Cuiabá(MT),MT,3.11,2026-07-28
Repolho,1Kg,Hortaliças,CEASA-PE Recife(PE),PE,1.48,2026-07-28
Repolho,1Kg,Hortaliças,CEASA-MS Campo Grande(MS),MS,2.5,2026-07-28
Repolho,1Kg,Hortaliças,CEASA-CE Tianguá(CE),CE,4.5,2026-07-28
Repolho,1Kg,Hortaliças,CEASA-PR Curitiba(PR),PR,2.0,2026-07-28
Repolho,1Kg,Hortaliças,CEASA-PR Foz do Iguaçu(PR),PR,2.5,2026-07-28
Repolho,1Kg,Hortaliças,CEASA-ES Vitória(ES),ES,1.97,2026-07-28
Repolho,1Kg,Hortaliças,CEASA-RN Natal(RN),RN,3.0,2026-07-28
Repolho,1Kg,Hortaliças,CEASA-PB Patos(PB),PB,4.5,2026-07-28
Repolho,1Kg,Hortaliças,CEASA-RJ Rio de Janeiro(RJ),RJ,2.67,2026-07-28
Repolho,1Kg,Hortaliças,CEASA-CE Fortaleza(CE),CE,6.5,2026-07-28
Repolho,1Kg,Hortaliças,CEASA-AL Maceió(AL),AL,2.0,2026-07-28
Repolho,1Kg,Hortaliças,AMA-BA Juazeiro(BA),BA,4.5,2026-07-28
Repolho,1Kg,Hortaliças,CEASA-PR Cascavel(PR),PR,3.8,2026-07-28
Repolho,1Kg,Hortaliças,CEASAMINAS Barbacena(MG),MG,1.52,2026-07-28
Repolho,1Kg,Hortaliças,CEASA-RS Porto Alegre(RS),RS,1.72,2026-07-28
Tomate,1Kg,Hortaliças,CEASA-SC Florianópolis(SC),SC,3.5,2026-07-28
Tomate,1Kg,Hortaliças,CEAGESP Ribeirão Preto(SP),SP,6.5,2026-07-28
Tomate,1Kg,Hortaliças,CEASA-MT Cuiabá(MT),MT,4.47,2026-07-28
Tomate,1Kg,Hortaliças,CEASA-PE Recife(PE),PE,1.92,2026-07-28
Tomate,1Kg,Hortaliças,CEASA-MS Campo Grande(MS),MS,4.0,2026-07-28
Tomate,1Kg,Hortaliças,CEASA-CE Tianguá(CE),CE,2.4,2026-07-28
Tomate,1Kg,Hortaliças,CEASA-PR Curitiba(PR),PR,3.5,2026-07-28
Tomate,1Kg,Hortaliças,CEASA-PR Foz do Iguaçu(PR),PR,4.75,2026-07-28
Tomate,1Kg,Hortaliças,CEASA-ES Vitória(ES),ES,3.0,2026-07-28
Tomate,1Kg,Hortaliças,CEASA-RN Natal(RN),RN,1.93,2026-07-28
Tomate,1Kg,Hortaliças,CEASA-PB Patos(PB),PB,2.46,2026-07-28
Tomate,1Kg,Hortaliças,CEASA-RJ Rio de Janeiro(RJ),RJ,5.0,2026-07-28
Tomate,1Kg,Hortaliças,CEASA-CE Fortaleza(CE),CE,3.2,2026-07-28
Tomate,1Kg,Hortaliças,CEASA-AL Maceió(AL),AL,2.35,2026-07-28
Tomate,1Kg,Hortaliças,AMA-BA Juazeiro(BA),BA,1.92,2026-07-28
Tomate,1Kg,Hortaliças,CEASA-PR Cascavel(PR),PR,3.8,2026-07-28
Tomate,1Kg,Hortaliças,CEASAMINAS Barbacena(MG),MG,4.5,2026-07-28
Tomate,1Kg,Hortaliças,CEASA-RS Porto Alegre(RS),RS,3.5,2026-07-28
Vagem,1Kg,Hortaliças,CEASA-SC Florianópolis(SC),SC,9.0,2026-07-28
Vagem,1Kg,Hortaliças,CEAGESP Ribeirão Preto(SP),SP,11.67,2026-07-28
Vagem,1Kg,Hortaliças,CEASA-MT Cuiabá(MT),MT,10.91,2026-07-28
Vagem,1Kg,Hortaliças,CEASA-PE Recife(PE),PE,8.0,2026-07-28
Vagem,1Kg,Hortaliças,CEASA-MS Campo Grande(MS),MS,10.65,2026-07-28
Vagem,1Kg,Hortaliças,CEASA-CE Tianguá(CE),CE,5.0,2026-07-28
Vagem,1Kg,Hortaliças,CEASA-PR Curitiba(PR),PR,6.67,2026-07-28
Vagem,1Kg,Hortaliças,CEASA-PR Foz do Iguaçu(PR),PR,7.33,2026-07-28
Vagem,1Kg,Hortaliças,CEASA-ES Vitória(ES),ES,6.67,2026-07-28
Vagem,1Kg,Hortaliças,CEASA-RN Natal(RN),RN,10.0,2026-07-28
Vagem,1Kg,Hortaliças,CEASA-PB Patos(PB),PB,11.67,2026-07-28
Vagem,1Kg,Hortaliças,CEASA-RJ Rio de Janeiro(RJ),RJ,10.0,2026-07-28
Vagem,1Kg,Hortaliças,CEASA-CE Fortaleza(CE),CE,6.5,2026-07-28
Vagem,1Kg,Hortaliças,CEASA-AL Maceió(AL),AL,6.0,2026-07-28
Vagem,1Kg,Hortaliças,AMA-BA Juazeiro(BA),BA,9.0,2026-07-28
Vagem,1Kg,Hortaliças,CEASA-PR Cascavel(PR),PR,16.5,2026-07-28
Vagem,1Kg,Hortaliças,CEASAMINAS Barbacena(MG),MG,4.62,2026-07-28
Vagem,1Kg,Hortaliças,CEASA-RS Porto Alegre(RS),RS,12.0,2026-07-28
Abóbora,1Kg,Hortaliças,CEASA-PE Recife(PE),PE,2.8,2026-07-27
Abóbora,1Kg,Hortaliças,CEASA-CE Fortaleza(CE),CE,4.0,2026-07-27
Abóbora,1Kg,Hortaliças,CEASA-PR Foz do Iguaçu(PR),PR,3.5,2026-07-27
Abóbora,1Kg,Hortaliças,CEASA-ES Vitória(ES),ES,2.39,2026-07-27
Abóbora,1Kg,Hortaliças,CEASA-MA São Luís(MA),MA,3.06,2026-07-27
Abóbora,1Kg,Hortaliças,CEASA-MT Cuiabá(MT),MT,2.63,2026-07-27
Abóbora,1Kg,Hortaliças,CEASA-BA Salvador(BA),BA,3.0,2026-07-27
Abóbora,1Kg,Hortaliças,CEASA-PE Caruaru(PE),PE,3.0,2026-07-27
Abóbora,1Kg,Hortaliças,CEASAMINAS Belo Horizonte(MG),MG,1.75,2026-07-27
Abóbora,1Kg,Hortaliças,CEASA-RJ Rio de Janeiro(RJ),RJ,2.5,2026-07-27
Abóbora,1Kg,Hortaliças,CEASA-PR Curitiba(PR),PR,2.5,2026-07-27
Abóbora,1Kg,Hortaliças,CEASA-AL Maceió(AL),AL,2.0,2026-07-27
Abóbora,1Kg,Hortaliças,AMA-BA Juazeiro(BA),BA,2.0,2026-07-27
Abóbora,1Kg,Hortaliças,CEAGESP São Paulo(SP),SP,3.04,2026-07-27
Abóbora,1Kg,Hortaliças,CEAGESP São José dos Campos(SP),SP,3.8,2026-07-27
Abóbora,1Kg,Hortaliças,CEASA-PR Cascavel(PR),PR,3.0,2026-07-27
Abobrinha,1Kg,Hortaliças,CEASA-PE Recife(PE),PE,2.5,2026-07-27
Abobrinha,1Kg,Hortaliças,CEASA-CE Fortaleza(CE),CE,4.1,2026-07-27
Abobrinha,1Kg,Hortaliças,CEASA-PR Foz do Iguaçu(PR),PR,2.75,2026-07-27
Abobrinha,1Kg,Hortaliças,CEASA-ES Vitória(ES),ES,2.65,2026-07-27
Abobrinha,1Kg,Hortaliças,CEASA-MA São Luís(MA),MA,3.15,2026-07-27
Abobrinha,1Kg,Hortaliças,CEASA-MT Cuiabá(MT),MT,3.53,2026-07-27
Abobrinha,1Kg,Hortaliças,CEASA-BA Salvador(BA),BA,2.1,2026-07-27
Abobrinha,1Kg,Hortaliças,CEASA-PE Caruaru(PE),PE,3.0,2026-07-27
Abobrinha,1Kg,Hortaliças,CEASAMINAS Belo Horizonte(MG),MG,3.33,2026-07-27
Abobrinha,1Kg,Hortaliças,CEASA-RJ Rio de Janeiro(RJ),RJ,2.81,2026-07-27
Abobrinha,1Kg,Hortaliças,CEASA-PR Curitiba(PR),PR,1.75,2026-07-27
Abobrinha,1Kg,Hortaliças,CEASA-AL Maceió(AL),AL,3.0,2026-07-27
Abobrinha,1Kg,Hortaliças,AMA-BA Juazeiro(BA),BA,3.19,2026-07-27
Abobrinha,1Kg,Hortaliças,CEAGESP São Paulo(SP),SP,1.96,2026-07-27
Abobrinha,1Kg,Hortaliças,CEAGESP São José dos Campos(SP),SP,5.0,2026-07-27
Abobrinha,1Kg,Hortaliças,CEASA-PR Cascavel(PR),PR,3.9,2026-07-27
Alface,1Dz,Hortaliças,CEASA-PE Recife(PE),PE,18.0,2026-07-27
Alface,1Dz,Hortaliças,CEASA-CE Fortaleza(CE),CE,36.0,2026-07-27
Alface,1Dz,Hortaliças,CEASA-PR Foz do Iguaçu(PR),PR,19.5,2026-07-27
Alface,1Dz,Hortaliças,CEASA-ES Vitória(ES),ES,15.92,2026-07-27
Alface,1Dz,Hortaliças,CEASA-MA São Luís(MA),MA,15.49,2026-07-27
Alface,1Dz,Hortaliças,CEASA-MT Cuiabá(MT),MT,30.0,2026-07-27
Alface,1Dz,Hortaliças,CEASA-PE Caruaru(PE),PE,1.5,2026-07-27
Alface,1Dz,Hortaliças,CEASAMINAS Belo Horizonte(MG),MG,30.0,2026-07-27
Alface,1Dz,Hortaliças,CEASA-RJ Rio de Janeiro(RJ),RJ,23.33,2026-07-27
Alface,1Dz,Hortaliças,CEASA-PR Curitiba(PR),PR,30.0,2026-07-27
Alface,1Dz,Hortaliças,CEASA-AL Maceió(AL),AL,18.0,2026-07-27
Alface,1Dz,Hortaliças,AMA-BA Juazeiro(BA),BA,8.0,2026-07-27
Alface,1Dz,Hortaliças,CEAGESP São Paulo(SP),SP,21.12,2026-07-27
Alface,1Dz,Hortaliças,CEAGESP São José dos Campos(SP),SP,26.0,2026-07-27
Alface,1Dz,Hortaliças,CEASA-PR Cascavel(PR),PR,48.0,2026-07-27
Berinjela,1Kg,Hortaliças,CEASA-PE Recife(PE),PE,3.0,2026-07-27
Berinjela,1Kg,Hortaliças,CEASA-CE Fortaleza(CE),CE,3.0,2026-07-27
Berinjela,1Kg,Hortaliças,CEASA-PR Foz do Iguaçu(PR),PR,7.08,2026-07-27
Berinjela,1Kg,Hortaliças,CEASA-ES Vitória(ES),ES,3.93,2026-07-27
Berinjela,1Kg,Hortaliças,CEASA-MA São Luís(MA),MA,4.85,2026-07-27
Berinjela,1Kg,Hortaliças,CEASA-MT Cuiabá(MT),MT,2.73,2026-07-27
Berinjela,1Kg,Hortaliças,CEASA-BA Salvador(BA),BA,4.09,2026-07-27
Berinjela,1Kg,Hortaliças,CEASA-PE Caruaru(PE),PE,3.0,2026-07-27
Berinjela,1Kg,Hortaliças,CEASAMINAS Belo Horizonte(MG),MG,4.16,2026-07-27
Berinjela,1Kg,Hortaliças,CEASA-RJ Rio de Janeiro(RJ),RJ,5.0,2026-07-27
Berinjela,1Kg,Hortaliças,CEASA-PR Curitiba(PR),PR,5.0,2026-07-27
Berinjela,1Kg,Hortaliças,CEASA-AL Maceió(AL),AL,3.0,2026-07-27
Berinjela,1Kg,Hortaliças,AMA-BA Juazeiro(BA),BA,4.29,2026-07-27
Berinjela,1Kg,Hortaliças,CEAGESP São Paulo(SP),SP,4.86,2026-07-27
Berinjela,1Kg,Hortaliças,CEAGESP São José dos Campos(SP),SP,7.25,2026-07-27
Berinjela,1Kg,Hortaliças,CEASA-PR Cascavel(PR),PR,6.5,2026-07-27
Beterraba,1Kg,Hortaliças,CEASA-PE Recife(PE),PE,3.0,2026-07-27
Beterraba,1Kg,Hortaliças,CEASA-CE Fortaleza(CE),CE,3.6,2026-07-27
Beterraba,1Kg,Hortaliças,CEASA-PR Foz do Iguaçu(PR),PR,3.25,2026-07-27
Beterraba,1Kg,Hortaliças,CEASA-ES Vitória(ES),ES,2.96,2026-07-27
Beterraba,1Kg,Hortaliças,CEASA-MA São Luís(MA),MA,5.63,2026-07-27
Beterraba,1Kg,Hortaliças,CEASA-MT Cuiabá(MT),MT,3.42,2026-07-27
Beterraba,1Kg,Hortaliças,CEASA-BA Salvador(BA),BA,2.5,2026-07-27
Beterraba,1Kg,Hortaliças,CEASA-PE Caruaru(PE),PE,3.0,2026-07-27
Beterraba,1Kg,Hortaliças,CEASAMINAS Belo Horizonte(MG),MG,3.15,2026-07-27
Beterraba,1Kg,Hortaliças,CEASA-RJ Rio de Janeiro(RJ),RJ,2.75,2026-07-27
Beterraba,1Kg,Hortaliças,CEASA-PR Curitiba(PR),PR,2.25,2026-07-27
Beterraba,1Kg,Hortaliças,CEASA-AL Maceió(AL),AL,3.5,2026-07-27
Beterraba,1Kg,Hortaliças,AMA-BA Juazeiro(BA),BA,2.25,2026-07-27
Beterraba,1Kg,Hortaliças,CEAGESP São Paulo(SP),SP,1.8,2026-07-27
Beterraba,1Kg,Hortaliças,CEAGESP São José dos Campos(SP),SP,3.5,2026-07-27
Beterraba,1Kg,Hortaliças,CEASA-PR Cascavel(PR),PR,3.7,2026-07-27
Brócolis,1Kg,Hortaliças,CEASA-PE Recife(PE),PE,8.57,2026-07-27
Brócolis,1Kg,Hortaliças,CEASA-CE Fortaleza(CE),CE,25.0,2026-07-27
Brócolis,1Kg,Hortaliças,CEASA-PR Foz do Iguaçu(PR),PR,6.0,2026-07-27
Brócolis,1Kg,Hortaliças,CEASA-ES Vitória(ES),ES,5.26,2026-07-27
Brócolis,1Kg,Hortaliças,CEASA-MA São Luís(MA),MA,21.5,2026-07-27
Brócolis,1Kg,Hortaliças,CEASA-MT Cuiabá(MT),MT,21.82,2026-07-27
Brócolis,1Kg,Hortaliças,CEASA-BA Salvador(BA),BA,10.0,2026-07-27
Brócolis,1Kg,Hortaliças,CEASA-PE Caruaru(PE),PE,12.0,2026-07-27
Brócolis,1Kg,Hortaliças,CEASAMINAS Belo Horizonte(MG),MG,7.5,2026-07-27
Brócolis,1Kg,Hortaliças,CEASA-RJ Rio de Janeiro(RJ),RJ,5.0,2026-07-27
Brócolis,1Kg,Hortaliças,CEASA-PR Curitiba(PR),PR,5.83,2026-07-27
Brócolis,1Kg,Hortaliças,CEASA-AL Maceió(AL),AL,27.0,2026-07-27
Brócolis,1Kg,Hortaliças,CEAGESP São Paulo(SP),SP,2.81,2026-07-27
Brócolis,1Kg,Hortaliças,CEAGESP São José dos Campos(SP),SP,4.65,2026-07-27
Brócolis,1Kg,Hortaliças,CEASA-PR Cascavel(PR),PR,14.0,2026-07-27
Cenoura,1Kg,Hortaliças,CEASA-PE Recife(PE),PE,4.5,2026-07-27
Cenoura,1Kg,Hortaliças,CEASA-CE Fortaleza(CE),CE,5.25,2026-07-27
Cenoura,1Kg,Hortaliças,CEASA-PR Foz do Iguaçu(PR),PR,4.8,2026-07-27
Cenoura,1Kg,Hortaliças,CEASA-ES Vitória(ES),ES,4.28,2026-07-27
Cenoura,1Kg,Hortaliças,CEASA-MA São Luís(MA),MA,7.0,2026-07-27
Cenoura,1Kg,Hortaliças,CEASA-MT Cuiabá(MT),MT,4.62,2026-07-27
Cenoura,1Kg,Hortaliças,CEASA-BA Salvador(BA),BA,3.75,2026-07-27
Cenoura,1Kg,Hortaliças,CEASA-PE Caruaru(PE),PE,4.0,2026-07-27
Cenoura,1Kg,Hortaliças,CEASAMINAS Belo Horizonte(MG),MG,3.25,2026-07-27
Cenoura,1Kg,Hortaliças,CEASA-RJ Rio de Janeiro(RJ),RJ,5.0,2026-07-27
Cenoura,1Kg,Hortaliças,CEASA-PR Curitiba(PR),PR,3.5,2026-07-27
Cenoura,1Kg,Hortaliças,CEASA-AL Maceió(AL),AL,6.0,2026-07-27
Cenoura,1Kg,Hortaliças,AMA-BA Juazeiro(BA),BA,4.5,2026-07-27
Cenoura,1Kg,Hortaliças,CEAGESP São Paulo(SP),SP,3.09,2026-07-27
Cenoura,1Kg,Hortaliças,CEAGESP São José dos Campos(SP),SP,4.5,2026-07-27
Cenoura,1Kg,Hortaliças,CEASA-PR Cascavel(PR),PR,4.6,2026-07-27
Chuchu,1Kg,Hortaliças,CEASA-PE Recife(PE),PE,1.5,2026-07-27
Chuchu,1Kg,Hortaliças,CEASA-CE Fortaleza(CE),CE,3.2,2026-07-27
Chuchu,1Kg,Hortaliças,CEASA-PR Foz do Iguaçu(PR),PR,2.25,2026-07-27
Chuchu,1Kg,Hortaliças,CEASA-ES Vitória(ES),ES,1.07,2026-07-27
Chuchu,1Kg,Hortaliças,CEASA-MA São Luís(MA),MA,3.5,2026-07-27
Chuchu,1Kg,Hortaliças,CEASA-MT Cuiabá(MT),MT,1.84,2026-07-27
Chuchu,1Kg,Hortaliças,CEASA-BA Salvador(BA),BA,1.9,2026-07-27
Chuchu,1Kg,Hortaliças,CEASA-PE Caruaru(PE),PE,2.0,2026-07-27
Chuchu,1Kg,Hortaliças,CEASAMINAS Belo Horizonte(MG),MG,1.05,2026-07-27
Chuchu,1Kg,Hortaliças,CEASA-RJ Rio de Janeiro(RJ),RJ,1.39,2026-07-27
Chuchu,1Kg,Hortaliças,CEASA-PR Curitiba(PR),PR,1.25,2026-07-27
Chuchu,1Kg,Hortaliças,CEASA-AL Maceió(AL),AL,2.0,2026-07-27
Chuchu,1Kg,Hortaliças,AMA-BA Juazeiro(BA),BA,3.5,2026-07-27
Chuchu,1Kg,Hortaliças,CEAGESP São Paulo(SP),SP,1.73,2026-07-27
Chuchu,1Kg,Hortaliças,CEAGESP São José dos Campos(SP),SP,3.33,2026-07-27
Chuchu,1Kg,Hortaliças,CEASA-PR Cascavel(PR),PR,3.0,2026-07-27
Couve,1Kg,Hortaliças,CEASA-PE Recife(PE),PE,5.0,2026-07-27
Couve,1Kg,Hortaliças,CEASA-PR Foz do Iguaçu(PR),PR,3.0,2026-07-27
Couve,1Kg,Hortaliças,CEASA-ES Vitória(ES),ES,4.55,2026-07-27
Couve,1Kg,Hortaliças,CEASA-MA São Luís(MA),MA,22.69,2026-07-27
Couve,1Kg,Hortaliças,CEASA-MT Cuiabá(MT),MT,13.33,2026-07-27
Couve,1Kg,Hortaliças,CEASA-PE Caruaru(PE),PE,8.0,2026-07-27
Couve,1Kg,Hortaliças,CEASAMINAS Belo Horizonte(MG),MG,10.59,2026-07-27
Couve,1Kg,Hortaliças,CEASA-RJ Rio de Janeiro(RJ),RJ,7.0,2026-07-27
Couve,1Kg,Hortaliças,CEASA-PR Curitiba(PR),PR,5.0,2026-07-27
Couve,1Kg,Hortaliças,CEASA-AL Maceió(AL),AL,5.0,2026-07-27
Couve,1Kg,Hortaliças,AMA-BA Juazeiro(BA),BA,5.0,2026-07-27
Couve,1Kg,Hortaliças,CEAGESP São Paulo(SP),SP,2.77,2026-07-27
Couve,1Kg,Hortaliças,CEAGESP São José dos Campos(SP),SP,4.5,2026-07-27
Couve,1Kg,Hortaliças,CEASA-PR Cascavel(PR),PR,8.0,2026-07-27
Couve-Flor,1Un,Hortaliças,CEASA-PE Recife(PE),PE,6.0,2026-07-27
Couve-Flor,1Un,Hortaliças,CEASA-CE Fortaleza(CE),CE,2.5,2026-07-27
Couve-Flor,1Un,Hortaliças,CEASA-PR Foz do Iguaçu(PR),PR,6.0,2026-07-27
Couve-Flor,1Un,Hortaliças,CEASA-ES Vitória(ES),ES,3.5,2026-07-27
Couve-Flor,1Un,Hortaliças,CEASA-MA São Luís(MA),MA,8.95,2026-07-27
Couve-Flor,1Un,Hortaliças,CEASA-MT Cuiabá(MT),MT,7.0,2026-07-27
Couve-Flor,1Un,Hortaliças,CEASA-BA Salvador(BA),BA,8.9,2026-07-27
Couve-Flor,1Un,Hortaliças,CEASA-PE Caruaru(PE),PE,6.0,2026-07-27
Couve-Flor,1Un,Hortaliças,CEASAMINAS Belo Horizonte(MG),MG,3.33,2026-07-27
Couve-Flor,1Un,Hortaliças,CEASA-RJ Rio de Janeiro(RJ),RJ,2.19,2026-07-27
Couve-Flor,1Un,Hortaliças,CEASA-PR Curitiba(PR),PR,3.33,2026-07-27
Couve-Flor,1Un,Hortaliças,CEASA-AL Maceió(AL),AL,9.0,2026-07-27
Couve-Flor,1Un,Hortaliças,CEAGESP São Paulo(SP),SP,5.18,2026-07-27
Couve-Flor,1Un,Hortaliças,CEAGESP São José dos Campos(SP),SP,6.88,2026-07-27
Couve-Flor,1Un,Hortaliças,CEASA-PR Cascavel(PR),PR,9.0,2026-07-27
Pepino,1Kg,Hortaliças,CEASA-PE Recife(PE),PE,0.67,2026-07-27
Pepino,1Kg,Hortaliças,CEASA-CE Fortaleza(CE),CE,1.6,2026-07-27
Pepino,1Kg,Hortaliças,CEASA-PR Foz do Iguaçu(PR),PR,7.5,2026-07-27
Pepino,1Kg,Hortaliças,CEASA-ES Vitória(ES),ES,2.17,2026-07-27
Pepino,1Kg,Hortaliças,CEASA-MA São Luís(MA),MA,2.7,2026-07-27
Pepino,1Kg,Hortaliças,CEASA-MT Cuiabá(MT),MT,3.08,2026-07-27
Pepino,1Kg,Hortaliças,CEASA-BA Salvador(BA),BA,1.7,2026-07-27
Pepino,1Kg,Hortaliças,CEASA-PE Caruaru(PE),PE,4.0,2026-07-27
Pepino,1Kg,Hortaliças,CEASAMINAS Belo Horizonte(MG),MG,1.05,2026-07-27
Pepino,1Kg,Hortaliças,CEASA-RJ Rio de Janeiro(RJ),RJ,2.06,2026-07-27
Pepino,1Kg,Hortaliças,CEASA-PR Curitiba(PR),PR,3.0,2026-07-27
Pepino,1Kg,Hortaliças,CEASA-AL Maceió(AL),AL,2.5,2026-07-27
Pepino,1Kg,Hortaliças,AMA-BA Juazeiro(BA),BA,3.25,2026-07-27
Pepino,1Kg,Hortaliças,CEAGESP São Paulo(SP),SP,2.78,2026-07-27
Pepino,1Kg,Hortaliças,CEAGESP São José dos Campos(SP),SP,4.72,2026-07-27
Pepino,1Kg,Hortaliças,CEASA-PR Cascavel(PR),PR,3.5,2026-07-27
Pimentão Verde,1Kg,Hortaliças,CEASA-PE Recife(PE),PE,4.3,2026-07-27
Pimentão Verde,1Kg,Hortaliças,CEASA-CE Fortaleza(CE),CE,4.15,2026-07-27
Pimentão Verde,1Kg,Hortaliças,CEASA-PR Foz do Iguaçu(PR),PR,6.52,2026-07-27
Pimentão Verde,1Kg,Hortaliças,CEASA-ES Vitória(ES),ES,3.67,2026-07-27
Pimentão Verde,1Kg,Hortaliças,CEASA-MA São Luís(MA),MA,8.91,2026-07-27
Pimentão Verde,1Kg,Hortaliças,CEASA-MT Cuiabá(MT),MT,6.84,2026-07-27
Pimentão Verde,1Kg,Hortaliças,CEASA-BA Salvador(BA),BA,3.9,2026-07-27
Pimentão Verde,1Kg,Hortaliças,CEASA-PE Caruaru(PE),PE,3.0,2026-07-27
Pimentão Verde,1Kg,Hortaliças,CEASAMINAS Belo Horizonte(MG),MG,7.22,2026-07-27
Pimentão Verde,1Kg,Hortaliças,CEASA-RJ Rio de Janeiro(RJ),RJ,5.0,2026-07-27
Pimentão Verde,1Kg,Hortaliças,CEASA-PR Curitiba(PR),PR,6.67,2026-07-27
Pimentão Verde,1Kg,Hortaliças,CEASA-AL Maceió(AL),AL,3.6,2026-07-27
Pimentão Verde,1Kg,Hortaliças,AMA-BA Juazeiro(BA),BA,2.29,2026-07-27
Pimentão Verde,1Kg,Hortaliças,CEAGESP São Paulo(SP),SP,4.72,2026-07-27
Pimentão Verde,1Kg,Hortaliças,CEAGESP São José dos Campos(SP),SP,8.3,2026-07-27
Pimentão Verde,1Kg,Hortaliças,CEASA-PR Cascavel(PR),PR,9.5,2026-07-27
Quiabo,1Kg,Hortaliças,CEASA-PE Recife(PE),PE,12.0,2026-07-27
Quiabo,1Kg,Hortaliças,CEASA-CE Fortaleza(CE),CE,12.0,2026-07-27
Quiabo,1Kg,Hortaliças,CEASA-PR Foz do Iguaçu(PR),PR,10.0,2026-07-27
Quiabo,1Kg,Hortaliças,CEASA-ES Vitória(ES),ES,6.67,2026-07-27
Quiabo,1Kg,Hortaliças,CEASA-MA São Luís(MA),MA,20.7,2026-07-27
Quiabo,1Kg,Hortaliças,CEASA-MT Cuiabá(MT),MT,5.45,2026-07-27
Quiabo,1Kg,Hortaliças,CEASA-BA Salvador(BA),BA,2.8,2026-07-27
Quiabo,1Kg,Hortaliças,CEASA-PE Caruaru(PE),PE,7.0,2026-07-27
Quiabo,1Kg,Hortaliças,CEASAMINAS Belo Horizonte(MG),MG,5.83,2026-07-27
Quiabo,1Kg,Hortaliças,CEASA-RJ Rio de Janeiro(RJ),RJ,6.67,2026-07-27
Quiabo,1Kg,Hortaliças,CEASA-PR Curitiba(PR),PR,10.0,2026-07-27
Quiabo,1Kg,Hortaliças,CEASA-AL Maceió(AL),AL,5.0,2026-07-27
Quiabo,1Kg,Hortaliças,AMA-BA Juazeiro(BA),BA,6.5,2026-07-27
Quiabo,1Kg,Hortaliças,CEAGESP São Paulo(SP),SP,4.82,2026-07-27
Quiabo,1Kg,Hortaliças,CEAGESP São José dos Campos(SP),SP,10.0,2026-07-27
Quiabo,1Kg,Hortaliças,CEASA-PR Cascavel(PR),PR,15.0,2026-07-27
Repolho,1Kg,Hortaliças,CEASA-PE Recife(PE),PE,1.48,2026-07-27
Repolho,1Kg,Hortaliças,CEASA-CE Fortaleza(CE),CE,6.0,2026-07-27
Repolho,1Kg,Hortaliças,CEASA-PR Foz do Iguaçu(PR),PR,2.5,2026-07-27
Repolho,1Kg,Hortaliças,CEASA-ES Vitória(ES),ES,2.1,2026-07-27
Repolho,1Kg,Hortaliças,CEASA-MA São Luís(MA),MA,7.35,2026-07-27
Repolho,1Kg,Hortaliças,CEASA-MT Cuiabá(MT),MT,3.11,2026-07-27
Repolho,1Kg,Hortaliças,CEASA-BA Salvador(BA),BA,3.0,2026-07-27
Repolho,1Kg,Hortaliças,CEASA-PE Caruaru(PE),PE,5.0,2026-07-27
Repolho,1Kg,Hortaliças,CEASAMINAS Belo Horizonte(MG),MG,1.5,2026-07-27
Repolho,1Kg,Hortaliças,CEASA-RJ Rio de Janeiro(RJ),RJ,2.67,2026-07-27
Repolho,1Kg,Hortaliças,CEASA-PR Curitiba(PR),PR,2.0,2026-07-27
Repolho,1Kg,Hortaliças,CEASA-AL Maceió(AL),AL,2.0,2026-07-27
Repolho,1Kg,Hortaliças,AMA-BA Juazeiro(BA),BA,4.5,2026-07-27
Repolho,1Kg,Hortaliças,CEAGESP São Paulo(SP),SP,2.29,2026-07-27
Repolho,1Kg,Hortaliças,CEAGESP São José dos Campos(SP),SP,2.5,2026-07-27
Repolho,1Kg,Hortaliças,CEASA-PR Cascavel(PR),PR,3.6,2026-07-27
Tomate,1Kg,Hortaliças,CEASA-PE Recife(PE),PE,1.92,2026-07-27
Tomate,1Kg,Hortaliças,CEASA-CE Fortaleza(CE),CE,3.2,2026-07-27
Tomate,1Kg,Hortaliças,CEASA-PR Foz do Iguaçu(PR),PR,4.75,2026-07-27
Tomate,1Kg,Hortaliças,CEASA-ES Vitória(ES),ES,2.89,2026-07-27
Tomate,1Kg,Hortaliças,CEASA-MA São Luís(MA),MA,4.83,2026-07-27
Tomate,1Kg,Hortaliças,CEASA-MT Cuiabá(MT),MT,4.47,2026-07-27
Tomate,1Kg,Hortaliças,CEASA-BA Salvador(BA),BA,2.4,2026-07-27
Tomate,1Kg,Hortaliças,CEASA-PE Caruaru(PE),PE,2.0,2026-07-27
Tomate,1Kg,Hortaliças,CEASAMINAS Belo Horizonte(MG),MG,3.25,2026-07-27
Tomate,1Kg,Hortaliças,CEASA-RJ Rio de Janeiro(RJ),RJ,4.44,2026-07-27
Tomate,1Kg,Hortaliças,CEASA-PR Curitiba(PR),PR,3.5,2026-07-27
Tomate,1Kg,Hortaliças,CEASA-AL Maceió(AL),AL,2.35,2026-07-27
Tomate,1Kg,Hortaliças,AMA-BA Juazeiro(BA),BA,2.21,2026-07-27
Tomate,1Kg,Hortaliças,CEAGESP São Paulo(SP),SP,3.59,2026-07-27
Tomate,1Kg,Hortaliças,CEAGESP São José dos Campos(SP),SP,4.0,2026-07-27
Tomate,1Kg,Hortaliças,CEASA-PR Cascavel(PR),PR,3.8,2026-07-27
Vagem,1Kg,Hortaliças,CEASA-PE Recife(PE),PE,8.0,2026-07-27
Vagem,1Kg,Hortaliças,CEASA-CE Fortaleza(CE),CE,7.0,2026-07-27
Vagem,1Kg,Hortaliças,CEASA-PR Foz do Iguaçu(PR),PR,7.33,2026-07-27
Vagem,1Kg,Hortaliças,CEASA-ES Vitória(ES),ES,6.36,2026-07-27
Vagem,1Kg,Hortaliças,CEASA-MA São Luís(MA),MA,11.61,2026-07-27
Vagem,1Kg,Hortaliças,CEASA-MT Cuiabá(MT),MT,10.91,2026-07-27
Vagem,1Kg,Hortaliças,CEASA-BA Salvador(BA),BA,10.0,2026-07-27
Vagem,1Kg,Hortaliças,CEASA-PE Caruaru(PE),PE,10.0,2026-07-27
Vagem,1Kg,Hortaliças,CEASAMINAS Belo Horizonte(MG),MG,3.07,2026-07-27
Vagem,1Kg,Hortaliças,CEASA-RJ Rio de Janeiro(RJ),RJ,10.0,2026-07-27
Vagem,1Kg,Hortaliças,CEASA-PR Curitiba(PR),PR,6.67,2026-07-27
Vagem,1Kg,Hortaliças,CEASA-AL Maceió(AL),AL,6.0,2026-07-27
Vagem,1Kg,Hortaliças,AMA-BA Juazeiro(BA),BA,9.0,2026-07-27
Vagem,1Kg,Hortaliças,CEAGESP São Paulo(SP),SP,5.9,2026-07-27
Vagem,1Kg,Hortaliças,CEAGESP São José dos Campos(SP),SP,13.0,2026-07-27
Vagem,1Kg,Hortaliças,CEASA-PR Cascavel(PR),PR,16.0,2026-07-27
Abóbora,1Kg,Hortaliças,CEASA-MT Cuiabá(MT),MT,2.89,2026-07-26
Abobrinha,1Kg,Hortaliças,CEASA-MT Cuiabá(MT),MT,4.71,2026-07-26
Alface,1Dz,Hortaliças,CEASA-MT Cuiabá(MT),MT,30.0,2026-07-26
Berinjela,1Kg,Hortaliças,CEASA-MT Cuiabá(MT),MT,3.64,2026-07-26
Beterraba,1Kg,Hortaliças,CEASA-MT Cuiabá(MT),MT,4.21,2026-07-26
Brócolis,1Kg,Hortaliças,CEASA-MT Cuiabá(MT),MT,21.82,2026-07-26
Cenoura,1Kg,Hortaliças,CEASA-MT Cuiabá(MT),MT,5.64,2026-07-26
Chuchu,1Kg,Hortaliças,CEASA-MT Cuiabá(MT),MT,2.63,2026-07-26
Couve,1Kg,Hortaliças,CEASA-MT Cuiabá(MT),MT,13.33,2026-07-26
Couve-Flor,1Un,Hortaliças,CEASA-MT Cuiabá(MT),MT,7.0,2026-07-26
Pepino,1Kg,Hortaliças,CEASA-MT Cuiabá(MT),MT,4.1,2026-07-26
Pimentão Verde,1Kg,Hortaliças,CEASA-MT Cuiabá(MT),MT,9.47,2026-07-26
Quiabo,1Kg,Hortaliças,CEASA-MT Cuiabá(MT),MT,16.36,2026-07-26
Repolho,1Kg,Hortaliças,CEASA-MT Cuiabá(MT),MT,3.56,2026-07-26
Tomate,1Kg,Hortaliças,CEASA-MT Cuiabá(MT),MT,5.79,2026-07-26
Vagem,1Kg,Hortaliças,CEASA-MT Cuiabá(MT),MT,11.82,2026-07-26
Abóbora,1Kg,Hortaliças,CEAGESP Ribeirão Preto(SP),SP,2.9,2026-07-24
Abóbora,1Kg,Hortaliças,CEASA-MT Cuiabá(MT),MT,2.89,2026-07-24
Abóbora,1Kg,Hortaliças,CEASA-PE Recife(PE),PE,2.8,2026-07-24
Abóbora,1Kg,Hortaliças,CEASA-ES Vitória(ES),ES,2.29,2026-07-24
Abóbora,1Kg,Hortaliças,CEASA-PB Patos(PB),PB,3.5,2026-07-24
Abóbora,1Kg,Hortaliças,CEASA-BA Salvador(BA),BA,3.0,2026-07-24
Abóbora,1Kg,Hortaliças,CEASA-SP Campinas(SP),SP,2.0,2026-07-24
Abóbora,1Kg,Hortaliças,CEASAMINAS Belo Horizonte(MG),MG,1.75,2026-07-24
Abóbora,1Kg,Hortaliças,CEASA-RJ Rio de Janeiro(RJ),RJ,2.2,2026-07-24
Abóbora,1Kg,Hortaliças,CEAGESP Presidente Prudente(SP),SP,3.0,2026-07-24
Abóbora,1Kg,Hortaliças,CEASA-CE Fortaleza(CE),CE,3.15,2026-07-24
Abóbora,1Kg,Hortaliças,CEASA-CE Tianguá(CE),CE,3.0,2026-07-24
Abóbora,1Kg,Hortaliças,CEASA-PR Curitiba(PR),PR,2.5,2026-07-24
Abóbora,1Kg,Hortaliças,CEASA-AL Maceió(AL),AL,2.0,2026-07-24
Abóbora,1Kg,Hortaliças,AMA-BA Juazeiro(BA),BA,2.0,2026-07-24
Abóbora,1Kg,Hortaliças,CEASA-MA São Luís(MA),MA,3.06,2026-07-24
Abóbora,1Kg,Hortaliças,CEASA-PR Cascavel(PR),PR,3.0,2026-07-24
Abóbora,1Kg,Hortaliças,CEAGESP São Paulo(SP),SP,3.21,2026-07-24
Abobrinha,1Kg,Hortaliças,CEAGESP Ribeirão Preto(SP),SP,3.68,2026-07-24
Abobrinha,1Kg,Hortaliças,CEASA-MT Cuiabá(MT),MT,4.71,2026-07-24
Abobrinha,1Kg,Hortaliças,CEASA-PE Recife(PE),PE,2.5,2026-07-24
Abobrinha,1Kg,Hortaliças,CEASA-ES Vitória(ES),ES,2.95,2026-07-24
Abobrinha,1Kg,Hortaliças,CEASA-PB Patos(PB),PB,4.33,2026-07-24
Abobrinha,1Kg,Hortaliças,CEASA-BA Salvador(BA),BA,2.1,2026-07-24
Abobrinha,1Kg,Hortaliças,CEASA-SP Campinas(SP),SP,2.78,2026-07-24
Abobrinha,1Kg,Hortaliças,CEASAMINAS Belo Horizonte(MG),MG,3.05,2026-07-24
Abobrinha,1Kg,Hortaliças,CEASA-RJ Rio de Janeiro(RJ),RJ,1.88,2026-07-24
Abobrinha,1Kg,Hortaliças,CEAGESP Presidente Prudente(SP),SP,4.5,2026-07-24
Abobrinha,1Kg,Hortaliças,CEASA-CE Fortaleza(CE),CE,3.9,2026-07-24
Abobrinha,1Kg,Hortaliças,CEASA-CE Tianguá(CE),CE,2.0,2026-07-24
Abobrinha,1Kg,Hortaliças,CEASA-PR Curitiba(PR),PR,1.75,2026-07-24
Abobrinha,1Kg,Hortaliças,CEASA-AL Maceió(AL),AL,3.0,2026-07-24
Abobrinha,1Kg,Hortaliças,AMA-BA Juazeiro(BA),BA,3.19,2026-07-24
Abobrinha,1Kg,Hortaliças,CEASA-MA São Luís(MA),MA,3.15,2026-07-24
Abobrinha,1Kg,Hortaliças,CEASA-PR Cascavel(PR),PR,4.0,2026-07-24
Abobrinha,1Kg,Hortaliças,CEAGESP São Paulo(SP),SP,1.67,2026-07-24
Alface,1Dz,Hortaliças,CEAGESP Ribeirão Preto(SP),SP,26.8,2026-07-24
Alface,1Dz,Hortaliças,CEASA-MT Cuiabá(MT),MT,30.0,2026-07-24
Alface,1Dz,Hortaliças,CEASA-PE Recife(PE),PE,12.0,2026-07-24
Alface,1Dz,Hortaliças,CEASA-ES Vitória(ES),ES,13.67,2026-07-24
Alface,1Dz,Hortaliças,CEASA-PB Patos(PB),PB,24.0,2026-07-24
Alface,1Dz,Hortaliças,CEASA-SP Campinas(SP),SP,30.0,2026-07-24
Alface,1Dz,Hortaliças,CEASAMINAS Belo Horizonte(MG),MG,30.0,2026-07-24
Alface,1Dz,Hortaliças,CEASA-RJ Rio de Janeiro(RJ),RJ,23.33,2026-07-24
Alface,1Dz,Hortaliças,CEAGESP Presidente Prudente(SP),SP,40.0,2026-07-24
Alface,1Dz,Hortaliças,CEASA-CE Fortaleza(CE),CE,36.0,2026-07-24
Alface,1Dz,Hortaliças,CEASA-CE Tianguá(CE),CE,21.6,2026-07-24
Alface,1Dz,Hortaliças,CEASA-PR Curitiba(PR),PR,40.0,2026-07-24
Alface,1Dz,Hortaliças,CEASA-AL Maceió(AL),AL,18.0,2026-07-24
Alface,1Dz,Hortaliças,AMA-BA Juazeiro(BA),BA,8.0,2026-07-24
Alface,1Dz,Hortaliças,CEASA-MA São Luís(MA),MA,15.49,2026-07-24
Alface,1Dz,Hortaliças,CEASA-PR Cascavel(PR),PR,48.0,2026-07-24
Alface,1Dz,Hortaliças,CEAGESP São Paulo(SP),SP,22.93,2026-07-24
Berinjela,1Kg,Hortaliças,CEAGESP Ribeirão Preto(SP),SP,4.44,2026-07-24
Berinjela,1Kg,Hortaliças,CEASA-MT Cuiabá(MT),MT,3.64,2026-07-24
Berinjela,1Kg,Hortaliças,CEASA-PE Recife(PE),PE,3.0,2026-07-24
Berinjela,1Kg,Hortaliças,CEASA-ES Vitória(ES),ES,2.81,2026-07-24
Berinjela,1Kg,Hortaliças,CEASA-PB Patos(PB),PB,3.83,2026-07-24
Berinjela,1Kg,Hortaliças,CEASA-BA Salvador(BA),BA,3.65,2026-07-24
Berinjela,1Kg,Hortaliças,CEASA-SP Campinas(SP),SP,6.36,2026-07-24
Berinjela,1Kg,Hortaliças,CEASAMINAS Belo Horizonte(MG),MG,3.33,2026-07-24
Berinjela,1Kg,Hortaliças,CEASA-RJ Rio de Janeiro(RJ),RJ,3.0,2026-07-24
Berinjela,1Kg,Hortaliças,CEAGESP Presidente Prudente(SP),SP,3.57,2026-07-24
Berinjela,1Kg,Hortaliças,CEASA-CE Fortaleza(CE),CE,2.7,2026-07-24
Berinjela,1Kg,Hortaliças,CEASA-CE Tianguá(CE),CE,2.69,2026-07-24
Berinjela,1Kg,Hortaliças,CEASA-PR Curitiba(PR),PR,5.0,2026-07-24
Berinjela,1Kg,Hortaliças,CEASA-AL Maceió(AL),AL,3.0,2026-07-24
Berinjela,1Kg,Hortaliças,AMA-BA Juazeiro(BA),BA,4.29,2026-07-24
Berinjela,1Kg,Hortaliças,CEASA-MA São Luís(MA),MA,4.85,2026-07-24
Berinjela,1Kg,Hortaliças,CEASA-PR Cascavel(PR),PR,6.0,2026-07-24
Berinjela,1Kg,Hortaliças,CEAGESP São Paulo(SP),SP,4.95,2026-07-24
Beterraba,1Kg,Hortaliças,CEAGESP Ribeirão Preto(SP),SP,2.5,2026-07-24
Beterraba,1Kg,Hortaliças,CEASA-MT Cuiabá(MT),MT,4.21,2026-07-24
Beterraba,1Kg,Hortaliças,CEASA-PE Recife(PE),PE,3.0,2026-07-24
Beterraba,1Kg,Hortaliças,CEASA-ES Vitória(ES),ES,3.5,2026-07-24
Beterraba,1Kg,Hortaliças,CEASA-PB Patos(PB),PB,2.5,2026-07-24
Beterraba,1Kg,Hortaliças,CEASA-BA Salvador(BA),BA,2.0,2026-07-24
Beterraba,1Kg,Hortaliças,CEASA-SP Campinas(SP),SP,2.25,2026-07-24
Beterraba,1Kg,Hortaliças,CEASAMINAS Belo Horizonte(MG),MG,2.89,2026-07-24
Beterraba,1Kg,Hortaliças,CEASA-RJ Rio de Janeiro(RJ),RJ,2.75,2026-07-24
Beterraba,1Kg,Hortaliças,CEAGESP Presidente Prudente(SP),SP,3.18,2026-07-24
Beterraba,1Kg,Hortaliças,CEASA-CE Fortaleza(CE),CE,3.75,2026-07-24
Beterraba,1Kg,Hortaliças,CEASA-CE Tianguá(CE),CE,3.25,2026-07-24
Beterraba,1Kg,Hortaliças,CEASA-PR Curitiba(PR),PR,2.25,2026-07-24
Beterraba,1Kg,Hortaliças,CEASA-AL Maceió(AL),AL,3.5,2026-07-24
Beterraba,1Kg,Hortaliças,AMA-BA Juazeiro(BA),BA,2.25,2026-07-24
Beterraba,1Kg,Hortaliças,CEASA-MA São Luís(MA),MA,5.63,2026-07-24
Beterraba,1Kg,Hortaliças,CEASA-PR Cascavel(PR),PR,3.7,2026-07-24
Beterraba,1Kg,Hortaliças,CEAGESP São Paulo(SP),SP,1.84,2026-07-24
Brócolis,1Kg,Hortaliças,CEAGESP Ribeirão Preto(SP),SP,3.33,2026-07-24
Brócolis,1Kg,Hortaliças,CEASA-MT Cuiabá(MT),MT,21.82,2026-07-24
Brócolis,1Kg,Hortaliças,CEASA-PE Recife(PE),PE,8.57,2026-07-24
Brócolis,1Kg,Hortaliças,CEASA-ES Vitória(ES),ES,5.26,2026-07-24
Brócolis,1Kg,Hortaliças,CEASA-PB Patos(PB),PB,7.0,2026-07-24
Brócolis,1Kg,Hortaliças,CEASA-BA Salvador(BA),BA,8.75,2026-07-24
Brócolis,1Kg,Hortaliças,CEASA-SP Campinas(SP),SP,5.36,2026-07-24
Brócolis,1Kg,Hortaliças,CEASAMINAS Belo Horizonte(MG),MG,8.33,2026-07-24
Brócolis,1Kg,Hortaliças,CEASA-RJ Rio de Janeiro(RJ),RJ,5.0,2026-07-24
Brócolis,1Kg,Hortaliças,CEAGESP Presidente Prudente(SP),SP,4.58,2026-07-24
Brócolis,1Kg,Hortaliças,CEASA-CE Fortaleza(CE),CE,18.0,2026-07-24
Brócolis,1Kg,Hortaliças,CEASA-CE Tianguá(CE),CE,3.0,2026-07-24
Brócolis,1Kg,Hortaliças,CEASA-PR Curitiba(PR),PR,6.67,2026-07-24
Brócolis,1Kg,Hortaliças,CEASA-AL Maceió(AL),AL,27.0,2026-07-24
Brócolis,1Kg,Hortaliças,CEASA-MA São Luís(MA),MA,21.5,2026-07-24
Brócolis,1Kg,Hortaliças,CEASA-PR Cascavel(PR),PR,12.0,2026-07-24
Brócolis,1Kg,Hortaliças,CEAGESP São Paulo(SP),SP,2.76,2026-07-24
Cenoura,1Kg,Hortaliças,CEAGESP Ribeirão Preto(SP),SP,5.75,2026-07-24
Cenoura,1Kg,Hortaliças,CEASA-MT Cuiabá(MT),MT,5.64,2026-07-24
Cenoura,1Kg,Hortaliças,CEASA-PE Recife(PE),PE,5.0,2026-07-24
Cenoura,1Kg,Hortaliças,CEASA-ES Vitória(ES),ES,4.53,2026-07-24
Cenoura,1Kg,Hortaliças,CEASA-PB Patos(PB),PB,4.14,2026-07-24
Cenoura,1Kg,Hortaliças,CEASA-BA Salvador(BA),BA,3.5,2026-07-24
Cenoura,1Kg,Hortaliças,CEASA-SP Campinas(SP),SP,3.75,2026-07-24
Cenoura,1Kg,Hortaliças,CEASAMINAS Belo Horizonte(MG),MG,3.5,2026-07-24
Cenoura,1Kg,Hortaliças,CEASA-RJ Rio de Janeiro(RJ),RJ,5.0,2026-07-24
Cenoura,1Kg,Hortaliças,CEAGESP Presidente Prudente(SP),SP,4.09,2026-07-24
Cenoura,1Kg,Hortaliças,CEASA-CE Fortaleza(CE),CE,6.0,2026-07-24
Cenoura,1Kg,Hortaliças,CEASA-CE Tianguá(CE),CE,5.25,2026-07-24
Cenoura,1Kg,Hortaliças,CEASA-PR Curitiba(PR),PR,3.5,2026-07-24
Cenoura,1Kg,Hortaliças,CEASA-AL Maceió(AL),AL,6.0,2026-07-24
Cenoura,1Kg,Hortaliças,AMA-BA Juazeiro(BA),BA,5.0,2026-07-24
Cenoura,1Kg,Hortaliças,CEASA-MA São Luís(MA),MA,7.0,2026-07-24
Cenoura,1Kg,Hortaliças,CEASA-PR Cascavel(PR),PR,5.0,2026-07-24
Cenoura,1Kg,Hortaliças,CEAGESP São Paulo(SP),SP,3.43,2026-07-24
Chuchu,1Kg,Hortaliças,CEAGESP Ribeirão Preto(SP),SP,4.5,2026-07-24
Chuchu,1Kg,Hortaliças,CEASA-MT Cuiabá(MT),MT,2.63,2026-07-24
Chuchu,1Kg,Hortaliças,CEASA-PE Recife(PE),PE,2.5,2026-07-24
Chuchu,1Kg,Hortaliças,CEASA-ES Vitória(ES),ES,1.07,2026-07-24
Chuchu,1Kg,Hortaliças,CEASA-PB Patos(PB),PB,3.11,2026-07-24
Chuchu,1Kg,Hortaliças,CEASA-BA Salvador(BA),BA,1.9,2026-07-24
Chuchu,1Kg,Hortaliças,CEASA-SP Campinas(SP),SP,1.75,2026-07-24
Chuchu,1Kg,Hortaliças,CEASAMINAS Belo Horizonte(MG),MG,1.11,2026-07-24
Chuchu,1Kg,Hortaliças,CEASA-RJ Rio de Janeiro(RJ),RJ,1.39,2026-07-24
Chuchu,1Kg,Hortaliças,CEAGESP Presidente Prudente(SP),SP,2.04,2026-07-24
Chuchu,1Kg,Hortaliças,CEASA-CE Fortaleza(CE),CE,2.95,2026-07-24
Chuchu,1Kg,Hortaliças,CEASA-CE Tianguá(CE),CE,2.4,2026-07-24
Chuchu,1Kg,Hortaliças,CEASA-PR Curitiba(PR),PR,1.25,2026-07-24
Chuchu,1Kg,Hortaliças,CEASA-AL Maceió(AL),AL,2.0,2026-07-24
Chuchu,1Kg,Hortaliças,AMA-BA Juazeiro(BA),BA,3.25,2026-07-24
Chuchu,1Kg,Hortaliças,CEASA-MA São Luís(MA),MA,3.5,2026-07-24
Chuchu,1Kg,Hortaliças,CEASA-PR Cascavel(PR),PR,3.0,2026-07-24
Chuchu,1Kg,Hortaliças,CEAGESP São Paulo(SP),SP,1.27,2026-07-24
Couve,1Kg,Hortaliças,CEAGESP Ribeirão Preto(SP),SP,6.0,2026-07-24
Couve,1Kg,Hortaliças,CEASA-MT Cuiabá(MT),MT,13.33,2026-07-24
Couve,1Kg,Hortaliças,CEASA-PE Recife(PE),PE,7.0,2026-07-24
Couve,1Kg,Hortaliças,CEASA-ES Vitória(ES),ES,3.98,2026-07-24
Couve,1Kg,Hortaliças,CEASA-PB Patos(PB),PB,9.33,2026-07-24
Couve,1Kg,Hortaliças,CEASA-SP Campinas(SP),SP,6.25,2026-07-24
Couve,1Kg,Hortaliças,CEASAMINAS Belo Horizonte(MG),MG,10.59,2026-07-24
Couve,1Kg,Hortaliças,CEASA-RJ Rio de Janeiro(RJ),RJ,7.0,2026-07-24
Couve,1Kg,Hortaliças,CEAGESP Presidente Prudente(SP),SP,4.5,2026-07-24
Couve,1Kg,Hortaliças,CEASA-CE Tianguá(CE),CE,2.0,2026-07-24
Couve,1Kg,Hortaliças,CEASA-PR Curitiba(PR),PR,6.25,2026-07-24
Couve,1Kg,Hortaliças,CEASA-AL Maceió(AL),AL,5.0,2026-07-24
Couve,1Kg,Hortaliças,AMA-BA Juazeiro(BA),BA,5.0,2026-07-24
Couve,1Kg,Hortaliças,CEASA-MA São Luís(MA),MA,22.69,2026-07-24
Couve,1Kg,Hortaliças,CEASA-PR Cascavel(PR),PR,8.0,2026-07-24
Couve,1Kg,Hortaliças,CEAGESP São Paulo(SP),SP,2.96,2026-07-24
Couve-Flor,1Un,Hortaliças,CEAGESP Ribeirão Preto(SP),SP,6.88,2026-07-24
Couve-Flor,1Un,Hortaliças,CEASA-MT Cuiabá(MT),MT,7.0,2026-07-24
Couve-Flor,1Un,Hortaliças,CEASA-PE Recife(PE),PE,7.0,2026-07-24
Couve-Flor,1Un,Hortaliças,CEASA-ES Vitória(ES),ES,2.8,2026-07-24
Couve-Flor,1Un,Hortaliças,CEASA-PB Patos(PB),PB,9.33,2026-07-24
Couve-Flor,1Un,Hortaliças,CEASA-BA Salvador(BA),BA,11.9,2026-07-24
Couve-Flor,1Un,Hortaliças,CEASA-SP Campinas(SP),SP,6.4,2026-07-24
Couve-Flor,1Un,Hortaliças,CEASAMINAS Belo Horizonte(MG),MG,3.33,2026-07-24
Couve-Flor,1Un,Hortaliças,CEASA-RJ Rio de Janeiro(RJ),RJ,2.19,2026-07-24
Couve-Flor,1Un,Hortaliças,CEAGESP Presidente Prudente(SP),SP,6.0,2026-07-24
Couve-Flor,1Un,Hortaliças,CEASA-CE Fortaleza(CE),CE,2.5,2026-07-24
Couve-Flor,1Un,Hortaliças,CEASA-CE Tianguá(CE),CE,3.5,2026-07-24
Couve-Flor,1Un,Hortaliças,CEASA-PR Curitiba(PR),PR,4.17,2026-07-24
Couve-Flor,1Un,Hortaliças,CEASA-AL Maceió(AL),AL,9.0,2026-07-24
Couve-Flor,1Un,Hortaliças,CEASA-MA São Luís(MA),MA,8.95,2026-07-24
Couve-Flor,1Un,Hortaliças,CEASA-PR Cascavel(PR),PR,8.0,2026-07-24
Couve-Flor,1Un,Hortaliças,CEAGESP São Paulo(SP),SP,5.0,2026-07-24
Pepino,1Kg,Hortaliças,CEAGESP Ribeirão Preto(SP),SP,5.73,2026-07-24
Pepino,1Kg,Hortaliças,CEASA-MT Cuiabá(MT),MT,4.1,2026-07-24
Pepino,1Kg,Hortaliças,CEASA-PE Recife(PE),PE,1.0,2026-07-24
Pepino,1Kg,Hortaliças,CEASA-ES Vitória(ES),ES,2.43,2026-07-24
Pepino,1Kg,Hortaliças,CEASA-PB Patos(PB),PB,3.33,2026-07-24
Pepino,1Kg,Hortaliças,CEASA-BA Salvador(BA),BA,1.9,2026-07-24
Pepino,1Kg,Hortaliças,CEASA-SP Campinas(SP),SP,4.5,2026-07-24
Pepino,1Kg,Hortaliças,CEASAMINAS Belo Horizonte(MG),MG,1.47,2026-07-24
Pepino,1Kg,Hortaliças,CEASA-RJ Rio de Janeiro(RJ),RJ,2.06,2026-07-24
Pepino,1Kg,Hortaliças,CEAGESP Presidente Prudente(SP),SP,3.63,2026-07-24
Pepino,1Kg,Hortaliças,CEASA-CE Fortaleza(CE),CE,1.6,2026-07-24
Pepino,1Kg,Hortaliças,CEASA-CE Tianguá(CE),CE,1.0,2026-07-24
Pepino,1Kg,Hortaliças,CEASA-PR Curitiba(PR),PR,3.0,2026-07-24
Pepino,1Kg,Hortaliças,CEASA-AL Maceió(AL),AL,2.5,2026-07-24
Pepino,1Kg,Hortaliças,AMA-BA Juazeiro(BA),BA,3.25,2026-07-24
Pepino,1Kg,Hortaliças,CEASA-MA São Luís(MA),MA,2.7,2026-07-24
Pepino,1Kg,Hortaliças,CEASA-PR Cascavel(PR),PR,3.8,2026-07-24
Pepino,1Kg,Hortaliças,CEAGESP São Paulo(SP),SP,2.73,2026-07-24
Pimentão Verde,1Kg,Hortaliças,CEAGESP Ribeirão Preto(SP),SP,6.0,2026-07-24
Pimentão Verde,1Kg,Hortaliças,CEASA-MT Cuiabá(MT),MT,9.47,2026-07-24
Pimentão Verde,1Kg,Hortaliças,CEASA-PE Recife(PE),PE,5.7,2026-07-24
Pimentão Verde,1Kg,Hortaliças,CEASA-ES Vitória(ES),ES,3.75,2026-07-24
Pimentão Verde,1Kg,Hortaliças,CEASA-PB Patos(PB),PB,3.31,2026-07-24
Pimentão Verde,1Kg,Hortaliças,CEASA-BA Salvador(BA),BA,4.45,2026-07-24
Pimentão Verde,1Kg,Hortaliças,CEASA-SP Campinas(SP),SP,6.82,2026-07-24
Pimentão Verde,1Kg,Hortaliças,CEASAMINAS Belo Horizonte(MG),MG,5.0,2026-07-24
Pimentão Verde,1Kg,Hortaliças,CEASA-RJ Rio de Janeiro(RJ),RJ,5.0,2026-07-24
Pimentão Verde,1Kg,Hortaliças,CEAGESP Presidente Prudente(SP),SP,5.0,2026-07-24
Pimentão Verde,1Kg,Hortaliças,CEASA-CE Fortaleza(CE),CE,4.15,2026-07-24
Pimentão Verde,1Kg,Hortaliças,CEASA-CE Tianguá(CE),CE,2.92,2026-07-24
Pimentão Verde,1Kg,Hortaliças,CEASA-PR Curitiba(PR),PR,6.67,2026-07-24
Pimentão Verde,1Kg,Hortaliças,CEASA-AL Maceió(AL),AL,3.6,2026-07-24
Pimentão Verde,1Kg,Hortaliças,AMA-BA Juazeiro(BA),BA,2.29,2026-07-24
Pimentão Verde,1Kg,Hortaliças,CEASA-MA São Luís(MA),MA,8.91,2026-07-24
Pimentão Verde,1Kg,Hortaliças,CEASA-PR Cascavel(PR),PR,9.0,2026-07-24
Pimentão Verde,1Kg,Hortaliças,CEAGESP São Paulo(SP),SP,4.57,2026-07-24
Quiabo,1Kg,Hortaliças,CEAGESP Ribeirão Preto(SP),SP,11.56,2026-07-24
Quiabo,1Kg,Hortaliças,CEASA-MT Cuiabá(MT),MT,16.36,2026-07-24
Quiabo,1Kg,Hortaliças,CEASA-PE Recife(PE),PE,12.0,2026-07-24
Quiabo,1Kg,Hortaliças,CEASA-ES Vitória(ES),ES,10.18,2026-07-24
Quiabo,1Kg,Hortaliças,CEASA-PB Patos(PB),PB,6.5,2026-07-24
Quiabo,1Kg,Hortaliças,CEASA-BA Salvador(BA),BA,2.8,2026-07-24
Quiabo,1Kg,Hortaliças,CEASA-SP Campinas(SP),SP,6.79,2026-07-24
Quiabo,1Kg,Hortaliças,CEASAMINAS Belo Horizonte(MG),MG,6.25,2026-07-24
Quiabo,1Kg,Hortaliças,CEASA-RJ Rio de Janeiro(RJ),RJ,5.83,2026-07-24
Quiabo,1Kg,Hortaliças,CEAGESP Presidente Prudente(SP),SP,4.28,2026-07-24
Quiabo,1Kg,Hortaliças,CEASA-CE Fortaleza(CE),CE,12.0,2026-07-24
Quiabo,1Kg,Hortaliças,CEASA-CE Tianguá(CE),CE,4.67,2026-07-24
Quiabo,1Kg,Hortaliças,CEASA-PR Curitiba(PR),PR,10.0,2026-07-24
Quiabo,1Kg,Hortaliças,CEASA-AL Maceió(AL),AL,5.0,2026-07-24
Quiabo,1Kg,Hortaliças,AMA-BA Juazeiro(BA),BA,6.5,2026-07-24
Quiabo,1Kg,Hortaliças,CEASA-MA São Luís(MA),MA,20.7,2026-07-24
Quiabo,1Kg,Hortaliças,CEASA-PR Cascavel(PR),PR,14.0,2026-07-24
Quiabo,1Kg,Hortaliças,CEAGESP São Paulo(SP),SP,4.66,2026-07-24
Repolho,1Kg,Hortaliças,CEAGESP Ribeirão Preto(SP),SP,3.0,2026-07-24
Repolho,1Kg,Hortaliças,CEASA-MT Cuiabá(MT),MT,3.56,2026-07-24
Repolho,1Kg,Hortaliças,CEASA-PE Recife(PE),PE,1.48,2026-07-24
Repolho,1Kg,Hortaliças,CEASA-ES Vitória(ES),ES,1.81,2026-07-24
Repolho,1Kg,Hortaliças,CEASA-PB Patos(PB),PB,4.5,2026-07-24
Repolho,1Kg,Hortaliças,CEASA-BA Salvador(BA),BA,3.75,2026-07-24
Repolho,1Kg,Hortaliças,CEASA-SP Campinas(SP),SP,2.75,2026-07-24
Repolho,1Kg,Hortaliças,CEASAMINAS Belo Horizonte(MG),MG,1.5,2026-07-24
Repolho,1Kg,Hortaliças,CEASA-RJ Rio de Janeiro(RJ),RJ,2.33,2026-07-24
Repolho,1Kg,Hortaliças,CEAGESP Presidente Prudente(SP),SP,2.7,2026-07-24
Repolho,1Kg,Hortaliças,CEASA-CE Fortaleza(CE),CE,6.75,2026-07-24
Repolho,1Kg,Hortaliças,CEASA-CE Tianguá(CE),CE,7.5,2026-07-24
Repolho,1Kg,Hortaliças,CEASA-PR Curitiba(PR),PR,2.0,2026-07-24
Repolho,1Kg,Hortaliças,CEASA-AL Maceió(AL),AL,2.0,2026-07-24
Repolho,1Kg,Hortaliças,AMA-BA Juazeiro(BA),BA,4.5,2026-07-24
Repolho,1Kg,Hortaliças,CEASA-MA São Luís(MA),MA,7.35,2026-07-24
Repolho,1Kg,Hortaliças,CEASA-PR Cascavel(PR),PR,4.0,2026-07-24
Repolho,1Kg,Hortaliças,CEAGESP São Paulo(SP),SP,2.32,2026-07-24
Tomate,1Kg,Hortaliças,CEAGESP Ribeirão Preto(SP),SP,6.5,2026-07-24
Tomate,1Kg,Hortaliças,CEASA-MT Cuiabá(MT),MT,5.79,2026-07-24
Tomate,1Kg,Hortaliças,CEASA-PE Recife(PE),PE,1.92,2026-07-24
Tomate,1Kg,Hortaliças,CEASA-ES Vitória(ES),ES,3.04,2026-07-24
Tomate,1Kg,Hortaliças,CEASA-PB Patos(PB),PB,2.46,2026-07-24
Tomate,1Kg,Hortaliças,CEASA-BA Salvador(BA),BA,2.9,2026-07-24
Tomate,1Kg,Hortaliças,CEASA-SP Campinas(SP),SP,3.5,2026-07-24
Tomate,1Kg,Hortaliças,CEASAMINAS Belo Horizonte(MG),MG,3.75,2026-07-24
Tomate,1Kg,Hortaliças,CEASA-RJ Rio de Janeiro(RJ),RJ,3.89,2026-07-24
Tomate,1Kg,Hortaliças,CEAGESP Presidente Prudente(SP),SP,4.09,2026-07-24
Tomate,1Kg,Hortaliças,CEASA-CE Fortaleza(CE),CE,3.6,2026-07-24
Tomate,1Kg,Hortaliças,CEASA-CE Tianguá(CE),CE,2.0,2026-07-24
Tomate,1Kg,Hortaliças,CEASA-PR Curitiba(PR),PR,3.0,2026-07-24
Tomate,1Kg,Hortaliças,CEASA-AL Maceió(AL),AL,2.35,2026-07-24
Tomate,1Kg,Hortaliças,AMA-BA Juazeiro(BA),BA,1.73,2026-07-24
Tomate,1Kg,Hortaliças,CEASA-MA São Luís(MA),MA,4.83,2026-07-24
Tomate,1Kg,Hortaliças,CEASA-PR Cascavel(PR),PR,3.8,2026-07-24
Tomate,1Kg,Hortaliças,CEAGESP São Paulo(SP),SP,2.94,2026-07-24
Vagem,1Kg,Hortaliças,CEAGESP Ribeirão Preto(SP),SP,11.67,2026-07-24
Vagem,1Kg,Hortaliças,CEASA-MT Cuiabá(MT),MT,11.82,2026-07-24
Vagem,1Kg,Hortaliças,CEASA-PE Recife(PE),PE,5.0,2026-07-24
Vagem,1Kg,Hortaliças,CEASA-ES Vitória(ES),ES,5.45,2026-07-24
Vagem,1Kg,Hortaliças,CEASA-PB Patos(PB),PB,11.67,2026-07-24
Vagem,1Kg,Hortaliças,CEASA-BA Salvador(BA),BA,12.0,2026-07-24
Vagem,1Kg,Hortaliças,CEASA-SP Campinas(SP),SP,9.23,2026-07-24
Vagem,1Kg,Hortaliças,CEASAMINAS Belo Horizonte(MG),MG,3.07,2026-07-24
Vagem,1Kg,Hortaliças,CEASA-RJ Rio de Janeiro(RJ),RJ,9.0,2026-07-24
Vagem,1Kg,Hortaliças,CEAGESP Presidente Prudente(SP),SP,13.57,2026-07-24
Vagem,1Kg,Hortaliças,CEASA-CE Fortaleza(CE),CE,7.0,2026-07-24
Vagem,1Kg,Hortaliças,CEASA-CE Tianguá(CE),CE,6.5,2026-07-24
Vagem,1Kg,Hortaliças,CEASA-PR Curitiba(PR),PR,6.67,2026-07-24
Vagem,1Kg,Hortaliças,CEASA-AL Maceió(AL),AL,6.0,2026-07-24
Vagem,1Kg,Hortaliças,AMA-BA Juazeiro(BA),BA,9.0,2026-07-24
Vagem,1Kg,Hortaliças,CEASA-MA São Luís(MA),MA,11.61,2026-07-24
Vagem,1Kg,Hortaliças,CEASA-PR Cascavel(PR),PR,15.0,2026-07-24
Vagem,1Kg,Hortaliças,CEAGESP São Paulo(SP),SP,6.23,2026-07-24
Abóbora,1Kg,Hortaliças,CEAGESP Ribeirão Preto(SP),SP,2.9,2026-07-23
Abóbora,1Kg,Hortaliças,CEASA-MT Cuiabá(MT),MT,2.89,2026-07-23
Abóbora,1Kg,Hortaliças,CEASA-DF Brasília(DF),DF,2.5,2026-07-23
Abóbora,1Kg,Hortaliças,CEASA-PE Recife(PE),PE,2.8,2026-07-23
Abóbora,1Kg,Hortaliças,CEASA-PR Foz do Iguaçu(PR),PR,3.5,2026-07-23
Abóbora,1Kg,Hortaliças,CEASA-ES Vitória(ES),ES,2.34,2026-07-23
Abóbora,1Kg,Hortaliças,CEASA-RN Natal(RN),RN,1.8,2026-07-23
Abóbora,1Kg,Hortaliças,CEASA-CE Fortaleza(CE),CE,3.65,2026-07-23
Abóbora,1Kg,Hortaliças,CEASA-PR Curitiba(PR),PR,2.5,2026-07-23
Abóbora,1Kg,Hortaliças,CEASA-AL Maceió(AL),AL,2.0,2026-07-23
Abóbora,1Kg,Hortaliças,AMA-BA Juazeiro(BA),BA,2.0,2026-07-23
Abobrinha,1Kg,Hortaliças,CEAGESP Ribeirão Preto(SP),SP,3.68,2026-07-23
Abobrinha,1Kg,Hortaliças,CEASA-MT Cuiabá(MT),MT,4.71,2026-07-23
Abobrinha,1Kg,Hortaliças,CEASA-DF Brasília(DF),DF,1.67,2026-07-23
Abobrinha,1Kg,Hortaliças,CEASA-PE Recife(PE),PE,2.5,2026-07-23
Abobrinha,1Kg,Hortaliças,CEASA-PR Foz do Iguaçu(PR),PR,3.0,2026-07-23
Abobrinha,1Kg,Hortaliças,CEASA-ES Vitória(ES),ES,2.98,2026-07-23
Abobrinha,1Kg,Hortaliças,CEASA-RN Natal(RN),RN,3.0,2026-07-23
Abobrinha,1Kg,Hortaliças,CEASA-CE Fortaleza(CE),CE,4.1,2026-07-23
Abobrinha,1Kg,Hortaliças,CEASA-PR Curitiba(PR),PR,1.75,2026-07-23
Abobrinha,1Kg,Hortaliças,CEASA-AL Maceió(AL),AL,3.0,2026-07-23
Abobrinha,1Kg,Hortaliças,AMA-BA Juazeiro(BA),BA,3.19,2026-07-23
Alface,1Dz,Hortaliças,CEAGESP Ribeirão Preto(SP),SP,26.8,2026-07-23
Alface,1Dz,Hortaliças,CEASA-MT Cuiabá(MT),MT,30.0,2026-07-23
Alface,1Dz,Hortaliças,CEASA-DF Brasília(DF),DF,1.39,2026-07-23
Alface,1Dz,Hortaliças,CEASA-PE Recife(PE),PE,9.6,2026-07-23
Alface,1Dz,Hortaliças,CEASA-PR Foz do Iguaçu(PR),PR,20.0,2026-07-23
Alface,1Dz,Hortaliças,CEASA-ES Vitória(ES),ES,16.67,2026-07-23
Alface,1Dz,Hortaliças,CEASA-RN Natal(RN),RN,20.4,2026-07-23
Alface,1Dz,Hortaliças,CEASA-CE Fortaleza(CE),CE,36.0,2026-07-23
Alface,1Dz,Hortaliças,CEASA-PR Curitiba(PR),PR,40.0,2026-07-23
Alface,1Dz,Hortaliças,CEASA-AL Maceió(AL),AL,18.0,2026-07-23
Alface,1Dz,Hortaliças,AMA-BA Juazeiro(BA),BA,8.0,2026-07-23
Berinjela,1Kg,Hortaliças,CEAGESP Ribeirão Preto(SP),SP,4.44,2026-07-23
Berinjela,1Kg,Hortaliças,CEASA-MT Cuiabá(MT),MT,3.64,2026-07-23
Berinjela,1Kg,Hortaliças,CEASA-DF Brasília(DF),DF,3.33,2026-07-23
Berinjela,1Kg,Hortaliças,CEASA-PE Recife(PE),PE,3.0,2026-07-23
Berinjela,1Kg,Hortaliças,CEASA-PR Foz do Iguaçu(PR),PR,6.6,2026-07-23
Berinjela,1Kg,Hortaliças,CEASA-ES Vitória(ES),ES,3.0,2026-07-23
Berinjela,1Kg,Hortaliças,CEASA-RN Natal(RN),RN,4.4,2026-07-23
Berinjela,1Kg,Hortaliças,CEASA-CE Fortaleza(CE),CE,2.3,2026-07-23
Berinjela,1Kg,Hortaliças,CEASA-PR Curitiba(PR),PR,5.0,2026-07-23
Berinjela,1Kg,Hortaliças,CEASA-AL Maceió(AL),AL,3.0,2026-07-23
Berinjela,1Kg,Hortaliças,AMA-BA Juazeiro(BA),BA,4.29,2026-07-23
Beterraba,1Kg,Hortaliças,CEAGESP Ribeirão Preto(SP),SP,2.5,2026-07-23
Beterraba,1Kg,Hortaliças,CEASA-MT Cuiabá(MT),MT,4.21,2026-07-23
Beterraba,1Kg,Hortaliças,CEASA-DF Brasília(DF),DF,3.0,2026-07-23
Beterraba,1Kg,Hortaliças,CEASA-PE Recife(PE),PE,3.0,2026-07-23
Beterraba,1Kg,Hortaliças,CEASA-PR Foz do Iguaçu(PR),PR,4.0,2026-07-23
Beterraba,1Kg,Hortaliças,CEASA-ES Vitória(ES),ES,3.1,2026-07-23
Beterraba,1Kg,Hortaliças,CEASA-RN Natal(RN),RN,2.5,2026-07-23
Beterraba,1Kg,Hortaliças,CEASA-CE Fortaleza(CE),CE,6.0,2026-07-23
Beterraba,1Kg,Hortaliças,CEASA-PR Curitiba(PR),PR,2.25,2026-07-23
Beterraba,1Kg,Hortaliças,CEASA-AL Maceió(AL),AL,3.5,2026-07-23
Beterraba,1Kg,Hortaliças,AMA-BA Juazeiro(BA),BA,2.25,2026-07-23
Brócolis,1Kg,Hortaliças,CEAGESP Ribeirão Preto(SP),SP,3.33,2026-07-23
Brócolis,1Kg,Hortaliças,CEASA-MT Cuiabá(MT),MT,21.82,2026-07-23
Brócolis,1Kg,Hortaliças,CEASA-DF Brasília(DF),DF,6.67,2026-07-23
Brócolis,1Kg,Hortaliças,CEASA-PE Recife(PE),PE,8.57,2026-07-23
Brócolis,1Kg,Hortaliças,CEASA-PR Foz do Iguaçu(PR),PR,6.0,2026-07-23
Brócolis,1Kg,Hortaliças,CEASA-ES Vitória(ES),ES,5.26,2026-07-23
Brócolis,1Kg,Hortaliças,CEASA-RN Natal(RN),RN,24.0,2026-07-23
Brócolis,1Kg,Hortaliças,CEASA-CE Fortaleza(CE),CE,25.0,2026-07-23
Brócolis,1Kg,Hortaliças,CEASA-PR Curitiba(PR),PR,6.67,2026-07-23
Brócolis,1Kg,Hortaliças,CEASA-AL Maceió(AL),AL,27.0,2026-07-23
Cenoura,1Kg,Hortaliças,CEAGESP Ribeirão Preto(SP),SP,5.75,2026-07-23
Cenoura,1Kg,Hortaliças,CEASA-MT Cuiabá(MT),MT,5.64,2026-07-23
Cenoura,1Kg,Hortaliças,CEASA-DF Brasília(DF),DF,3.81,2026-07-23
Cenoura,1Kg,Hortaliças,CEASA-PE Recife(PE),PE,5.0,2026-07-23
Cenoura,1Kg,Hortaliças,CEASA-PR Foz do Iguaçu(PR),PR,5.0,2026-07-23
Cenoura,1Kg,Hortaliças,CEASA-ES Vitória(ES),ES,4.42,2026-07-23
Cenoura,1Kg,Hortaliças,CEASA-RN Natal(RN),RN,4.33,2026-07-23
Cenoura,1Kg,Hortaliças,CEASA-CE Fortaleza(CE),CE,6.0,2026-07-23
Cenoura,1Kg,Hortaliças,CEASA-PR Curitiba(PR),PR,3.5,2026-07-23
Cenoura,1Kg,Hortaliças,CEASA-AL Maceió(AL),AL,6.0,2026-07-23
Cenoura,1Kg,Hortaliças,AMA-BA Juazeiro(BA),BA,5.0,2026-07-23
Chuchu,1Kg,Hortaliças,CEAGESP Ribeirão Preto(SP),SP,4.5,2026-07-23
Chuchu,1Kg,Hortaliças,CEASA-MT Cuiabá(MT),MT,2.63,2026-07-23
Chuchu,1Kg,Hortaliças,CEASA-DF Brasília(DF),DF,1.75,2026-07-23
Chuchu,1Kg,Hortaliças,CEASA-PE Recife(PE),PE,3.0,2026-07-23
Chuchu,1Kg,Hortaliças,CEASA-PR Foz do Iguaçu(PR),PR,2.25,2026-07-23
Chuchu,1Kg,Hortaliças,CEASA-ES Vitória(ES),ES,1.42,2026-07-23
Chuchu,1Kg,Hortaliças,CEASA-RN Natal(RN),RN,3.25,2026-07-23
Chuchu,1Kg,Hortaliças,CEASA-CE Fortaleza(CE),CE,3.2,2026-07-23
Chuchu,1Kg,Hortaliças,CEASA-PR Curitiba(PR),PR,1.25,2026-07-23
Chuchu,1Kg,Hortaliças,CEASA-AL Maceió(AL),AL,2.0,2026-07-23
Chuchu,1Kg,Hortaliças,AMA-BA Juazeiro(BA),BA,3.25,2026-07-23
Couve,1Kg,Hortaliças,CEAGESP Ribeirão Preto(SP),SP,6.0,2026-07-23
Couve,1Kg,Hortaliças,CEASA-MT Cuiabá(MT),MT,13.33,2026-07-23
Couve,1Kg,Hortaliças,CEASA-DF Brasília(DF),DF,4.0,2026-07-23
Couve,1Kg,Hortaliças,CEASA-PE Recife(PE),PE,7.0,2026-07-23
Couve,1Kg,Hortaliças,CEASA-PR Foz do Iguaçu(PR),PR,3.0,2026-07-23
Couve,1Kg,Hortaliças,CEASA-ES Vitória(ES),ES,4.55,2026-07-23
Couve,1Kg,Hortaliças,CEASA-RN Natal(RN),RN,18.0,2026-07-23
Couve,1Kg,Hortaliças,CEASA-PR Curitiba(PR),PR,6.25,2026-07-23
Couve,1Kg,Hortaliças,CEASA-AL Maceió(AL),AL,5.0,2026-07-23
Couve,1Kg,Hortaliças,AMA-BA Juazeiro(BA),BA,5.0,2026-07-23
Couve-Flor,1Un,Hortaliças,CEAGESP Ribeirão Preto(SP),SP,6.88,2026-07-23
Couve-Flor,1Un,Hortaliças,CEASA-MT Cuiabá(MT),MT,7.0,2026-07-23
Couve-Flor,1Un,Hortaliças,CEASA-DF Brasília(DF),DF,6.67,2026-07-23
Couve-Flor,1Un,Hortaliças,CEASA-PE Recife(PE),PE,7.0,2026-07-23
Couve-Flor,1Un,Hortaliças,CEASA-PR Foz do Iguaçu(PR),PR,7.0,2026-07-23
Couve-Flor,1Un,Hortaliças,CEASA-ES Vitória(ES),ES,2.7,2026-07-23
Couve-Flor,1Un,Hortaliças,CEASA-RN Natal(RN),RN,10.5,2026-07-23
Couve-Flor,1Un,Hortaliças,CEASA-CE Fortaleza(CE),CE,2.5,2026-07-23
Couve-Flor,1Un,Hortaliças,CEASA-PR Curitiba(PR),PR,5.0,2026-07-23
Couve-Flor,1Un,Hortaliças,CEASA-AL Maceió(AL),AL,9.0,2026-07-23
Pepino,1Kg,Hortaliças,CEAGESP Ribeirão Preto(SP),SP,5.73,2026-07-23
Pepino,1Kg,Hortaliças,CEASA-MT Cuiabá(MT),MT,4.1,2026-07-23
Pepino,1Kg,Hortaliças,CEASA-DF Brasília(DF),DF,2.5,2026-07-23
Pepino,1Kg,Hortaliças,CEASA-PE Recife(PE),PE,1.33,2026-07-23
Pepino,1Kg,Hortaliças,CEASA-PR Foz do Iguaçu(PR),PR,7.5,2026-07-23
Pepino,1Kg,Hortaliças,CEASA-ES Vitória(ES),ES,2.26,2026-07-23
Pepino,1Kg,Hortaliças,CEASA-RN Natal(RN),RN,3.0,2026-07-23
Pepino,1Kg,Hortaliças,CEASA-CE Fortaleza(CE),CE,1.6,2026-07-23
Pepino,1Kg,Hortaliças,CEASA-PR Curitiba(PR),PR,3.0,2026-07-23
Pepino,1Kg,Hortaliças,CEASA-AL Maceió(AL),AL,2.5,2026-07-23
Pepino,1Kg,Hortaliças,AMA-BA Juazeiro(BA),BA,3.25,2026-07-23
Pimentão Verde,1Kg,Hortaliças,CEAGESP Ribeirão Preto(SP),SP,6.0,2026-07-23
Pimentão Verde,1Kg,Hortaliças,CEASA-MT Cuiabá(MT),MT,9.47,2026-07-23
Pimentão Verde,1Kg,Hortaliças,CEASA-DF Brasília(DF),DF,4.0,2026-07-23
Pimentão Verde,1Kg,Hortaliças,CEASA-PE Recife(PE),PE,3.57,2026-07-23
Pimentão Verde,1Kg,Hortaliças,CEASA-PR Foz do Iguaçu(PR),PR,6.52,2026-07-23
Pimentão Verde,1Kg,Hortaliças,CEASA-ES Vitória(ES),ES,3.67,2026-07-23
Pimentão Verde,1Kg,Hortaliças,CEASA-RN Natal(RN),RN,3.7,2026-07-23
Pimentão Verde,1Kg,Hortaliças,CEASA-CE Fortaleza(CE),CE,4.15,2026-07-23
Pimentão Verde,1Kg,Hortaliças,CEASA-PR Curitiba(PR),PR,6.67,2026-07-23
Pimentão Verde,1Kg,Hortaliças,CEASA-AL Maceió(AL),AL,3.6,2026-07-23
Pimentão Verde,1Kg,Hortaliças,AMA-BA Juazeiro(BA),BA,2.29,2026-07-23
Quiabo,1Kg,Hortaliças,CEAGESP Ribeirão Preto(SP),SP,11.56,2026-07-23
Quiabo,1Kg,Hortaliças,CEASA-MT Cuiabá(MT),MT,16.36,2026-07-23
Quiabo,1Kg,Hortaliças,CEASA-DF Brasília(DF),DF,6.15,2026-07-23
Quiabo,1Kg,Hortaliças,CEASA-PE Recife(PE),PE,10.0,2026-07-23
Quiabo,1Kg,Hortaliças,CEASA-PR Foz do Iguaçu(PR),PR,10.0,2026-07-23
Quiabo,1Kg,Hortaliças,CEASA-ES Vitória(ES),ES,10.0,2026-07-23
Quiabo,1Kg,Hortaliças,CEASA-RN Natal(RN),RN,8.0,2026-07-23
Quiabo,1Kg,Hortaliças,CEASA-CE Fortaleza(CE),CE,12.0,2026-07-23
Quiabo,1Kg,Hortaliças,CEASA-PR Curitiba(PR),PR,10.0,2026-07-23
Quiabo,1Kg,Hortaliças,CEASA-AL Maceió(AL),AL,5.0,2026-07-23
Quiabo,1Kg,Hortaliças,AMA-BA Juazeiro(BA),BA,6.5,2026-07-23
Repolho,1Kg,Hortaliças,CEAGESP Ribeirão Preto(SP),SP,3.0,2026-07-23
Repolho,1Kg,Hortaliças,CEASA-MT Cuiabá(MT),MT,3.56,2026-07-23
Repolho,1Kg,Hortaliças,CEASA-DF Brasília(DF),DF,3.1,2026-07-23
Repolho,1Kg,Hortaliças,CEASA-PE Recife(PE),PE,1.48,2026-07-23
Repolho,1Kg,Hortaliças,CEASA-PR Foz do Iguaçu(PR),PR,2.5,2026-07-23
Repolho,1Kg,Hortaliças,CEASA-ES Vitória(ES),ES,1.73,2026-07-23
Repolho,1Kg,Hortaliças,CEASA-RN Natal(RN),RN,3.0,2026-07-23
Repolho,1Kg,Hortaliças,CEASA-CE Fortaleza(CE),CE,6.75,2026-07-23
Repolho,1Kg,Hortaliças,CEASA-PR Curitiba(PR),PR,2.0,2026-07-23
Repolho,1Kg,Hortaliças,CEASA-AL Maceió(AL),AL,2.0,2026-07-23
Repolho,1Kg,Hortaliças,AMA-BA Juazeiro(BA),BA,4.5,2026-07-23
Tomate,1Kg,Hortaliças,CEAGESP Ribeirão Preto(SP),SP,6.5,2026-07-23
Tomate,1Kg,Hortaliças,CEASA-MT Cuiabá(MT),MT,5.79,2026-07-23
Tomate,1Kg,Hortaliças,CEASA-DF Brasília(DF),DF,3.5,2026-07-23
Tomate,1Kg,Hortaliças,CEASA-PE Recife(PE),PE,1.92,2026-07-23
Tomate,1Kg,Hortaliças,CEASA-PR Foz do Iguaçu(PR),PR,4.75,2026-07-23
Tomate,1Kg,Hortaliças,CEASA-ES Vitória(ES),ES,3.25,2026-07-23
Tomate,1Kg,Hortaliças,CEASA-RN Natal(RN),RN,1.93,2026-07-23
Tomate,1Kg,Hortaliças,CEASA-CE Fortaleza(CE),CE,3.6,2026-07-23
Tomate,1Kg,Hortaliças,CEASA-PR Curitiba(PR),PR,3.0,2026-07-23
Tomate,1Kg,Hortaliças,CEASA-AL Maceió(AL),AL,2.35,2026-07-23
Tomate,1Kg,Hortaliças,AMA-BA Juazeiro(BA),BA,1.15,2026-07-23
Vagem,1Kg,Hortaliças,CEAGESP Ribeirão Preto(SP),SP,11.67,2026-07-23
Vagem,1Kg,Hortaliças,CEASA-MT Cuiabá(MT),MT,11.82,2026-07-23
Vagem,1Kg,Hortaliças,CEASA-DF Brasília(DF),DF,7.5,2026-07-23
Vagem,1Kg,Hortaliças,CEASA-PE Recife(PE),PE,5.0,2026-07-23
Vagem,1Kg,Hortaliças,CEASA-PR Foz do Iguaçu(PR),PR,12.5,2026-07-23
Vagem,1Kg,Hortaliças,CEASA-ES Vitória(ES),ES,5.15,2026-07-23
Vagem,1Kg,Hortaliças,CEASA-RN Natal(RN),RN,10.0,2026-07-23
Vagem,1Kg,Hortaliças,CEASA-CE Fortaleza(CE),CE,7.0,2026-07-23
Vagem,1Kg,Hortaliças,CEASA-PR Curitiba(PR),PR,6.67,2026-07-23
Vagem,1Kg,Hortaliças,CEASA-AL Maceió(AL),AL,6.0,2026-07-23
Vagem,1Kg,Hortaliças,AMA-BA Juazeiro(BA),BA,9.0,2026-07-23
Abóbora,1Kg,Hortaliças,CEASA-MT Cuiabá(MT),MT,2.89,2026-07-22
Abóbora,1Kg,Hortaliças,CEASA-PE Recife(PE),PE,2.8,2026-07-22
Abóbora,1Kg,Hortaliças,CEASA-PE Caruaru(PE),PE,3.0,2026-07-22
Abóbora,1Kg,Hortaliças,CEASA-RS Caxias do Sul(RS),RS,2.38,2026-07-22
Abóbora,1Kg,Hortaliças,CEASA-CE Fortaleza(CE),CE,3.15,2026-07-22
Abóbora,1Kg,Hortaliças,CEASA-PR Curitiba(PR),PR,2.5,2026-07-22
Abóbora,1Kg,Hortaliças,CEASA-ES Vitória(ES),ES,2.34,2026-07-22
Abóbora,1Kg,Hortaliças,CEASA-RN Natal(RN),RN,1.8,2026-07-22
Abóbora,1Kg,Hortaliças,CEASA-BA Salvador(BA),BA,3.0,2026-07-22
Abóbora,1Kg,Hortaliças,CEASAMINAS Belo Horizonte(MG),MG,1.75,2026-07-22
Abóbora,1Kg,Hortaliças,CEASA-RJ Rio de Janeiro(RJ),RJ,2.2,2026-07-22
Abóbora,1Kg,Hortaliças,CEASA-PR Foz do Iguaçu(PR),PR,3.5,2026-07-22
Abóbora,1Kg,Hortaliças,CEASA-AL Maceió(AL),AL,2.0,2026-07-22
Abóbora,1Kg,Hortaliças,AMA-BA Juazeiro(BA),BA,2.0,2026-07-22
Abóbora,1Kg,Hortaliças,CEAGESP São Paulo(SP),SP,2.9,2026-07-22
Abóbora,1Kg,Hortaliças,CEASA-MA São Luís(MA),MA,3.43,2026-07-22
Abóbora,1Kg,Hortaliças,CEAGESP São José dos Campos(SP),SP,3.8,2026-07-22
Abóbora,1Kg,Hortaliças,CEASA-PR Cascavel(PR),PR,3.2,2026-07-22
Abobrinha,1Kg,Hortaliças,CEASA-MT Cuiabá(MT),MT,4.71,2026-07-22
Abobrinha,1Kg,Hortaliças,CEASA-PE Recife(PE),PE,2.5,2026-07-22
Abobrinha,1Kg,Hortaliças,CEASA-PE Caruaru(PE),PE,3.0,2026-07-22
Abobrinha,1Kg,Hortaliças,CEASA-RS Caxias do Sul(RS),RS,3.31,2026-07-22
Abobrinha,1Kg,Hortaliças,CEASA-CE Fortaleza(CE),CE,4.1,2026-07-22
Abobrinha,1Kg,Hortaliças,CEASA-PR Curitiba(PR),PR,1.75,2026-07-22
Abobrinha,1Kg,Hortaliças,CEASA-ES Vitória(ES),ES,2.99,2026-07-22
Abobrinha,1Kg,Hortaliças,CEASA-RN Natal(RN),RN,3.0,2026-07-22
Abobrinha,1Kg,Hortaliças,CEASA-BA Salvador(BA),BA,2.1,2026-07-22
Abobrinha,1Kg,Hortaliças,CEASAMINAS Belo Horizonte(MG),MG,3.33,2026-07-22
Abobrinha,1Kg,Hortaliças,CEASA-RJ Rio de Janeiro(RJ),RJ,1.88,2026-07-22
Abobrinha,1Kg,Hortaliças,CEASA-PR Foz do Iguaçu(PR),PR,3.0,2026-07-22
Abobrinha,1Kg,Hortaliças,CEASA-AL Maceió(AL),AL,3.0,2026-07-22
Abobrinha,1Kg,Hortaliças,AMA-BA Juazeiro(BA),BA,3.47,2026-07-22
Abobrinha,1Kg,Hortaliças,CEAGESP São Paulo(SP),SP,1.74,2026-07-22
Abobrinha,1Kg,Hortaliças,CEASA-MA São Luís(MA),MA,3.05,2026-07-22
Abobrinha,1Kg,Hortaliças,CEAGESP São José dos Campos(SP),SP,5.0,2026-07-22
Abobrinha,1Kg,Hortaliças,CEASA-PR Cascavel(PR),PR,4.3,2026-07-22
Alface,1Dz,Hortaliças,CEASA-MT Cuiabá(MT),MT,30.0,2026-07-22
Alface,1Dz,Hortaliças,CEASA-PE Recife(PE),PE,9.6,2026-07-22
Alface,1Dz,Hortaliças,CEASA-PE Caruaru(PE),PE,1.5,2026-07-22
Alface,1Dz,Hortaliças,CEASA-RS Caxias do Sul(RS),RS,30.0,2026-07-22
Alface,1Dz,Hortaliças,CEASA-CE Fortaleza(CE),CE,30.0,2026-07-22
Alface,1Dz,Hortaliças,CEASA-PR Curitiba(PR),PR,40.0,2026-07-22
Alface,1Dz,Hortaliças,CEASA-ES Vitória(ES),ES,14.58,2026-07-22
Alface,1Dz,Hortaliças,CEASA-RN Natal(RN),RN,20.4,2026-07-22
Alface,1Dz,Hortaliças,CEASAMINAS Belo Horizonte(MG),MG,25.0,2026-07-22
Alface,1Dz,Hortaliças,CEASA-RJ Rio de Janeiro(RJ),RJ,23.33,2026-07-22
Alface,1Dz,Hortaliças,CEASA-PR Foz do Iguaçu(PR),PR,20.0,2026-07-22
Alface,1Dz,Hortaliças,CEASA-AL Maceió(AL),AL,18.0,2026-07-22
Alface,1Dz,Hortaliças,AMA-BA Juazeiro(BA),BA,8.0,2026-07-22
Alface,1Dz,Hortaliças,CEAGESP São Paulo(SP),SP,23.4,2026-07-22
Alface,1Dz,Hortaliças,CEASA-MA São Luís(MA),MA,15.61,2026-07-22
Alface,1Dz,Hortaliças,CEAGESP São José dos Campos(SP),SP,27.0,2026-07-22
Alface,1Dz,Hortaliças,CEASA-PR Cascavel(PR),PR,48.0,2026-07-22
Berinjela,1Kg,Hortaliças,CEASA-MT Cuiabá(MT),MT,3.64,2026-07-22
Berinjela,1Kg,Hortaliças,CEASA-PE Recife(PE),PE,3.0,2026-07-22
Berinjela,1Kg,Hortaliças,CEASA-PE Caruaru(PE),PE,3.0,2026-07-22
Berinjela,1Kg,Hortaliças,CEASA-RS Caxias do Sul(RS),RS,6.67,2026-07-22
Berinjela,1Kg,Hortaliças,CEASA-CE Fortaleza(CE),CE,2.7,2026-07-22
Berinjela,1Kg,Hortaliças,CEASA-PR Curitiba(PR),PR,5.0,2026-07-22
Berinjela,1Kg,Hortaliças,CEASA-ES Vitória(ES),ES,3.16,2026-07-22
Berinjela,1Kg,Hortaliças,CEASA-RN Natal(RN),RN,4.4,2026-07-22
Berinjela,1Kg,Hortaliças,CEASA-BA Salvador(BA),BA,3.65,2026-07-22
Berinjela,1Kg,Hortaliças,CEASAMINAS Belo Horizonte(MG),MG,4.58,2026-07-22
Berinjela,1Kg,Hortaliças,CEASA-RJ Rio de Janeiro(RJ),RJ,3.0,2026-07-22
Berinjela,1Kg,Hortaliças,CEASA-PR Foz do Iguaçu(PR),PR,5.0,2026-07-22
Berinjela,1Kg,Hortaliças,CEASA-AL Maceió(AL),AL,3.0,2026-07-22
Berinjela,1Kg,Hortaliças,AMA-BA Juazeiro(BA),BA,4.29,2026-07-22
Berinjela,1Kg,Hortaliças,CEAGESP São Paulo(SP),SP,4.58,2026-07-22
Berinjela,1Kg,Hortaliças,CEASA-MA São Luís(MA),MA,4.85,2026-07-22
Berinjela,1Kg,Hortaliças,CEAGESP São José dos Campos(SP),SP,7.23,2026-07-22
Berinjela,1Kg,Hortaliças,CEASA-PR Cascavel(PR),PR,6.0,2026-07-22
Beterraba,1Kg,Hortaliças,CEASA-MT Cuiabá(MT),MT,4.21,2026-07-22
Beterraba,1Kg,Hortaliças,CEASA-PE Recife(PE),PE,3.0,2026-07-22
Beterraba,1Kg,Hortaliças,CEASA-PE Caruaru(PE),PE,3.0,2026-07-22
Beterraba,1Kg,Hortaliças,CEASA-RS Caxias do Sul(RS),RS,2.81,2026-07-22
Beterraba,1Kg,Hortaliças,CEASA-CE Fortaleza(CE),CE,3.5,2026-07-22
Beterraba,1Kg,Hortaliças,CEASA-PR Curitiba(PR),PR,2.25,2026-07-22
Beterraba,1Kg,Hortaliças,CEASA-ES Vitória(ES),ES,3.3,2026-07-22
Beterraba,1Kg,Hortaliças,CEASA-RN Natal(RN),RN,3.5,2026-07-22
Beterraba,1Kg,Hortaliças,CEASA-BA Salvador(BA),BA,3.0,2026-07-22
Beterraba,1Kg,Hortaliças,CEASAMINAS Belo Horizonte(MG),MG,3.42,2026-07-22
Beterraba,1Kg,Hortaliças,CEASA-RJ Rio de Janeiro(RJ),RJ,2.75,2026-07-22
Beterraba,1Kg,Hortaliças,CEASA-PR Foz do Iguaçu(PR),PR,4.0,2026-07-22
Beterraba,1Kg,Hortaliças,CEASA-AL Maceió(AL),AL,3.5,2026-07-22
Beterraba,1Kg,Hortaliças,AMA-BA Juazeiro(BA),BA,2.12,2026-07-22
Beterraba,1Kg,Hortaliças,CEAGESP São Paulo(SP),SP,1.9,2026-07-22
Beterraba,1Kg,Hortaliças,CEASA-MA São Luís(MA),MA,5.9,2026-07-22
Beterraba,1Kg,Hortaliças,CEAGESP São José dos Campos(SP),SP,3.5,2026-07-22
Beterraba,1Kg,Hortaliças,CEASA-PR Cascavel(PR),PR,3.5,2026-07-22
Brócolis,1Kg,Hortaliças,CEASA-MT Cuiabá(MT),MT,21.82,2026-07-22
Brócolis,1Kg,Hortaliças,CEASA-PE Recife(PE),PE,8.57,2026-07-22
Brócolis,1Kg,Hortaliças,CEASA-PE Caruaru(PE),PE,12.0,2026-07-22
Brócolis,1Kg,Hortaliças,CEASA-RS Caxias do Sul(RS),RS,2.92,2026-07-22
Brócolis,1Kg,Hortaliças,CEASA-CE Fortaleza(CE),CE,20.0,2026-07-22
Brócolis,1Kg,Hortaliças,CEASA-PR Curitiba(PR),PR,6.67,2026-07-22
Brócolis,1Kg,Hortaliças,CEASA-ES Vitória(ES),ES,5.26,2026-07-22
Brócolis,1Kg,Hortaliças,CEASA-RN Natal(RN),RN,24.0,2026-07-22
Brócolis,1Kg,Hortaliças,CEASA-BA Salvador(BA),BA,8.75,2026-07-22
Brócolis,1Kg,Hortaliças,CEASAMINAS Belo Horizonte(MG),MG,8.33,2026-07-22
Brócolis,1Kg,Hortaliças,CEASA-RJ Rio de Janeiro(RJ),RJ,5.0,2026-07-22
Brócolis,1Kg,Hortaliças,CEASA-PR Foz do Iguaçu(PR),PR,6.0,2026-07-22
Brócolis,1Kg,Hortaliças,CEASA-AL Maceió(AL),AL,27.0,2026-07-22
Brócolis,1Kg,Hortaliças,CEAGESP São Paulo(SP),SP,2.79,2026-07-22
Brócolis,1Kg,Hortaliças,CEASA-MA São Luís(MA),MA,21.5,2026-07-22
Brócolis,1Kg,Hortaliças,CEAGESP São José dos Campos(SP),SP,4.67,2026-07-22
Brócolis,1Kg,Hortaliças,CEASA-PR Cascavel(PR),PR,14.0,2026-07-22
Cenoura,1Kg,Hortaliças,CEASA-MT Cuiabá(MT),MT,5.64,2026-07-22
Cenoura,1Kg,Hortaliças,CEASA-PE Recife(PE),PE,5.0,2026-07-22
Cenoura,1Kg,Hortaliças,CEASA-PE Caruaru(PE),PE,5.0,2026-07-22
Cenoura,1Kg,Hortaliças,CEASA-RS Caxias do Sul(RS),RS,3.25,2026-07-22
Cenoura,1Kg,Hortaliças,CEASA-CE Fortaleza(CE),CE,5.25,2026-07-22
Cenoura,1Kg,Hortaliças,CEASA-PR Curitiba(PR),PR,3.5,2026-07-22
Cenoura,1Kg,Hortaliças,CEASA-ES Vitória(ES),ES,4.5,2026-07-22
Cenoura,1Kg,Hortaliças,CEASA-RN Natal(RN),RN,5.0,2026-07-22
Cenoura,1Kg,Hortaliças,CEASA-BA Salvador(BA),BA,3.75,2026-07-22
Cenoura,1Kg,Hortaliças,CEASAMINAS Belo Horizonte(MG),MG,3.25,2026-07-22
Cenoura,1Kg,Hortaliças,CEASA-RJ Rio de Janeiro(RJ),RJ,5.0,2026-07-22
Cenoura,1Kg,Hortaliças,CEASA-PR Foz do Iguaçu(PR),PR,5.0,2026-07-22
Cenoura,1Kg,Hortaliças,CEASA-AL Maceió(AL),AL,6.0,2026-07-22
Cenoura,1Kg,Hortaliças,AMA-BA Juazeiro(BA),BA,4.58,2026-07-22
Cenoura,1Kg,Hortaliças,CEAGESP São Paulo(SP),SP,3.46,2026-07-22
Cenoura,1Kg,Hortaliças,CEASA-MA São Luís(MA),MA,8.25,2026-07-22
Cenoura,1Kg,Hortaliças,CEAGESP São José dos Campos(SP),SP,4.5,2026-07-22
Cenoura,1Kg,Hortaliças,CEASA-PR Cascavel(PR),PR,4.8,2026-07-22
Chuchu,1Kg,Hortaliças,CEASA-MT Cuiabá(MT),MT,2.63,2026-07-22
Chuchu,1Kg,Hortaliças,CEASA-PE Recife(PE),PE,2.5,2026-07-22
Chuchu,1Kg,Hortaliças,CEASA-PE Caruaru(PE),PE,2.0,2026-07-22
Chuchu,1Kg,Hortaliças,CEASA-RS Caxias do Sul(RS),RS,2.06,2026-07-22
Chuchu,1Kg,Hortaliças,CEASA-CE Fortaleza(CE),CE,2.7,2026-07-22
Chuchu,1Kg,Hortaliças,CEASA-PR Curitiba(PR),PR,1.25,2026-07-22
Chuchu,1Kg,Hortaliças,CEASA-ES Vitória(ES),ES,1.27,2026-07-22
Chuchu,1Kg,Hortaliças,CEASA-RN Natal(RN),RN,3.0,2026-07-22
Chuchu,1Kg,Hortaliças,CEASA-BA Salvador(BA),BA,1.9,2026-07-22
Chuchu,1Kg,Hortaliças,CEASAMINAS Belo Horizonte(MG),MG,1.15,2026-07-22
Chuchu,1Kg,Hortaliças,CEASA-RJ Rio de Janeiro(RJ),RJ,1.39,2026-07-22
Chuchu,1Kg,Hortaliças,CEASA-PR Foz do Iguaçu(PR),PR,3.6,2026-07-22
Chuchu,1Kg,Hortaliças,CEASA-AL Maceió(AL),AL,2.0,2026-07-22
Chuchu,1Kg,Hortaliças,AMA-BA Juazeiro(BA),BA,3.25,2026-07-22
Chuchu,1Kg,Hortaliças,CEAGESP São Paulo(SP),SP,1.17,2026-07-22
Chuchu,1Kg,Hortaliças,CEASA-MA São Luís(MA),MA,4.1,2026-07-22
Chuchu,1Kg,Hortaliças,CEAGESP São José dos Campos(SP),SP,3.33,2026-07-22
Chuchu,1Kg,Hortaliças,CEASA-PR Cascavel(PR),PR,3.0,2026-07-22
Couve,1Kg,Hortaliças,CEASA-MT Cuiabá(MT),MT,13.33,2026-07-22
Couve,1Kg,Hortaliças,CEASA-PE Recife(PE),PE,7.0,2026-07-22
Couve,1Kg,Hortaliças,CEASA-PE Caruaru(PE),PE,8.0,2026-07-22
Couve,1Kg,Hortaliças,CEASA-RS Caxias do Sul(RS),RS,1.58,2026-07-22
Couve,1Kg,Hortaliças,CEASA-PR Curitiba(PR),PR,6.25,2026-07-22
Couve,1Kg,Hortaliças,CEASA-ES Vitória(ES),ES,4.55,2026-07-22
Couve,1Kg,Hortaliças,CEASA-RN Natal(RN),RN,18.0,2026-07-22
Couve,1Kg,Hortaliças,CEASAMINAS Belo Horizonte(MG),MG,8.82,2026-07-22
Couve,1Kg,Hortaliças,CEASA-RJ Rio de Janeiro(RJ),RJ,7.0,2026-07-22
Couve,1Kg,Hortaliças,CEASA-PR Foz do Iguaçu(PR),PR,4.0,2026-07-22
Couve,1Kg,Hortaliças,CEASA-AL Maceió(AL),AL,5.0,2026-07-22
Couve,1Kg,Hortaliças,AMA-BA Juazeiro(BA),BA,5.0,2026-07-22
Couve,1Kg,Hortaliças,CEAGESP São Paulo(SP),SP,2.88,2026-07-22
Couve,1Kg,Hortaliças,CEASA-MA São Luís(MA),MA,25.36,2026-07-22
Couve,1Kg,Hortaliças,CEAGESP São José dos Campos(SP),SP,4.5,2026-07-22
Couve,1Kg,Hortaliças,CEASA-PR Cascavel(PR),PR,8.0,2026-07-22
Couve-Flor,1Un,Hortaliças,CEASA-MT Cuiabá(MT),MT,7.0,2026-07-22
Couve-Flor,1Un,Hortaliças,CEASA-PE Recife(PE),PE,7.0,2026-07-22
Couve-Flor,1Un,Hortaliças,CEASA-PE Caruaru(PE),PE,6.0,2026-07-22
Couve-Flor,1Un,Hortaliças,CEASA-RS Caxias do Sul(RS),RS,4.58,2026-07-22
Couve-Flor,1Un,Hortaliças,CEASA-CE Fortaleza(CE),CE,2.25,2026-07-22
Couve-Flor,1Un,Hortaliças,CEASA-PR Curitiba(PR),PR,4.17,2026-07-22
Couve-Flor,1Un,Hortaliças,CEASA-ES Vitória(ES),ES,2.8,2026-07-22
Couve-Flor,1Un,Hortaliças,CEASA-RN Natal(RN),RN,10.5,2026-07-22
Couve-Flor,1Un,Hortaliças,CEASA-BA Salvador(BA),BA,11.9,2026-07-22
Couve-Flor,1Un,Hortaliças,CEASAMINAS Belo Horizonte(MG),MG,3.33,2026-07-22
Couve-Flor,1Un,Hortaliças,CEASA-RJ Rio de Janeiro(RJ),RJ,2.19,2026-07-22
Couve-Flor,1Un,Hortaliças,CEASA-PR Foz do Iguaçu(PR),PR,8.0,2026-07-22
Couve-Flor,1Un,Hortaliças,CEASA-AL Maceió(AL),AL,9.0,2026-07-22
Couve-Flor,1Un,Hortaliças,CEAGESP São Paulo(SP),SP,4.87,2026-07-22
Couve-Flor,1Un,Hortaliças,CEASA-MA São Luís(MA),MA,5.83,2026-07-22
Couve-Flor,1Un,Hortaliças,CEAGESP São José dos Campos(SP),SP,6.88,2026-07-22
Couve-Flor,1Un,Hortaliças,CEASA-PR Cascavel(PR),PR,7.5,2026-07-22
Pepino,1Kg,Hortaliças,CEASA-MT Cuiabá(MT),MT,4.1,2026-07-22
Pepino,1Kg,Hortaliças,CEASA-PE Recife(PE),PE,1.33,2026-07-22
Pepino,1Kg,Hortaliças,CEASA-PE Caruaru(PE),PE,4.0,2026-07-22
Pepino,1Kg,Hortaliças,CEASA-RS Caxias do Sul(RS),RS,2.75,2026-07-22
Pepino,1Kg,Hortaliças,CEASA-CE Fortaleza(CE),CE,2.0,2026-07-22
Pepino,1Kg,Hortaliças,CEASA-PR Curitiba(PR),PR,3.0,2026-07-22
Pepino,1Kg,Hortaliças,CEASA-ES Vitória(ES),ES,2.26,2026-07-22
Pepino,1Kg,Hortaliças,CEASA-RN Natal(RN),RN,3.3,2026-07-22
Pepino,1Kg,Hortaliças,CEASA-BA Salvador(BA),BA,1.9,2026-07-22
Pepino,1Kg,Hortaliças,CEASAMINAS Belo Horizonte(MG),MG,1.31,2026-07-22
Pepino,1Kg,Hortaliças,CEASA-RJ Rio de Janeiro(RJ),RJ,2.06,2026-07-22
Pepino,1Kg,Hortaliças,CEASA-PR Foz do Iguaçu(PR),PR,7.5,2026-07-22
Pepino,1Kg,Hortaliças,CEASA-AL Maceió(AL),AL,2.5,2026-07-22
Pepino,1Kg,Hortaliças,AMA-BA Juazeiro(BA),BA,3.25,2026-07-22
Pepino,1Kg,Hortaliças,CEAGESP São Paulo(SP),SP,2.68,2026-07-22
Pepino,1Kg,Hortaliças,CEASA-MA São Luís(MA),MA,3.9,2026-07-22
Pepino,1Kg,Hortaliças,CEAGESP São José dos Campos(SP),SP,4.71,2026-07-22
Pepino,1Kg,Hortaliças,CEASA-PR Cascavel(PR),PR,3.5,2026-07-22
Pimentão Verde,1Kg,Hortaliças,CEASA-MT Cuiabá(MT),MT,9.47,2026-07-22
Pimentão Verde,1Kg,Hortaliças,CEASA-PE Recife(PE),PE,3.57,2026-07-22
Pimentão Verde,1Kg,Hortaliças,CEASA-PE Caruaru(PE),PE,3.0,2026-07-22
Pimentão Verde,1Kg,Hortaliças,CEASA-RS Caxias do Sul(RS),RS,9.1,2026-07-22
Pimentão Verde,1Kg,Hortaliças,CEASA-CE Fortaleza(CE),CE,4.0,2026-07-22
Pimentão Verde,1Kg,Hortaliças,CEASA-PR Curitiba(PR),PR,6.67,2026-07-22
Pimentão Verde,1Kg,Hortaliças,CEASA-ES Vitória(ES),ES,4.33,2026-07-22
Pimentão Verde,1Kg,Hortaliças,CEASA-RN Natal(RN),RN,4.23,2026-07-22
Pimentão Verde,1Kg,Hortaliças,CEASA-BA Salvador(BA),BA,5.6,2026-07-22
Pimentão Verde,1Kg,Hortaliças,CEASAMINAS Belo Horizonte(MG),MG,4.44,2026-07-22
Pimentão Verde,1Kg,Hortaliças,CEASA-RJ Rio de Janeiro(RJ),RJ,5.0,2026-07-22
Pimentão Verde,1Kg,Hortaliças,CEASA-PR Foz do Iguaçu(PR),PR,6.52,2026-07-22
Pimentão Verde,1Kg,Hortaliças,CEASA-AL Maceió(AL),AL,3.6,2026-07-22
Pimentão Verde,1Kg,Hortaliças,AMA-BA Juazeiro(BA),BA,2.29,2026-07-22
Pimentão Verde,1Kg,Hortaliças,CEAGESP São Paulo(SP),SP,4.27,2026-07-22
Pimentão Verde,1Kg,Hortaliças,CEASA-MA São Luís(MA),MA,8.55,2026-07-22
Pimentão Verde,1Kg,Hortaliças,CEAGESP São José dos Campos(SP),SP,8.34,2026-07-22
Pimentão Verde,1Kg,Hortaliças,CEASA-PR Cascavel(PR),PR,9.5,2026-07-22
Quiabo,1Kg,Hortaliças,CEASA-MT Cuiabá(MT),MT,16.36,2026-07-22
Quiabo,1Kg,Hortaliças,CEASA-PE Recife(PE),PE,10.0,2026-07-22
Quiabo,1Kg,Hortaliças,CEASA-PE Caruaru(PE),PE,7.0,2026-07-22
Quiabo,1Kg,Hortaliças,CEASA-RS Caxias do Sul(RS),RS,22.33,2026-07-22
Quiabo,1Kg,Hortaliças,CEASA-CE Fortaleza(CE),CE,12.0,2026-07-22
Quiabo,1Kg,Hortaliças,CEASA-PR Curitiba(PR),PR,10.0,2026-07-22
Quiabo,1Kg,Hortaliças,CEASA-ES Vitória(ES),ES,10.0,2026-07-22
Quiabo,1Kg,Hortaliças,CEASA-RN Natal(RN),RN,8.0,2026-07-22
Quiabo,1Kg,Hortaliças,CEASA-BA Salvador(BA),BA,6.0,2026-07-22
Quiabo,1Kg,Hortaliças,CEASAMINAS Belo Horizonte(MG),MG,8.33,2026-07-22
Quiabo,1Kg,Hortaliças,CEASA-RJ Rio de Janeiro(RJ),RJ,5.83,2026-07-22
Quiabo,1Kg,Hortaliças,CEASA-PR Foz do Iguaçu(PR),PR,10.0,2026-07-22
Quiabo,1Kg,Hortaliças,CEASA-AL Maceió(AL),AL,5.0,2026-07-22
Quiabo,1Kg,Hortaliças,AMA-BA Juazeiro(BA),BA,6.5,2026-07-22
Quiabo,1Kg,Hortaliças,CEAGESP São Paulo(SP),SP,5.72,2026-07-22
Quiabo,1Kg,Hortaliças,CEASA-MA São Luís(MA),MA,20.75,2026-07-22
Quiabo,1Kg,Hortaliças,CEAGESP São José dos Campos(SP),SP,11.0,2026-07-22
Quiabo,1Kg,Hortaliças,CEASA-PR Cascavel(PR),PR,15.0,2026-07-22
Repolho,1Kg,Hortaliças,CEASA-MT Cuiabá(MT),MT,3.56,2026-07-22
Repolho,1Kg,Hortaliças,CEASA-PE Recife(PE),PE,1.48,2026-07-22
Repolho,1Kg,Hortaliças,CEASA-PE Caruaru(PE),PE,5.0,2026-07-22
Repolho,1Kg,Hortaliças,CEASA-RS Caxias do Sul(RS),RS,4.25,2026-07-22
Repolho,1Kg,Hortaliças,CEASA-CE Fortaleza(CE),CE,6.0,2026-07-22
Repolho,1Kg,Hortaliças,CEASA-PR Curitiba(PR),PR,1.8,2026-07-22
Repolho,1Kg,Hortaliças,CEASA-ES Vitória(ES),ES,1.86,2026-07-22
Repolho,1Kg,Hortaliças,CEASA-RN Natal(RN),RN,5.0,2026-07-22
Repolho,1Kg,Hortaliças,CEASA-BA Salvador(BA),BA,4.0,2026-07-22
Repolho,1Kg,Hortaliças,CEASAMINAS Belo Horizonte(MG),MG,1.5,2026-07-22
Repolho,1Kg,Hortaliças,CEASA-RJ Rio de Janeiro(RJ),RJ,2.33,2026-07-22
Repolho,1Kg,Hortaliças,CEASA-PR Foz do Iguaçu(PR),PR,2.5,2026-07-22
Repolho,1Kg,Hortaliças,CEASA-AL Maceió(AL),AL,2.0,2026-07-22
Repolho,1Kg,Hortaliças,AMA-BA Juazeiro(BA),BA,5.0,2026-07-22
Repolho,1Kg,Hortaliças,CEAGESP São Paulo(SP),SP,2.34,2026-07-22
Repolho,1Kg,Hortaliças,CEASA-MA São Luís(MA),MA,8.45,2026-07-22
Repolho,1Kg,Hortaliças,CEAGESP São José dos Campos(SP),SP,2.4,2026-07-22
Repolho,1Kg,Hortaliças,CEASA-PR Cascavel(PR),PR,4.4,2026-07-22
Tomate,1Kg,Hortaliças,CEASA-MT Cuiabá(MT),MT,5.79,2026-07-22
Tomate,1Kg,Hortaliças,CEASA-PE Recife(PE),PE,1.92,2026-07-22
Tomate,1Kg,Hortaliças,CEASA-PE Caruaru(PE),PE,1.65,2026-07-22
Tomate,1Kg,Hortaliças,CEASA-RS Caxias do Sul(RS),RS,4.2,2026-07-22
Tomate,1Kg,Hortaliças,CEASA-CE Fortaleza(CE),CE,4.0,2026-07-22
Tomate,1Kg,Hortaliças,CEASA-PR Curitiba(PR),PR,3.0,2026-07-22
Tomate,1Kg,Hortaliças,CEASA-ES Vitória(ES),ES,3.42,2026-07-22
Tomate,1Kg,Hortaliças,CEASA-RN Natal(RN),RN,2.33,2026-07-22
Tomate,1Kg,Hortaliças,CEASA-BA Salvador(BA),BA,2.9,2026-07-22
Tomate,1Kg,Hortaliças,CEASAMINAS Belo Horizonte(MG),MG,3.25,2026-07-22
Tomate,1Kg,Hortaliças,CEASA-RJ Rio de Janeiro(RJ),RJ,3.89,2026-07-22
Tomate,1Kg,Hortaliças,CEASA-PR Foz do Iguaçu(PR),PR,4.75,2026-07-22
Tomate,1Kg,Hortaliças,CEASA-AL Maceió(AL),AL,2.35,2026-07-22
Tomate,1Kg,Hortaliças,AMA-BA Juazeiro(BA),BA,1.06,2026-07-22
Tomate,1Kg,Hortaliças,CEAGESP São Paulo(SP),SP,2.84,2026-07-22
Tomate,1Kg,Hortaliças,CEASA-MA São Luís(MA),MA,6.45,2026-07-22
Tomate,1Kg,Hortaliças,CEAGESP São José dos Campos(SP),SP,4.0,2026-07-22
Tomate,1Kg,Hortaliças,CEASA-PR Cascavel(PR),PR,3.8,2026-07-22
Vagem,1Kg,Hortaliças,CEASA-MT Cuiabá(MT),MT,11.82,2026-07-22
Vagem,1Kg,Hortaliças,CEASA-PE Recife(PE),PE,5.0,2026-07-22
Vagem,1Kg,Hortaliças,CEASA-PE Caruaru(PE),PE,10.0,2026-07-22
Vagem,1Kg,Hortaliças,CEASA-RS Caxias do Sul(RS),RS,13.2,2026-07-22
Vagem,1Kg,Hortaliças,CEASA-CE Fortaleza(CE),CE,7.0,2026-07-22
Vagem,1Kg,Hortaliças,CEASA-PR Curitiba(PR),PR,6.67,2026-07-22
Vagem,1Kg,Hortaliças,CEASA-ES Vitória(ES),ES,4.55,2026-07-22
Vagem,1Kg,Hortaliças,CEASA-RN Natal(RN),RN,10.0,2026-07-22
Vagem,1Kg,Hortaliças,CEASA-BA Salvador(BA),BA,8.0,2026-07-22
Vagem,1Kg,Hortaliças,CEASAMINAS Belo Horizonte(MG),MG,3.07,2026-07-22
Vagem,1Kg,Hortaliças,CEASA-RJ Rio de Janeiro(RJ),RJ,9.0,2026-07-22
Vagem,1Kg,Hortaliças,CEASA-PR Foz do Iguaçu(PR),PR,12.5,2026-07-22
Vagem,1Kg,Hortaliças,CEASA-AL Maceió(AL),AL,6.0,2026-07-22
Vagem,1Kg,Hortaliças,AMA-BA Juazeiro(BA),BA,9.0,2026-07-22
Vagem,1Kg,Hortaliças,CEAGESP São Paulo(SP),SP,6.01,2026-07-22
Vagem,1Kg,Hortaliças,CEASA-MA São Luís(MA),MA,11.11,2026-07-22
Vagem,1Kg,Hortaliças,CEAGESP São José dos Campos(SP),SP,12.0,2026-07-22
Vagem,1Kg,Hortaliças,CEASA-PR Cascavel(PR),PR,14.0,2026-07-22
Abóbora,1Kg,Hortaliças,CEAGESP Ribeirão Preto(SP),SP,2.9,2026-07-21
Abóbora,1Kg,Hortaliças,CEASA-MT Cuiabá(MT),MT,2.89,2026-07-21
Abóbora,1Kg,Hortaliças,CEASA-SC Florianópolis(SC),SC,2.5,2026-07-21
Abóbora,1Kg,Hortaliças,CEASA-PE Recife(PE),PE,2.8,2026-07-21
Abóbora,1Kg,Hortaliças,CEASA-MS Campo Grande(MS),MS,4.5,2026-07-21
Abóbora,1Kg,Hortaliças,CEASA-CE Fortaleza(CE),CE,3.15,2026-07-21
Abóbora,1Kg,Hortaliças,CEASA-PR Curitiba(PR),PR,2.5,2026-07-21
Abóbora,1Kg,Hortaliças,CEASA-ES Vitória(ES),ES,2.28,2026-07-21
Abóbora,1Kg,Hortaliças,CEASA-MA São Luís(MA),MA,3.43,2026-07-21
Abóbora,1Kg,Hortaliças,CEASA-PB Patos(PB),PB,3.5,2026-07-21
Abóbora,1Kg,Hortaliças,CEASA-RJ Rio de Janeiro(RJ),RJ,2.2,2026-07-21
Abóbora,1Kg,Hortaliças,CEAGESP Franca(SP),SP,2.75,2026-07-21
Abóbora,1Kg,Hortaliças,CEASA-CE Tianguá(CE),CE,3.0,2026-07-21
Abóbora,1Kg,Hortaliças,CEASA-AL Maceió(AL),AL,2.0,2026-07-21
Abóbora,1Kg,Hortaliças,AMA-BA Juazeiro(BA),BA,2.0,2026-07-21
Abóbora,1Kg,Hortaliças,CEASAMINAS Barbacena(MG),MG,2.25,2026-07-21
Abóbora,1Kg,Hortaliças,CEASA-PR Cascavel(PR),PR,3.0,2026-07-21
Abobrinha,1Kg,Hortaliças,CEAGESP Ribeirão Preto(SP),SP,3.68,2026-07-21
Abobrinha,1Kg,Hortaliças,CEASA-MT Cuiabá(MT),MT,4.71,2026-07-21
Abobrinha,1Kg,Hortaliças,CEASA-SC Florianópolis(SC),SC,2.78,2026-07-21
Abobrinha,1Kg,Hortaliças,CEASA-PE Recife(PE),PE,2.5,2026-07-21
Abobrinha,1Kg,Hortaliças,CEASA-MS Campo Grande(MS),MS,7.0,2026-07-21
Abobrinha,1Kg,Hortaliças,CEASA-CE Fortaleza(CE),CE,4.1,2026-07-21
Abobrinha,1Kg,Hortaliças,CEASA-PR Curitiba(PR),PR,1.75,2026-07-21
Abobrinha,1Kg,Hortaliças,CEASA-ES Vitória(ES),ES,2.89,2026-07-21
Abobrinha,1Kg,Hortaliças,CEASA-MA São Luís(MA),MA,3.05,2026-07-21
Abobrinha,1Kg,Hortaliças,CEASA-PB Patos(PB),PB,4.33,2026-07-21
Abobrinha,1Kg,Hortaliças,CEASA-RJ Rio de Janeiro(RJ),RJ,2.19,2026-07-21
Abobrinha,1Kg,Hortaliças,CEAGESP Franca(SP),SP,3.33,2026-07-21
Abobrinha,1Kg,Hortaliças,CEASA-CE Tianguá(CE),CE,1.75,2026-07-21
Abobrinha,1Kg,Hortaliças,CEASA-AL Maceió(AL),AL,3.0,2026-07-21
Abobrinha,1Kg,Hortaliças,AMA-BA Juazeiro(BA),BA,3.47,2026-07-21
Abobrinha,1Kg,Hortaliças,CEASAMINAS Barbacena(MG),MG,3.33,2026-07-21
Abobrinha,1Kg,Hortaliças,CEASA-PR Cascavel(PR),PR,4.0,2026-07-21
Alface,1Dz,Hortaliças,CEAGESP Ribeirão Preto(SP),SP,26.8,2026-07-21
Alface,1Dz,Hortaliças,CEASA-MT Cuiabá(MT),MT,30.0,2026-07-21
Alface,1Dz,Hortaliças,CEASA-SC Florianópolis(SC),SC,21.6,2026-07-21
Alface,1Dz,Hortaliças,CEASA-PE Recife(PE),PE,9.6,2026-07-21
Alface,1Dz,Hortaliças,CEASA-MS Campo Grande(MS),MS,5.7,2026-07-21
Alface,1Dz,Hortaliças,CEASA-CE Fortaleza(CE),CE,36.0,2026-07-21
Alface,1Dz,Hortaliças,CEASA-PR Curitiba(PR),PR,40.0,2026-07-21
Alface,1Dz,Hortaliças,CEASA-ES Vitória(ES),ES,16.67,2026-07-21
Alface,1Dz,Hortaliças,CEASA-MA São Luís(MA),MA,15.61,2026-07-21
Alface,1Dz,Hortaliças,CEASA-PB Patos(PB),PB,24.0,2026-07-21
Alface,1Dz,Hortaliças,CEASA-RJ Rio de Janeiro(RJ),RJ,23.33,2026-07-21
Alface,1Dz,Hortaliças,CEASA-CE Tianguá(CE),CE,21.6,2026-07-21
Alface,1Dz,Hortaliças,CEASA-AL Maceió(AL),AL,18.0,2026-07-21
Alface,1Dz,Hortaliças,AMA-BA Juazeiro(BA),BA,8.0,2026-07-21
Alface,1Dz,Hortaliças,CEASAMINAS Barbacena(MG),MG,15.0,2026-07-21
Alface,1Dz,Hortaliças,CEASA-PR Cascavel(PR),PR,48.0,2026-07-21
Berinjela,1Kg,Hortaliças,CEAGESP Ribeirão Preto(SP),SP,4.44,2026-07-21
Berinjela,1Kg,Hortaliças,CEASA-MT Cuiabá(MT),MT,3.64,2026-07-21
Berinjela,1Kg,Hortaliças,CEASA-SC Florianópolis(SC),SC,5.0,2026-07-21
Berinjela,1Kg,Hortaliças,CEASA-PE Recife(PE),PE,3.0,2026-07-21
Berinjela,1Kg,Hortaliças,CEASA-MS Campo Grande(MS),MS,3.35,2026-07-21
Berinjela,1Kg,Hortaliças,CEASA-CE Fortaleza(CE),CE,2.7,2026-07-21
Berinjela,1Kg,Hortaliças,CEASA-PR Curitiba(PR),PR,5.0,2026-07-21
Berinjela,1Kg,Hortaliças,CEASA-ES Vitória(ES),ES,3.0,2026-07-21
Berinjela,1Kg,Hortaliças,CEASA-MA São Luís(MA),MA,4.85,2026-07-21
Berinjela,1Kg,Hortaliças,CEASA-PB Patos(PB),PB,3.83,2026-07-21
Berinjela,1Kg,Hortaliças,CEASA-RJ Rio de Janeiro(RJ),RJ,2.5,2026-07-21
Berinjela,1Kg,Hortaliças,CEAGESP Franca(SP),SP,2.0,2026-07-21
Berinjela,1Kg,Hortaliças,CEASA-CE Tianguá(CE),CE,1.92,2026-07-21
Berinjela,1Kg,Hortaliças,CEASA-AL Maceió(AL),AL,3.0,2026-07-21
Berinjela,1Kg,Hortaliças,AMA-BA Juazeiro(BA),BA,4.29,2026-07-21
Berinjela,1Kg,Hortaliças,CEASAMINAS Barbacena(MG),MG,2.08,2026-07-21
Berinjela,1Kg,Hortaliças,CEASA-PR Cascavel(PR),PR,6.5,2026-07-21
Beterraba,1Kg,Hortaliças,CEAGESP Ribeirão Preto(SP),SP,2.5,2026-07-21
Beterraba,1Kg,Hortaliças,CEASA-MT Cuiabá(MT),MT,4.21,2026-07-21
Beterraba,1Kg,Hortaliças,CEASA-SC Florianópolis(SC),SC,2.75,2026-07-21
Beterraba,1Kg,Hortaliças,CEASA-PE Recife(PE),PE,3.0,2026-07-21
Beterraba,1Kg,Hortaliças,CEASA-MS Campo Grande(MS),MS,3.4,2026-07-21
Beterraba,1Kg,Hortaliças,CEASA-CE Fortaleza(CE),CE,3.4,2026-07-21
Beterraba,1Kg,Hortaliças,CEASA-PR Curitiba(PR),PR,2.25,2026-07-21
Beterraba,1Kg,Hortaliças,CEASA-ES Vitória(ES),ES,3.42,2026-07-21
Beterraba,1Kg,Hortaliças,CEASA-MA São Luís(MA),MA,5.9,2026-07-21
Beterraba,1Kg,Hortaliças,CEASA-PB Patos(PB),PB,2.5,2026-07-21
Beterraba,1Kg,Hortaliças,CEASA-RJ Rio de Janeiro(RJ),RJ,2.75,2026-07-21
Beterraba,1Kg,Hortaliças,CEAGESP Franca(SP),SP,3.0,2026-07-21
Beterraba,1Kg,Hortaliças,CEASA-CE Tianguá(CE),CE,3.5,2026-07-21
Beterraba,1Kg,Hortaliças,CEASA-AL Maceió(AL),AL,3.5,2026-07-21
Beterraba,1Kg,Hortaliças,AMA-BA Juazeiro(BA),BA,2.0,2026-07-21
Beterraba,1Kg,Hortaliças,CEASAMINAS Barbacena(MG),MG,3.94,2026-07-21
Beterraba,1Kg,Hortaliças,CEASA-PR Cascavel(PR),PR,3.6,2026-07-21
Brócolis,1Kg,Hortaliças,CEAGESP Ribeirão Preto(SP),SP,3.33,2026-07-21
Brócolis,1Kg,Hortaliças,CEASA-MT Cuiabá(MT),MT,21.82,2026-07-21
Brócolis,1Kg,Hortaliças,CEASA-SC Florianópolis(SC),SC,5.0,2026-07-21
Brócolis,1Kg,Hortaliças,CEASA-PE Recife(PE),PE,8.57,2026-07-21
Brócolis,1Kg,Hortaliças,CEASA-MS Campo Grande(MS),MS,4.0,2026-07-21
Brócolis,1Kg,Hortaliças,CEASA-CE Fortaleza(CE),CE,20.0,2026-07-21
Brócolis,1Kg,Hortaliças,CEASA-PR Curitiba(PR),PR,6.67,2026-07-21
Brócolis,1Kg,Hortaliças,CEASA-ES Vitória(ES),ES,5.26,2026-07-21
Brócolis,1Kg,Hortaliças,CEASA-MA São Luís(MA),MA,21.5,2026-07-21
Brócolis,1Kg,Hortaliças,CEASA-PB Patos(PB),PB,7.0,2026-07-21
Brócolis,1Kg,Hortaliças,CEASA-RJ Rio de Janeiro(RJ),RJ,3.75,2026-07-21
Brócolis,1Kg,Hortaliças,CEAGESP Franca(SP),SP,5.5,2026-07-21
Brócolis,1Kg,Hortaliças,CEASA-CE Tianguá(CE),CE,3.0,2026-07-21
Brócolis,1Kg,Hortaliças,CEASA-AL Maceió(AL),AL,27.0,2026-07-21
Brócolis,1Kg,Hortaliças,CEASAMINAS Barbacena(MG),MG,4.2,2026-07-21
Brócolis,1Kg,Hortaliças,CEASA-PR Cascavel(PR),PR,13.0,2026-07-21
Cenoura,1Kg,Hortaliças,CEAGESP Ribeirão Preto(SP),SP,5.75,2026-07-21
Cenoura,1Kg,Hortaliças,CEASA-MT Cuiabá(MT),MT,5.64,2026-07-21
Cenoura,1Kg,Hortaliças,CEASA-SC Florianópolis(SC),SC,4.25,2026-07-21
Cenoura,1Kg,Hortaliças,CEASA-PE Recife(PE),PE,5.0,2026-07-21
Cenoura,1Kg,Hortaliças,CEASA-MS Campo Grande(MS),MS,4.8,2026-07-21
Cenoura,1Kg,Hortaliças,CEASA-CE Fortaleza(CE),CE,5.25,2026-07-21
Cenoura,1Kg,Hortaliças,CEASA-PR Curitiba(PR),PR,3.5,2026-07-21
Cenoura,1Kg,Hortaliças,CEASA-ES Vitória(ES),ES,4.5,2026-07-21
Cenoura,1Kg,Hortaliças,CEASA-MA São Luís(MA),MA,8.25,2026-07-21
Cenoura,1Kg,Hortaliças,CEASA-PB Patos(PB),PB,4.14,2026-07-21
Cenoura,1Kg,Hortaliças,CEASA-RJ Rio de Janeiro(RJ),RJ,5.0,2026-07-21
Cenoura,1Kg,Hortaliças,CEAGESP Franca(SP),SP,3.1,2026-07-21
Cenoura,1Kg,Hortaliças,CEASA-CE Tianguá(CE),CE,5.0,2026-07-21
Cenoura,1Kg,Hortaliças,CEASA-AL Maceió(AL),AL,6.0,2026-07-21
Cenoura,1Kg,Hortaliças,AMA-BA Juazeiro(BA),BA,5.0,2026-07-21
Cenoura,1Kg,Hortaliças,CEASAMINAS Barbacena(MG),MG,4.5,2026-07-21
Cenoura,1Kg,Hortaliças,CEASA-PR Cascavel(PR),PR,5.0,2026-07-21
Chuchu,1Kg,Hortaliças,CEAGESP Ribeirão Preto(SP),SP,4.5,2026-07-21
Chuchu,1Kg,Hortaliças,CEASA-MT Cuiabá(MT),MT,2.63,2026-07-21
Chuchu,1Kg,Hortaliças,CEASA-SC Florianópolis(SC),SC,2.0,2026-07-21
Chuchu,1Kg,Hortaliças,CEASA-PE Recife(PE),PE,2.5,2026-07-21
Chuchu,1Kg,Hortaliças,CEASA-MS Campo Grande(MS),MS,3.25,2026-07-21
Chuchu,1Kg,Hortaliças,CEASA-CE Fortaleza(CE),CE,2.7,2026-07-21
Chuchu,1Kg,Hortaliças,CEASA-PR Curitiba(PR),PR,1.25,2026-07-21
Chuchu,1Kg,Hortaliças,CEASA-ES Vitória(ES),ES,1.23,2026-07-21
Chuchu,1Kg,Hortaliças,CEASA-MA São Luís(MA),MA,4.1,2026-07-21
Chuchu,1Kg,Hortaliças,CEASA-PB Patos(PB),PB,3.11,2026-07-21
Chuchu,1Kg,Hortaliças,CEASA-RJ Rio de Janeiro(RJ),RJ,0.83,2026-07-21
Chuchu,1Kg,Hortaliças,CEAGESP Franca(SP),SP,4.45,2026-07-21
Chuchu,1Kg,Hortaliças,CEASA-CE Tianguá(CE),CE,2.8,2026-07-21
Chuchu,1Kg,Hortaliças,CEASA-AL Maceió(AL),AL,2.0,2026-07-21
Chuchu,1Kg,Hortaliças,AMA-BA Juazeiro(BA),BA,3.25,2026-07-21
Chuchu,1Kg,Hortaliças,CEASAMINAS Barbacena(MG),MG,2.63,2026-07-21
Chuchu,1Kg,Hortaliças,CEASA-PR Cascavel(PR),PR,3.0,2026-07-21
Couve,1Kg,Hortaliças,CEAGESP Ribeirão Preto(SP),SP,6.0,2026-07-21
Couve,1Kg,Hortaliças,CEASA-MT Cuiabá(MT),MT,13.33,2026-07-21
Couve,1Kg,Hortaliças,CEASA-SC Florianópolis(SC),SC,6.0,2026-07-21
Couve,1Kg,Hortaliças,CEASA-PE Recife(PE),PE,7.0,2026-07-21
Couve,1Kg,Hortaliças,CEASA-MS Campo Grande(MS),MS,2.5,2026-07-21
Couve,1Kg,Hortaliças,CEASA-PR Curitiba(PR),PR,6.25,2026-07-21
Couve,1Kg,Hortaliças,CEASA-ES Vitória(ES),ES,4.55,2026-07-21
Couve,1Kg,Hortaliças,CEASA-MA São Luís(MA),MA,25.36,2026-07-21
Couve,1Kg,Hortaliças,CEASA-PB Patos(PB),PB,9.33,2026-07-21
Couve,1Kg,Hortaliças,CEASA-RJ Rio de Janeiro(RJ),RJ,7.0,2026-07-21
Couve,1Kg,Hortaliças,CEASA-CE Tianguá(CE),CE,2.0,2026-07-21
Couve,1Kg,Hortaliças,CEASA-AL Maceió(AL),AL,5.0,2026-07-21
Couve,1Kg,Hortaliças,AMA-BA Juazeiro(BA),BA,5.0,2026-07-21
Couve,1Kg,Hortaliças,CEASAMINAS Barbacena(MG),MG,11.76,2026-07-21
Couve,1Kg,Hortaliças,CEASA-PR Cascavel(PR),PR,8.0,2026-07-21
Couve-Flor,1Un,Hortaliças,CEAGESP Ribeirão Preto(SP),SP,6.88,2026-07-21
Couve-Flor,1Un,Hortaliças,CEASA-MT Cuiabá(MT),MT,7.0,2026-07-21
Couve-Flor,1Un,Hortaliças,CEASA-SC Florianópolis(SC),SC,2.5,2026-07-21
Couve-Flor,1Un,Hortaliças,CEASA-PE Recife(PE),PE,7.0,2026-07-21
Couve-Flor,1Un,Hortaliças,CEASA-MS Campo Grande(MS),MS,5.5,2026-07-21
Couve-Flor,1Un,Hortaliças,CEASA-CE Fortaleza(CE),CE,2.5,2026-07-21
Couve-Flor,1Un,Hortaliças,CEASA-PR Curitiba(PR),PR,4.17,2026-07-21
Couve-Flor,1Un,Hortaliças,CEASA-ES Vitória(ES),ES,2.4,2026-07-21
Couve-Flor,1Un,Hortaliças,CEASA-MA São Luís(MA),MA,5.83,2026-07-21
Couve-Flor,1Un,Hortaliças,CEASA-PB Patos(PB),PB,9.33,2026-07-21
Couve-Flor,1Un,Hortaliças,CEASA-RJ Rio de Janeiro(RJ),RJ,2.19,2026-07-21
Couve-Flor,1Un,Hortaliças,CEAGESP Franca(SP),SP,8.5,2026-07-21
Couve-Flor,1Un,Hortaliças,CEASA-CE Tianguá(CE),CE,3.0,2026-07-21
Couve-Flor,1Un,Hortaliças,CEASA-AL Maceió(AL),AL,9.0,2026-07-21
Couve-Flor,1Un,Hortaliças,CEASAMINAS Barbacena(MG),MG,3.13,2026-07-21
Couve-Flor,1Un,Hortaliças,CEASA-PR Cascavel(PR),PR,8.0,2026-07-21
Pepino,1Kg,Hortaliças,CEAGESP Ribeirão Preto(SP),SP,5.73,2026-07-21
Pepino,1Kg,Hortaliças,CEASA-MT Cuiabá(MT),MT,4.1,2026-07-21
Pepino,1Kg,Hortaliças,CEASA-SC Florianópolis(SC),SC,6.5,2026-07-21
Pepino,1Kg,Hortaliças,CEASA-PE Recife(PE),PE,1.33,2026-07-21
Pepino,1Kg,Hortaliças,CEASA-MS Campo Grande(MS),MS,3.7,2026-07-21
Pepino,1Kg,Hortaliças,CEASA-CE Fortaleza(CE),CE,2.0,2026-07-21
Pepino,1Kg,Hortaliças,CEASA-PR Curitiba(PR),PR,3.0,2026-07-21
Pepino,1Kg,Hortaliças,CEASA-ES Vitória(ES),ES,2.22,2026-07-21
Pepino,1Kg,Hortaliças,CEASA-MA São Luís(MA),MA,3.9,2026-07-21
Pepino,1Kg,Hortaliças,CEASA-PB Patos(PB),PB,3.33,2026-07-21
Pepino,1Kg,Hortaliças,CEASA-RJ Rio de Janeiro(RJ),RJ,1.76,2026-07-21
Pepino,1Kg,Hortaliças,CEAGESP Franca(SP),SP,3.33,2026-07-21
Pepino,1Kg,Hortaliças,CEASA-CE Tianguá(CE),CE,1.0,2026-07-21
Pepino,1Kg,Hortaliças,CEASA-AL Maceió(AL),AL,2.5,2026-07-21
Pepino,1Kg,Hortaliças,AMA-BA Juazeiro(BA),BA,3.25,2026-07-21
Pepino,1Kg,Hortaliças,CEASAMINAS Barbacena(MG),MG,3.68,2026-07-21
Pepino,1Kg,Hortaliças,CEASA-PR Cascavel(PR),PR,3.8,2026-07-21
Pimentão Verde,1Kg,Hortaliças,CEAGESP Ribeirão Preto(SP),SP,6.0,2026-07-21
Pimentão Verde,1Kg,Hortaliças,CEASA-MT Cuiabá(MT),MT,9.47,2026-07-21
Pimentão Verde,1Kg,Hortaliças,CEASA-SC Florianópolis(SC),SC,8.0,2026-07-21
Pimentão Verde,1Kg,Hortaliças,CEASA-PE Recife(PE),PE,3.57,2026-07-21
Pimentão Verde,1Kg,Hortaliças,CEASA-MS Campo Grande(MS),MS,6.65,2026-07-21
Pimentão Verde,1Kg,Hortaliças,CEASA-CE Fortaleza(CE),CE,4.15,2026-07-21
Pimentão Verde,1Kg,Hortaliças,CEASA-PR Curitiba(PR),PR,6.67,2026-07-21
Pimentão Verde,1Kg,Hortaliças,CEASA-ES Vitória(ES),ES,4.72,2026-07-21
Pimentão Verde,1Kg,Hortaliças,CEASA-MA São Luís(MA),MA,8.55,2026-07-21
Pimentão Verde,1Kg,Hortaliças,CEASA-PB Patos(PB),PB,3.31,2026-07-21
Pimentão Verde,1Kg,Hortaliças,CEASA-RJ Rio de Janeiro(RJ),RJ,5.0,2026-07-21
Pimentão Verde,1Kg,Hortaliças,CEAGESP Franca(SP),SP,8.9,2026-07-21
Pimentão Verde,1Kg,Hortaliças,CEASA-CE Tianguá(CE),CE,3.33,2026-07-21
Pimentão Verde,1Kg,Hortaliças,CEASA-AL Maceió(AL),AL,3.6,2026-07-21
Pimentão Verde,1Kg,Hortaliças,AMA-BA Juazeiro(BA),BA,2.08,2026-07-21
Pimentão Verde,1Kg,Hortaliças,CEASAMINAS Barbacena(MG),MG,6.67,2026-07-21
Pimentão Verde,1Kg,Hortaliças,CEASA-PR Cascavel(PR),PR,9.0,2026-07-21
Quiabo,1Kg,Hortaliças,CEAGESP Ribeirão Preto(SP),SP,11.56,2026-07-21
Quiabo,1Kg,Hortaliças,CEASA-MT Cuiabá(MT),MT,16.36,2026-07-21
Quiabo,1Kg,Hortaliças,CEASA-SC Florianópolis(SC),SC,18.0,2026-07-21
Quiabo,1Kg,Hortaliças,CEASA-PE Recife(PE),PE,10.0,2026-07-21
Quiabo,1Kg,Hortaliças,CEASA-MS Campo Grande(MS),MS,11.35,2026-07-21
Quiabo,1Kg,Hortaliças,CEASA-CE Fortaleza(CE),CE,12.0,2026-07-21
Quiabo,1Kg,Hortaliças,CEASA-PR Curitiba(PR),PR,10.0,2026-07-21
Quiabo,1Kg,Hortaliças,CEASA-ES Vitória(ES),ES,11.23,2026-07-21
Quiabo,1Kg,Hortaliças,CEASA-MA São Luís(MA),MA,20.75,2026-07-21
Quiabo,1Kg,Hortaliças,CEASA-PB Patos(PB),PB,6.5,2026-07-21
Quiabo,1Kg,Hortaliças,CEASA-RJ Rio de Janeiro(RJ),RJ,7.5,2026-07-21
Quiabo,1Kg,Hortaliças,CEAGESP Franca(SP),SP,5.0,2026-07-21
Quiabo,1Kg,Hortaliças,CEASA-CE Tianguá(CE),CE,5.0,2026-07-21
Quiabo,1Kg,Hortaliças,CEASA-AL Maceió(AL),AL,5.0,2026-07-21
Quiabo,1Kg,Hortaliças,AMA-BA Juazeiro(BA),BA,6.5,2026-07-21
Quiabo,1Kg,Hortaliças,CEASAMINAS Barbacena(MG),MG,10.0,2026-07-21
Quiabo,1Kg,Hortaliças,CEASA-PR Cascavel(PR),PR,15.0,2026-07-21
Repolho,1Kg,Hortaliças,CEAGESP Ribeirão Preto(SP),SP,3.0,2026-07-21
Repolho,1Kg,Hortaliças,CEASA-MT Cuiabá(MT),MT,3.56,2026-07-21
Repolho,1Kg,Hortaliças,CEASA-SC Florianópolis(SC),SC,1.4,2026-07-21
Repolho,1Kg,Hortaliças,CEASA-PE Recife(PE),PE,1.85,2026-07-21
Repolho,1Kg,Hortaliças,CEASA-MS Campo Grande(MS),MS,2.5,2026-07-21
Repolho,1Kg,Hortaliças,CEASA-CE Fortaleza(CE),CE,7.5,2026-07-21
Repolho,1Kg,Hortaliças,CEASA-PR Curitiba(PR),PR,1.8,2026-07-21
Repolho,1Kg,Hortaliças,CEASA-ES Vitória(ES),ES,2.34,2026-07-21
Repolho,1Kg,Hortaliças,CEASA-MA São Luís(MA),MA,8.45,2026-07-21
Repolho,1Kg,Hortaliças,CEASA-PB Patos(PB),PB,4.5,2026-07-21
Repolho,1Kg,Hortaliças,CEASA-RJ Rio de Janeiro(RJ),RJ,2.67,2026-07-21
Repolho,1Kg,Hortaliças,CEAGESP Franca(SP),SP,3.2,2026-07-21
Repolho,1Kg,Hortaliças,CEASA-CE Tianguá(CE),CE,7.5,2026-07-21
Repolho,1Kg,Hortaliças,CEASA-AL Maceió(AL),AL,2.0,2026-07-21
Repolho,1Kg,Hortaliças,AMA-BA Juazeiro(BA),BA,5.0,2026-07-21
Repolho,1Kg,Hortaliças,CEASAMINAS Barbacena(MG),MG,1.74,2026-07-21
Repolho,1Kg,Hortaliças,CEASA-PR Cascavel(PR),PR,4.0,2026-07-21
Tomate,1Kg,Hortaliças,CEAGESP Ribeirão Preto(SP),SP,6.5,2026-07-21
Tomate,1Kg,Hortaliças,CEASA-MT Cuiabá(MT),MT,5.79,2026-07-21
Tomate,1Kg,Hortaliças,CEASA-SC Florianópolis(SC),SC,4.0,2026-07-21
Tomate,1Kg,Hortaliças,CEASA-PE Recife(PE),PE,1.92,2026-07-21
Tomate,1Kg,Hortaliças,CEASA-MS Campo Grande(MS),MS,4.4,2026-07-21
Tomate,1Kg,Hortaliças,CEASA-CE Fortaleza(CE),CE,4.0,2026-07-21
Tomate,1Kg,Hortaliças,CEASA-PR Curitiba(PR),PR,3.0,2026-07-21
Tomate,1Kg,Hortaliças,CEASA-ES Vitória(ES),ES,4.44,2026-07-21
Tomate,1Kg,Hortaliças,CEASA-MA São Luís(MA),MA,6.45,2026-07-21
Tomate,1Kg,Hortaliças,CEASA-PB Patos(PB),PB,2.46,2026-07-21
Tomate,1Kg,Hortaliças,CEASA-RJ Rio de Janeiro(RJ),RJ,3.89,2026-07-21
Tomate,1Kg,Hortaliças,CEAGESP Franca(SP),SP,5.0,2026-07-21
Tomate,1Kg,Hortaliças,CEASA-CE Tianguá(CE),CE,2.0,2026-07-21
Tomate,1Kg,Hortaliças,CEASA-AL Maceió(AL),AL,2.35,2026-07-21
Tomate,1Kg,Hortaliças,AMA-BA Juazeiro(BA),BA,1.25,2026-07-21
Tomate,1Kg,Hortaliças,CEASAMINAS Barbacena(MG),MG,4.0,2026-07-21
Tomate,1Kg,Hortaliças,CEASA-PR Cascavel(PR),PR,3.8,2026-07-21
Vagem,1Kg,Hortaliças,CEAGESP Ribeirão Preto(SP),SP,11.67,2026-07-21
Vagem,1Kg,Hortaliças,CEASA-MT Cuiabá(MT),MT,11.82,2026-07-21
Vagem,1Kg,Hortaliças,CEASA-SC Florianópolis(SC),SC,10.0,2026-07-21
Vagem,1Kg,Hortaliças,CEASA-PE Recife(PE),PE,5.0,2026-07-21
Vagem,1Kg,Hortaliças,CEASA-MS Campo Grande(MS),MS,10.65,2026-07-21
Vagem,1Kg,Hortaliças,CEASA-CE Fortaleza(CE),CE,7.0,2026-07-21
Vagem,1Kg,Hortaliças,CEASA-PR Curitiba(PR),PR,6.67,2026-07-21
Vagem,1Kg,Hortaliças,CEASA-ES Vitória(ES),ES,5.09,2026-07-21
Vagem,1Kg,Hortaliças,CEASA-MA São Luís(MA),MA,11.11,2026-07-21
Vagem,1Kg,Hortaliças,CEASA-PB Patos(PB),PB,11.67,2026-07-21
Vagem,1Kg,Hortaliças,CEASA-RJ Rio de Janeiro(RJ),RJ,8.0,2026-07-21
Vagem,1Kg,Hortaliças,CEAGESP Franca(SP),SP,10.3,2026-07-21
Vagem,1Kg,Hortaliças,CEASA-CE Tianguá(CE),CE,7.0,2026-07-21
Vagem,1Kg,Hortaliças,CEASA-AL Maceió(AL),AL,6.0,2026-07-21
Vagem,1Kg,Hortaliças,AMA-BA Juazeiro(BA),BA,9.0,2026-07-21
Vagem,1Kg,Hortaliças,CEASAMINAS Barbacena(MG),MG,4.62,2026-07-21
Vagem,1Kg,Hortaliças,CEASA-PR Cascavel(PR),PR,14.0,2026-07-21
Abóbora,1Kg,Hortaliças,CEAGESP Ribeirão Preto(SP),SP,2.9,2026-07-20
Abóbora,1Kg,Hortaliças,CEASA-PE Recife(PE),PE,2.8,2026-07-20
Abóbora,1Kg,Hortaliças,CEASA-PR Foz do Iguaçu(PR),PR,3.5,2026-07-20
Abóbora,1Kg,Hortaliças,CEASA-ES Vitória(ES),ES,2.21,2026-07-20
Abóbora,1Kg,Hortaliças,CEASA-MA São Luís(MA),MA,3.43,2026-07-20
Abóbora,1Kg,Hortaliças,CEASA-MT Cuiabá(MT),MT,2.89,2026-07-20
Abóbora,1Kg,Hortaliças,CEASAMINAS Belo Horizonte(MG),MG,1.75,2026-07-20
Abóbora,1Kg,Hortaliças,CEASA-RJ Rio de Janeiro(RJ),RJ,2.2,2026-07-20
Abóbora,1Kg,Hortaliças,CEAGESP São José dos Campos(SP),SP,2.7,2026-07-20
Abóbora,1Kg,Hortaliças,CEASA-CE Fortaleza(CE),CE,3.15,2026-07-20
Abóbora,1Kg,Hortaliças,CEASA-PR Curitiba(PR),PR,2.5,2026-07-20
Abóbora,1Kg,Hortaliças,CEASA-AL Maceió(AL),AL,2.0,2026-07-20
Abóbora,1Kg,Hortaliças,AMA-BA Juazeiro(BA),BA,2.0,2026-07-20
Abóbora,1Kg,Hortaliças,CEAGESP São Paulo(SP),SP,2.64,2026-07-20
Abóbora,1Kg,Hortaliças,CEASA-PR Cascavel(PR),PR,3.0,2026-07-20
Abobrinha,1Kg,Hortaliças,CEAGESP Ribeirão Preto(SP),SP,3.68,2026-07-20
Abobrinha,1Kg,Hortaliças,CEASA-PE Recife(PE),PE,3.0,2026-07-20
Abobrinha,1Kg,Hortaliças,CEASA-PR Foz do Iguaçu(PR),PR,3.0,2026-07-20
Abobrinha,1Kg,Hortaliças,CEASA-ES Vitória(ES),ES,1.82,2026-07-20
Abobrinha,1Kg,Hortaliças,CEASA-MA São Luís(MA),MA,3.05,2026-07-20
Abobrinha,1Kg,Hortaliças,CEASA-MT Cuiabá(MT),MT,4.71,2026-07-20
Abobrinha,1Kg,Hortaliças,CEASAMINAS Belo Horizonte(MG),MG,2.5,2026-07-20
Abobrinha,1Kg,Hortaliças,CEASA-RJ Rio de Janeiro(RJ),RJ,2.19,2026-07-20
Abobrinha,1Kg,Hortaliças,CEAGESP São José dos Campos(SP),SP,6.67,2026-07-20
Abobrinha,1Kg,Hortaliças,CEASA-CE Fortaleza(CE),CE,4.1,2026-07-20
Abobrinha,1Kg,Hortaliças,CEASA-PR Curitiba(PR),PR,1.75,2026-07-20
Abobrinha,1Kg,Hortaliças,CEASA-AL Maceió(AL),AL,3.0,2026-07-20
Abobrinha,1Kg,Hortaliças,AMA-BA Juazeiro(BA),BA,3.47,2026-07-20
Abobrinha,1Kg,Hortaliças,CEAGESP São Paulo(SP),SP,2.0,2026-07-20
Abobrinha,1Kg,Hortaliças,CEASA-PR Cascavel(PR),PR,4.3,2026-07-20
Alface,1Dz,Hortaliças,CEAGESP Ribeirão Preto(SP),SP,26.8,2026-07-20
Alface,1Dz,Hortaliças,CEASA-PE Recife(PE),PE,9.6,2026-07-20
Alface,1Dz,Hortaliças,CEASA-PR Foz do Iguaçu(PR),PR,20.0,2026-07-20
Alface,1Dz,Hortaliças,CEASA-ES Vitória(ES),ES,13.33,2026-07-20
Alface,1Dz,Hortaliças,CEASA-MA São Luís(MA),MA,15.61,2026-07-20
Alface,1Dz,Hortaliças,CEASA-MT Cuiabá(MT),MT,30.0,2026-07-20
Alface,1Dz,Hortaliças,CEASAMINAS Belo Horizonte(MG),MG,25.0,2026-07-20
Alface,1Dz,Hortaliças,CEASA-RJ Rio de Janeiro(RJ),RJ,16.67,2026-07-20
Alface,1Dz,Hortaliças,CEAGESP São José dos Campos(SP),SP,25.0,2026-07-20
Alface,1Dz,Hortaliças,CEASA-CE Fortaleza(CE),CE,36.0,2026-07-20
Alface,1Dz,Hortaliças,CEASA-PR Curitiba(PR),PR,40.0,2026-07-20
Alface,1Dz,Hortaliças,CEASA-AL Maceió(AL),AL,18.0,2026-07-20
Alface,1Dz,Hortaliças,AMA-BA Juazeiro(BA),BA,8.0,2026-07-20
Alface,1Dz,Hortaliças,CEAGESP São Paulo(SP),SP,23.7,2026-07-20
Alface,1Dz,Hortaliças,CEASA-PR Cascavel(PR),PR,48.0,2026-07-20
Berinjela,1Kg,Hortaliças,CEAGESP Ribeirão Preto(SP),SP,4.44,2026-07-20
Berinjela,1Kg,Hortaliças,CEASA-PE Recife(PE),PE,3.0,2026-07-20
Berinjela,1Kg,Hortaliças,CEASA-PR Foz do Iguaçu(PR),PR,5.0,2026-07-20
Berinjela,1Kg,Hortaliças,CEASA-ES Vitória(ES),ES,3.1,2026-07-20
Berinjela,1Kg,Hortaliças,CEASA-MA São Luís(MA),MA,4.85,2026-07-20
Berinjela,1Kg,Hortaliças,CEASA-MT Cuiabá(MT),MT,3.64,2026-07-20
Berinjela,1Kg,Hortaliças,CEASAMINAS Belo Horizonte(MG),MG,4.16,2026-07-20
Berinjela,1Kg,Hortaliças,CEASA-RJ Rio de Janeiro(RJ),RJ,2.5,2026-07-20
Berinjela,1Kg,Hortaliças,CEAGESP São José dos Campos(SP),SP,5.55,2026-07-20
Berinjela,1Kg,Hortaliças,CEASA-CE Fortaleza(CE),CE,2.7,2026-07-20
Berinjela,1Kg,Hortaliças,CEASA-PR Curitiba(PR),PR,5.0,2026-07-20
Berinjela,1Kg,Hortaliças,CEASA-AL Maceió(AL),AL,3.0,2026-07-20
Berinjela,1Kg,Hortaliças,AMA-BA Juazeiro(BA),BA,4.29,2026-07-20
Berinjela,1Kg,Hortaliças,CEAGESP São Paulo(SP),SP,3.92,2026-07-20
Berinjela,1Kg,Hortaliças,CEASA-PR Cascavel(PR),PR,6.0,2026-07-20
Beterraba,1Kg,Hortaliças,CEAGESP Ribeirão Preto(SP),SP,2.5,2026-07-20
Beterraba,1Kg,Hortaliças,CEASA-PE Recife(PE),PE,3.0,2026-07-20
Beterraba,1Kg,Hortaliças,CEASA-PR Foz do Iguaçu(PR),PR,4.0,2026-07-20
Beterraba,1Kg,Hortaliças,CEASA-ES Vitória(ES),ES,3.5,2026-07-20
Beterraba,1Kg,Hortaliças,CEASA-MA São Luís(MA),MA,5.9,2026-07-20
Beterraba,1Kg,Hortaliças,CEASA-MT Cuiabá(MT),MT,4.21,2026-07-20
Beterraba,1Kg,Hortaliças,CEASAMINAS Belo Horizonte(MG),MG,3.15,2026-07-20
Beterraba,1Kg,Hortaliças,CEASA-RJ Rio de Janeiro(RJ),RJ,2.75,2026-07-20
Beterraba,1Kg,Hortaliças,CEAGESP São José dos Campos(SP),SP,3.75,2026-07-20
Beterraba,1Kg,Hortaliças,CEASA-CE Fortaleza(CE),CE,3.4,2026-07-20
Beterraba,1Kg,Hortaliças,CEASA-PR Curitiba(PR),PR,2.25,2026-07-20
Beterraba,1Kg,Hortaliças,CEASA-AL Maceió(AL),AL,3.5,2026-07-20
Beterraba,1Kg,Hortaliças,AMA-BA Juazeiro(BA),BA,2.75,2026-07-20
Beterraba,1Kg,Hortaliças,CEAGESP São Paulo(SP),SP,1.97,2026-07-20
Beterraba,1Kg,Hortaliças,CEASA-PR Cascavel(PR),PR,3.6,2026-07-20
Brócolis,1Kg,Hortaliças,CEAGESP Ribeirão Preto(SP),SP,3.33,2026-07-20
Brócolis,1Kg,Hortaliças,CEASA-PE Recife(PE),PE,8.57,2026-07-20
Brócolis,1Kg,Hortaliças,CEASA-PR Foz do Iguaçu(PR),PR,6.0,2026-07-20
Brócolis,1Kg,Hortaliças,CEASA-ES Vitória(ES),ES,7.89,2026-07-20
Brócolis,1Kg,Hortaliças,CEASA-MA São Luís(MA),MA,21.5,2026-07-20
Brócolis,1Kg,Hortaliças,CEASA-MT Cuiabá(MT),MT,21.82,2026-07-20
Brócolis,1Kg,Hortaliças,CEASAMINAS Belo Horizonte(MG),MG,8.33,2026-07-20
Brócolis,1Kg,Hortaliças,CEASA-RJ Rio de Janeiro(RJ),RJ,5.0,2026-07-20
Brócolis,1Kg,Hortaliças,CEAGESP São José dos Campos(SP),SP,4.66,2026-07-20
Brócolis,1Kg,Hortaliças,CEASA-CE Fortaleza(CE),CE,25.0,2026-07-20
Brócolis,1Kg,Hortaliças,CEASA-PR Curitiba(PR),PR,6.67,2026-07-20
Brócolis,1Kg,Hortaliças,CEASA-AL Maceió(AL),AL,27.0,2026-07-20
Brócolis,1Kg,Hortaliças,CEAGESP São Paulo(SP),SP,2.86,2026-07-20
Brócolis,1Kg,Hortaliças,CEASA-PR Cascavel(PR),PR,13.0,2026-07-20
Cenoura,1Kg,Hortaliças,CEAGESP Ribeirão Preto(SP),SP,5.75,2026-07-20
Cenoura,1Kg,Hortaliças,CEASA-PE Recife(PE),PE,5.0,2026-07-20
Cenoura,1Kg,Hortaliças,CEASA-PR Foz do Iguaçu(PR),PR,5.0,2026-07-20
Cenoura,1Kg,Hortaliças,CEASA-ES Vitória(ES),ES,4.6,2026-07-20
Cenoura,1Kg,Hortaliças,CEASA-MA São Luís(MA),MA,8.25,2026-07-20
Cenoura,1Kg,Hortaliças,CEASA-MT Cuiabá(MT),MT,5.64,2026-07-20
Cenoura,1Kg,Hortaliças,CEASAMINAS Belo Horizonte(MG),MG,3.75,2026-07-20
Cenoura,1Kg,Hortaliças,CEASA-RJ Rio de Janeiro(RJ),RJ,5.0,2026-07-20
Cenoura,1Kg,Hortaliças,CEAGESP São José dos Campos(SP),SP,4.75,2026-07-20
Cenoura,1Kg,Hortaliças,CEASA-CE Fortaleza(CE),CE,5.25,2026-07-20
Cenoura,1Kg,Hortaliças,CEASA-PR Curitiba(PR),PR,3.5,2026-07-20
Cenoura,1Kg,Hortaliças,CEASA-AL Maceió(AL),AL,6.0,2026-07-20
Cenoura,1Kg,Hortaliças,AMA-BA Juazeiro(BA),BA,5.0,2026-07-20
Cenoura,1Kg,Hortaliças,CEAGESP São Paulo(SP),SP,3.56,2026-07-20
Cenoura,1Kg,Hortaliças,CEASA-PR Cascavel(PR),PR,5.0,2026-07-20
Chuchu,1Kg,Hortaliças,CEAGESP Ribeirão Preto(SP),SP,4.5,2026-07-20
Chuchu,1Kg,Hortaliças,CEASA-PE Recife(PE),PE,2.5,2026-07-20
Chuchu,1Kg,Hortaliças,CEASA-PR Foz do Iguaçu(PR),PR,3.6,2026-07-20
Chuchu,1Kg,Hortaliças,CEASA-ES Vitória(ES),ES,1.39,2026-07-20
Chuchu,1Kg,Hortaliças,CEASA-MA São Luís(MA),MA,4.1,2026-07-20
Chuchu,1Kg,Hortaliças,CEASA-MT Cuiabá(MT),MT,2.63,2026-07-20
Chuchu,1Kg,Hortaliças,CEASAMINAS Belo Horizonte(MG),MG,1.66,2026-07-20
Chuchu,1Kg,Hortaliças,CEASA-RJ Rio de Janeiro(RJ),RJ,0.83,2026-07-20
Chuchu,1Kg,Hortaliças,CEAGESP São José dos Campos(SP),SP,3.34,2026-07-20
Chuchu,1Kg,Hortaliças,CEASA-CE Fortaleza(CE),CE,2.3,2026-07-20
Chuchu,1Kg,Hortaliças,CEASA-PR Curitiba(PR),PR,1.25,2026-07-20
Chuchu,1Kg,Hortaliças,CEASA-AL Maceió(AL),AL,2.0,2026-07-20
Chuchu,1Kg,Hortaliças,AMA-BA Juazeiro(BA),BA,3.25,2026-07-20
Chuchu,1Kg,Hortaliças,CEAGESP São Paulo(SP),SP,1.22,2026-07-20
Chuchu,1Kg,Hortaliças,CEASA-PR Cascavel(PR),PR,3.2,2026-07-20
Couve,1Kg,Hortaliças,CEAGESP Ribeirão Preto(SP),SP,6.0,2026-07-20
Couve,1Kg,Hortaliças,CEASA-PE Recife(PE),PE,5.0,2026-07-20
Couve,1Kg,Hortaliças,CEASA-PR Foz do Iguaçu(PR),PR,4.0,2026-07-20
Couve,1Kg,Hortaliças,CEASA-ES Vitória(ES),ES,4.55,2026-07-20
Couve,1Kg,Hortaliças,CEASA-MA São Luís(MA),MA,25.36,2026-07-20
Couve,1Kg,Hortaliças,CEASA-MT Cuiabá(MT),MT,13.33,2026-07-20
Couve,1Kg,Hortaliças,CEASAMINAS Belo Horizonte(MG),MG,14.71,2026-07-20
Couve,1Kg,Hortaliças,CEASA-RJ Rio de Janeiro(RJ),RJ,6.0,2026-07-20
Couve,1Kg,Hortaliças,CEAGESP São José dos Campos(SP),SP,4.5,2026-07-20
Couve,1Kg,Hortaliças,CEASA-PR Curitiba(PR),PR,6.25,2026-07-20
Couve,1Kg,Hortaliças,CEASA-AL Maceió(AL),AL,5.0,2026-07-20
Couve,1Kg,Hortaliças,AMA-BA Juazeiro(BA),BA,5.0,2026-07-20
Couve,1Kg,Hortaliças,CEAGESP São Paulo(SP),SP,2.9,2026-07-20
Couve,1Kg,Hortaliças,CEASA-PR Cascavel(PR),PR,8.0,2026-07-20
Couve-Flor,1Un,Hortaliças,CEAGESP Ribeirão Preto(SP),SP,6.88,2026-07-20
Couve-Flor,1Un,Hortaliças,CEASA-PE Recife(PE),PE,7.0,2026-07-20
Couve-Flor,1Un,Hortaliças,CEASA-PR Foz do Iguaçu(PR),PR,8.0,2026-07-20
Couve-Flor,1Un,Hortaliças,CEASA-ES Vitória(ES),ES,3.2,2026-07-20
Couve-Flor,1Un,Hortaliças,CEASA-MA São Luís(MA),MA,5.83,2026-07-20
Couve-Flor,1Un,Hortaliças,CEASA-MT Cuiabá(MT),MT,7.0,2026-07-20
Couve-Flor,1Un,Hortaliças,CEASAMINAS Belo Horizonte(MG),MG,4.17,2026-07-20
Couve-Flor,1Un,Hortaliças,CEASA-RJ Rio de Janeiro(RJ),RJ,2.19,2026-07-20
Couve-Flor,1Un,Hortaliças,CEAGESP São José dos Campos(SP),SP,6.88,2026-07-20
Couve-Flor,1Un,Hortaliças,CEASA-CE Fortaleza(CE),CE,2.5,2026-07-20
Couve-Flor,1Un,Hortaliças,CEASA-PR Curitiba(PR),PR,3.75,2026-07-20
Couve-Flor,1Un,Hortaliças,CEASA-AL Maceió(AL),AL,9.0,2026-07-20
Couve-Flor,1Un,Hortaliças,CEAGESP São Paulo(SP),SP,5.08,2026-07-20
Couve-Flor,1Un,Hortaliças,CEASA-PR Cascavel(PR),PR,8.0,2026-07-20
Pepino,1Kg,Hortaliças,CEAGESP Ribeirão Preto(SP),SP,5.73,2026-07-20
Pepino,1Kg,Hortaliças,CEASA-PE Recife(PE),PE,1.33,2026-07-20
Pepino,1Kg,Hortaliças,CEASA-PR Foz do Iguaçu(PR),PR,7.5,2026-07-20
Pepino,1Kg,Hortaliças,CEASA-ES Vitória(ES),ES,2.26,2026-07-20
Pepino,1Kg,Hortaliças,CEASA-MA São Luís(MA),MA,3.9,2026-07-20
Pepino,1Kg,Hortaliças,CEASA-MT Cuiabá(MT),MT,4.1,2026-07-20
Pepino,1Kg,Hortaliças,CEASAMINAS Belo Horizonte(MG),MG,1.57,2026-07-20
Pepino,1Kg,Hortaliças,CEASA-RJ Rio de Janeiro(RJ),RJ,1.76,2026-07-20
Pepino,1Kg,Hortaliças,CEAGESP São José dos Campos(SP),SP,4.71,2026-07-20
Pepino,1Kg,Hortaliças,CEASA-CE Fortaleza(CE),CE,2.0,2026-07-20
Pepino,1Kg,Hortaliças,CEASA-PR Curitiba(PR),PR,3.5,2026-07-20
Pepino,1Kg,Hortaliças,CEASA-AL Maceió(AL),AL,2.5,2026-07-20
Pepino,1Kg,Hortaliças,AMA-BA Juazeiro(BA),BA,3.25,2026-07-20
Pepino,1Kg,Hortaliças,CEAGESP São Paulo(SP),SP,2.73,2026-07-20
Pepino,1Kg,Hortaliças,CEASA-PR Cascavel(PR),PR,3.9,2026-07-20
Pimentão Verde,1Kg,Hortaliças,CEAGESP Ribeirão Preto(SP),SP,6.0,2026-07-20
Pimentão Verde,1Kg,Hortaliças,CEASA-PE Recife(PE),PE,4.3,2026-07-20
Pimentão Verde,1Kg,Hortaliças,CEASA-PR Foz do Iguaçu(PR),PR,6.52,2026-07-20
Pimentão Verde,1Kg,Hortaliças,CEASA-ES Vitória(ES),ES,4.26,2026-07-20
Pimentão Verde,1Kg,Hortaliças,CEASA-MA São Luís(MA),MA,8.55,2026-07-20
Pimentão Verde,1Kg,Hortaliças,CEASA-MT Cuiabá(MT),MT,9.47,2026-07-20
Pimentão Verde,1Kg,Hortaliças,CEASAMINAS Belo Horizonte(MG),MG,5.55,2026-07-20
Pimentão Verde,1Kg,Hortaliças,CEASA-RJ Rio de Janeiro(RJ),RJ,4.0,2026-07-20
Pimentão Verde,1Kg,Hortaliças,CEAGESP São José dos Campos(SP),SP,8.33,2026-07-20
Pimentão Verde,1Kg,Hortaliças,CEASA-CE Fortaleza(CE),CE,4.15,2026-07-20
Pimentão Verde,1Kg,Hortaliças,CEASA-PR Curitiba(PR),PR,6.67,2026-07-20
Pimentão Verde,1Kg,Hortaliças,CEASA-AL Maceió(AL),AL,3.6,2026-07-20
Pimentão Verde,1Kg,Hortaliças,AMA-BA Juazeiro(BA),BA,2.5,2026-07-20
Pimentão Verde,1Kg,Hortaliças,CEAGESP São Paulo(SP),SP,4.64,2026-07-20
Pimentão Verde,1Kg,Hortaliças,CEASA-PR Cascavel(PR),PR,9.0,2026-07-20
Quiabo,1Kg,Hortaliças,CEAGESP Ribeirão Preto(SP),SP,11.56,2026-07-20
Quiabo,1Kg,Hortaliças,CEASA-PE Recife(PE),PE,10.0,2026-07-20
Quiabo,1Kg,Hortaliças,CEASA-PR Foz do Iguaçu(PR),PR,10.0,2026-07-20
Quiabo,1Kg,Hortaliças,CEASA-ES Vitória(ES),ES,11.82,2026-07-20
Quiabo,1Kg,Hortaliças,CEASA-MA São Luís(MA),MA,20.75,2026-07-20
Quiabo,1Kg,Hortaliças,CEASA-MT Cuiabá(MT),MT,16.36,2026-07-20
Quiabo,1Kg,Hortaliças,CEASAMINAS Belo Horizonte(MG),MG,8.33,2026-07-20
Quiabo,1Kg,Hortaliças,CEASA-RJ Rio de Janeiro(RJ),RJ,7.5,2026-07-20
Quiabo,1Kg,Hortaliças,CEAGESP São José dos Campos(SP),SP,12.0,2026-07-20
Quiabo,1Kg,Hortaliças,CEASA-CE Fortaleza(CE),CE,15.0,2026-07-20
Quiabo,1Kg,Hortaliças,CEASA-PR Curitiba(PR),PR,10.0,2026-07-20
Quiabo,1Kg,Hortaliças,CEASA-AL Maceió(AL),AL,5.0,2026-07-20
Quiabo,1Kg,Hortaliças,AMA-BA Juazeiro(BA),BA,6.5,2026-07-20
Quiabo,1Kg,Hortaliças,CEAGESP São Paulo(SP),SP,5.69,2026-07-20
Quiabo,1Kg,Hortaliças,CEASA-PR Cascavel(PR),PR,16.0,2026-07-20
Repolho,1Kg,Hortaliças,CEAGESP Ribeirão Preto(SP),SP,3.0,2026-07-20
Repolho,1Kg,Hortaliças,CEASA-PE Recife(PE),PE,1.85,2026-07-20
Repolho,1Kg,Hortaliças,CEASA-PR Foz do Iguaçu(PR),PR,2.5,2026-07-20
Repolho,1Kg,Hortaliças,CEASA-ES Vitória(ES),ES,2.05,2026-07-20
Repolho,1Kg,Hortaliças,CEASA-MA São Luís(MA),MA,8.45,2026-07-20
Repolho,1Kg,Hortaliças,CEASA-MT Cuiabá(MT),MT,3.56,2026-07-20
Repolho,1Kg,Hortaliças,CEASAMINAS Belo Horizonte(MG),MG,1.5,2026-07-20
Repolho,1Kg,Hortaliças,CEASA-RJ Rio de Janeiro(RJ),RJ,2.0,2026-07-20
Repolho,1Kg,Hortaliças,CEAGESP São José dos Campos(SP),SP,3.0,2026-07-20
Repolho,1Kg,Hortaliças,CEASA-CE Fortaleza(CE),CE,7.0,2026-07-20
Repolho,1Kg,Hortaliças,CEASA-PR Curitiba(PR),PR,1.8,2026-07-20
Repolho,1Kg,Hortaliças,CEASA-AL Maceió(AL),AL,2.0,2026-07-20
Repolho,1Kg,Hortaliças,AMA-BA Juazeiro(BA),BA,5.0,2026-07-20
Repolho,1Kg,Hortaliças,CEAGESP São Paulo(SP),SP,2.33,2026-07-20
Repolho,1Kg,Hortaliças,CEASA-PR Cascavel(PR),PR,4.2,2026-07-20
Tomate,1Kg,Hortaliças,CEAGESP Ribeirão Preto(SP),SP,6.5,2026-07-20
Tomate,1Kg,Hortaliças,CEASA-PE Recife(PE),PE,1.92,2026-07-20
Tomate,1Kg,Hortaliças,CEASA-PR Foz do Iguaçu(PR),PR,4.75,2026-07-20
Tomate,1Kg,Hortaliças,CEASA-ES Vitória(ES),ES,4.0,2026-07-20
Tomate,1Kg,Hortaliças,CEASA-MA São Luís(MA),MA,6.45,2026-07-20
Tomate,1Kg,Hortaliças,CEASA-MT Cuiabá(MT),MT,5.79,2026-07-20
Tomate,1Kg,Hortaliças,CEASAMINAS Belo Horizonte(MG),MG,2.25,2026-07-20
Tomate,1Kg,Hortaliças,CEASA-RJ Rio de Janeiro(RJ),RJ,4.44,2026-07-20
Tomate,1Kg,Hortaliças,CEAGESP São José dos Campos(SP),SP,4.5,2026-07-20
Tomate,1Kg,Hortaliças,CEASA-CE Fortaleza(CE),CE,3.6,2026-07-20
Tomate,1Kg,Hortaliças,CEASA-PR Curitiba(PR),PR,3.0,2026-07-20
Tomate,1Kg,Hortaliças,CEASA-AL Maceió(AL),AL,2.35,2026-07-20
Tomate,1Kg,Hortaliças,AMA-BA Juazeiro(BA),BA,1.15,2026-07-20
Tomate,1Kg,Hortaliças,CEAGESP São Paulo(SP),SP,2.75,2026-07-20
Tomate,1Kg,Hortaliças,CEASA-PR Cascavel(PR),PR,3.9,2026-07-20
Vagem,1Kg,Hortaliças,CEAGESP Ribeirão Preto(SP),SP,11.67,2026-07-20
Vagem,1Kg,Hortaliças,CEASA-PE Recife(PE),PE,5.0,2026-07-20
Vagem,1Kg,Hortaliças,CEASA-PR Foz do Iguaçu(PR),PR,12.5,2026-07-20
Vagem,1Kg,Hortaliças,CEASA-ES Vitória(ES),ES,5.8,2026-07-20
Vagem,1Kg,Hortaliças,CEASA-MA São Luís(MA),MA,11.11,2026-07-20
Vagem,1Kg,Hortaliças,CEASA-MT Cuiabá(MT),MT,11.82,2026-07-20
Vagem,1Kg,Hortaliças,CEASAMINAS Belo Horizonte(MG),MG,3.07,2026-07-20
Vagem,1Kg,Hortaliças,CEASA-RJ Rio de Janeiro(RJ),RJ,8.0,2026-07-20
Vagem,1Kg,Hortaliças,CEAGESP São José dos Campos(SP),SP,10.0,2026-07-20
Vagem,1Kg,Hortaliças,CEASA-CE Fortaleza(CE),CE,8.0,2026-07-20
Vagem,1Kg,Hortaliças,CEASA-PR Curitiba(PR),PR,6.67,2026-07-20
Vagem,1Kg,Hortaliças,CEASA-AL Maceió(AL),AL,6.0,2026-07-20
Vagem,1Kg,Hortaliças,AMA-BA Juazeiro(BA),BA,9.0,2026-07-20
Vagem,1Kg,Hortaliças,CEAGESP São Paulo(SP),SP,5.72,2026-07-20
Vagem,1Kg,Hortaliças,CEASA-PR Cascavel(PR),PR,14.0,2026-07-20
Abóbora,1Kg,Hortaliças,CEASA-MT Cuiabá(MT),MT,2.89,2026-07-19
Abobrinha,1Kg,Hortaliças,CEASA-MT Cuiabá(MT),MT,4.71,2026-07-19
Alface,1Dz,Hortaliças,CEASA-MT Cuiabá(MT),MT,30.0,2026-07-19
Berinjela,1Kg,Hortaliças,CEASA-MT Cuiabá(MT),MT,3.64,2026-07-19
Beterraba,1Kg,Hortaliças,CEASA-MT Cuiabá(MT),MT,4.21,2026-07-19
Brócolis,1Kg,Hortaliças,CEASA-MT Cuiabá(MT),MT,21.82,2026-07-19
Cenoura,1Kg,Hortaliças,CEASA-MT Cuiabá(MT),MT,6.15,2026-07-19
Chuchu,1Kg,Hortaliças,CEASA-MT Cuiabá(MT),MT,5.64,2026-07-19
Couve,1Kg,Hortaliças,CEASA-MT Cuiabá(MT),MT,16.0,2026-07-19
Couve-Flor,1Un,Hortaliças,CEASA-MT Cuiabá(MT),MT,8.0,2026-07-19
Pepino,1Kg,Hortaliças,CEASA-MT Cuiabá(MT),MT,4.1,2026-07-19
Pimentão Verde,1Kg,Hortaliças,CEASA-MT Cuiabá(MT),MT,9.47,2026-07-19
Quiabo,1Kg,Hortaliças,CEASA-MT Cuiabá(MT),MT,16.36,2026-07-19
Repolho,1Kg,Hortaliças,CEASA-MT Cuiabá(MT),MT,3.56,2026-07-19
Tomate,1Kg,Hortaliças,CEASA-MT Cuiabá(MT),MT,5.79,2026-07-19
Vagem,1Kg,Hortaliças,CEASA-MT Cuiabá(MT),MT,11.82,2026-07-19
Abóbora,1Kg,Hortaliças,CEASA-PE Recife(PE),PE,2.8,2026-07-17
Abóbora,1Kg,Hortaliças,CEASA-ES Vitória(ES),ES,2.28,2026-07-17
Abóbora,1Kg,Hortaliças,CEASA-MA São Luís(MA),MA,3.43,2026-07-17
Abóbora,1Kg,Hortaliças,CEASA-MT Cuiabá(MT),MT,2.89,2026-07-17
Abóbora,1Kg,Hortaliças,CEASA-PB Patos(PB),PB,3.5,2026-07-17
Abóbora,1Kg,Hortaliças,CEASA-BA Salvador(BA),BA,3.0,2026-07-17
Abóbora,1Kg,Hortaliças,CEASA-SP Campinas(SP),SP,2.0,2026-07-17
Abóbora,1Kg,Hortaliças,CEASAMINAS Belo Horizonte(MG),MG,2.0,2026-07-17
Abóbora,1Kg,Hortaliças,CEASA-RJ Rio de Janeiro(RJ),RJ,2.8,2026-07-17
Abóbora,1Kg,Hortaliças,CEASA-CE Fortaleza(CE),CE,4.0,2026-07-17
Abóbora,1Kg,Hortaliças,CEASA-CE Tianguá(CE),CE,3.0,2026-07-17
Abóbora,1Kg,Hortaliças,CEASA-PR Curitiba(PR),PR,2.5,2026-07-17
Abóbora,1Kg,Hortaliças,CEASA-TO Palmas(TO),TO,4.72,2026-07-17
Abóbora,1Kg,Hortaliças,CEASA-AL Maceió(AL),AL,2.0,2026-07-17
Abóbora,1Kg,Hortaliças,AMA-BA Juazeiro(BA),BA,2.0,2026-07-17
Abóbora,1Kg,Hortaliças,CEAGESP São Paulo(SP),SP,3.23,2026-07-17
Abóbora,1Kg,Hortaliças,CEASA-PR Cascavel(PR),PR,3.0,2026-07-17
Abobrinha,1Kg,Hortaliças,CEASA-PE Recife(PE),PE,3.0,2026-07-17
Abobrinha,1Kg,Hortaliças,CEASA-ES Vitória(ES),ES,2.91,2026-07-17
Abobrinha,1Kg,Hortaliças,CEASA-MA São Luís(MA),MA,3.05,2026-07-17
Abobrinha,1Kg,Hortaliças,CEASA-MT Cuiabá(MT),MT,4.71,2026-07-17
Abobrinha,1Kg,Hortaliças,CEASA-PB Patos(PB),PB,4.33,2026-07-17
Abobrinha,1Kg,Hortaliças,CEASA-BA Salvador(BA),BA,2.4,2026-07-17
Abobrinha,1Kg,Hortaliças,CEASA-SP Campinas(SP),SP,3.89,2026-07-17
Abobrinha,1Kg,Hortaliças,CEASAMINAS Belo Horizonte(MG),MG,2.5,2026-07-17
Abobrinha,1Kg,Hortaliças,CEASA-RJ Rio de Janeiro(RJ),RJ,2.19,2026-07-17
Abobrinha,1Kg,Hortaliças,CEASA-CE Fortaleza(CE),CE,4.1,2026-07-17
Abobrinha,1Kg,Hortaliças,CEASA-CE Tianguá(CE),CE,1.75,2026-07-17
Abobrinha,1Kg,Hortaliças,CEASA-PR Curitiba(PR),PR,2.0,2026-07-17
Abobrinha,1Kg,Hortaliças,CEASA-TO Palmas(TO),TO,5.75,2026-07-17
Abobrinha,1Kg,Hortaliças,CEASA-AL Maceió(AL),AL,3.0,2026-07-17
Abobrinha,1Kg,Hortaliças,AMA-BA Juazeiro(BA),BA,3.47,2026-07-17
Abobrinha,1Kg,Hortaliças,CEAGESP São Paulo(SP),SP,1.7,2026-07-17
Abobrinha,1Kg,Hortaliças,CEASA-PR Cascavel(PR),PR,4.3,2026-07-17
Alface,1Dz,Hortaliças,CEASA-PE Recife(PE),PE,9.6,2026-07-17
Alface,1Dz,Hortaliças,CEASA-ES Vitória(ES),ES,15.33,2026-07-17
Alface,1Dz,Hortaliças,CEASA-MA São Luís(MA),MA,15.61,2026-07-17
Alface,1Dz,Hortaliças,CEASA-MT Cuiabá(MT),MT,30.0,2026-07-17
Alface,1Dz,Hortaliças,CEASA-PB Patos(PB),PB,24.0,2026-07-17
Alface,1Dz,Hortaliças,CEASA-SP Campinas(SP),SP,30.0,2026-07-17
Alface,1Dz,Hortaliças,CEASAMINAS Belo Horizonte(MG),MG,25.0,2026-07-17
Alface,1Dz,Hortaliças,CEASA-RJ Rio de Janeiro(RJ),RJ,23.33,2026-07-17
Alface,1Dz,Hortaliças,CEASA-CE Fortaleza(CE),CE,36.0,2026-07-17
Alface,1Dz,Hortaliças,CEASA-CE Tianguá(CE),CE,21.6,2026-07-17
Alface,1Dz,Hortaliças,CEASA-PR Curitiba(PR),PR,40.0,2026-07-17
Alface,1Dz,Hortaliças,CEASA-AL Maceió(AL),AL,18.0,2026-07-17
Alface,1Dz,Hortaliças,AMA-BA Juazeiro(BA),BA,8.0,2026-07-17
Alface,1Dz,Hortaliças,CEAGESP São Paulo(SP),SP,26.38,2026-07-17
Alface,1Dz,Hortaliças,CEASA-PR Cascavel(PR),PR,48.0,2026-07-17
Berinjela,1Kg,Hortaliças,CEASA-PE Recife(PE),PE,3.0,2026-07-17
Berinjela,1Kg,Hortaliças,CEASA-ES Vitória(ES),ES,3.17,2026-07-17
Berinjela,1Kg,Hortaliças,CEASA-MA São Luís(MA),MA,4.85,2026-07-17
Berinjela,1Kg,Hortaliças,CEASA-MT Cuiabá(MT),MT,3.64,2026-07-17
Berinjela,1Kg,Hortaliças,CEASA-PB Patos(PB),PB,3.83,2026-07-17
Berinjela,1Kg,Hortaliças,CEASA-BA Salvador(BA),BA,3.2,2026-07-17
Berinjela,1Kg,Hortaliças,CEASA-SP Campinas(SP),SP,4.09,2026-07-17
Berinjela,1Kg,Hortaliças,CEASAMINAS Belo Horizonte(MG),MG,2.91,2026-07-17
Berinjela,1Kg,Hortaliças,CEASA-RJ Rio de Janeiro(RJ),RJ,2.5,2026-07-17
Berinjela,1Kg,Hortaliças,CEASA-CE Fortaleza(CE),CE,3.1,2026-07-17
Berinjela,1Kg,Hortaliças,CEASA-CE Tianguá(CE),CE,1.92,2026-07-17
Berinjela,1Kg,Hortaliças,CEASA-PR Curitiba(PR),PR,5.0,2026-07-17
Berinjela,1Kg,Hortaliças,CEASA-TO Palmas(TO),TO,5.42,2026-07-17
Berinjela,1Kg,Hortaliças,CEASA-AL Maceió(AL),AL,3.0,2026-07-17
Berinjela,1Kg,Hortaliças,AMA-BA Juazeiro(BA),BA,4.29,2026-07-17
Berinjela,1Kg,Hortaliças,CEAGESP São Paulo(SP),SP,3.6,2026-07-17
Berinjela,1Kg,Hortaliças,CEASA-PR Cascavel(PR),PR,6.0,2026-07-17
Beterraba,1Kg,Hortaliças,CEASA-PE Recife(PE),PE,3.0,2026-07-17
Beterraba,1Kg,Hortaliças,CEASA-ES Vitória(ES),ES,3.08,2026-07-17
Beterraba,1Kg,Hortaliças,CEASA-MA São Luís(MA),MA,5.9,2026-07-17
Beterraba,1Kg,Hortaliças,CEASA-MT Cuiabá(MT),MT,4.21,2026-07-17
Beterraba,1Kg,Hortaliças,CEASA-PB Patos(PB),PB,2.5,2026-07-17
Beterraba,1Kg,Hortaliças,CEASA-BA Salvador(BA),BA,3.0,2026-07-17
Beterraba,1Kg,Hortaliças,CEASA-SP Campinas(SP),SP,2.5,2026-07-17
Beterraba,1Kg,Hortaliças,CEASAMINAS Belo Horizonte(MG),MG,3.42,2026-07-17
Beterraba,1Kg,Hortaliças,CEASA-RJ Rio de Janeiro(RJ),RJ,2.75,2026-07-17
Beterraba,1Kg,Hortaliças,CEASA-CE Fortaleza(CE),CE,3.75,2026-07-17
Beterraba,1Kg,Hortaliças,CEASA-CE Tianguá(CE),CE,3.5,2026-07-17
Beterraba,1Kg,Hortaliças,CEASA-PR Curitiba(PR),PR,2.25,2026-07-17
Beterraba,1Kg,Hortaliças,CEASA-TO Palmas(TO),TO,5.0,2026-07-17
Beterraba,1Kg,Hortaliças,CEASA-AL Maceió(AL),AL,3.5,2026-07-17
Beterraba,1Kg,Hortaliças,AMA-BA Juazeiro(BA),BA,2.38,2026-07-17
Beterraba,1Kg,Hortaliças,CEAGESP São Paulo(SP),SP,1.88,2026-07-17
Beterraba,1Kg,Hortaliças,CEASA-PR Cascavel(PR),PR,3.8,2026-07-17
Brócolis,1Kg,Hortaliças,CEASA-PE Recife(PE),PE,8.57,2026-07-17
Brócolis,1Kg,Hortaliças,CEASA-ES Vitória(ES),ES,5.26,2026-07-17
Brócolis,1Kg,Hortaliças,CEASA-MA São Luís(MA),MA,21.5,2026-07-17
Brócolis,1Kg,Hortaliças,CEASA-MT Cuiabá(MT),MT,21.82,2026-07-17
Brócolis,1Kg,Hortaliças,CEASA-PB Patos(PB),PB,7.0,2026-07-17
Brócolis,1Kg,Hortaliças,CEASA-BA Salvador(BA),BA,8.15,2026-07-17
Brócolis,1Kg,Hortaliças,CEASA-SP Campinas(SP),SP,5.36,2026-07-17
Brócolis,1Kg,Hortaliças,CEASAMINAS Belo Horizonte(MG),MG,8.33,2026-07-17
Brócolis,1Kg,Hortaliças,CEASA-RJ Rio de Janeiro(RJ),RJ,5.0,2026-07-17
Brócolis,1Kg,Hortaliças,CEASA-CE Fortaleza(CE),CE,18.0,2026-07-17
Brócolis,1Kg,Hortaliças,CEASA-CE Tianguá(CE),CE,3.5,2026-07-17
Brócolis,1Kg,Hortaliças,CEASA-PR Curitiba(PR),PR,6.67,2026-07-17
Brócolis,1Kg,Hortaliças,CEASA-AL Maceió(AL),AL,27.0,2026-07-17
Brócolis,1Kg,Hortaliças,CEAGESP São Paulo(SP),SP,2.51,2026-07-17
Brócolis,1Kg,Hortaliças,CEASA-PR Cascavel(PR),PR,13.0,2026-07-17
Cenoura,1Kg,Hortaliças,CEASA-PE Recife(PE),PE,6.0,2026-07-17
Cenoura,1Kg,Hortaliças,CEASA-ES Vitória(ES),ES,4.81,2026-07-17
Cenoura,1Kg,Hortaliças,CEASA-MA São Luís(MA),MA,8.25,2026-07-17
Cenoura,1Kg,Hortaliças,CEASA-MT Cuiabá(MT),MT,6.15,2026-07-17
Cenoura,1Kg,Hortaliças,CEASA-PB Patos(PB),PB,4.14,2026-07-17
Cenoura,1Kg,Hortaliças,CEASA-BA Salvador(BA),BA,4.5,2026-07-17
Cenoura,1Kg,Hortaliças,CEASA-SP Campinas(SP),SP,4.0,2026-07-17
Cenoura,1Kg,Hortaliças,CEASAMINAS Belo Horizonte(MG),MG,3.75,2026-07-17
Cenoura,1Kg,Hortaliças,CEASA-RJ Rio de Janeiro(RJ),RJ,5.0,2026-07-17
Cenoura,1Kg,Hortaliças,CEASA-CE Fortaleza(CE),CE,6.5,2026-07-17
Cenoura,1Kg,Hortaliças,CEASA-CE Tianguá(CE),CE,5.0,2026-07-17
Cenoura,1Kg,Hortaliças,CEASA-PR Curitiba(PR),PR,4.0,2026-07-17
Cenoura,1Kg,Hortaliças,CEASA-TO Palmas(TO),TO,6.5,2026-07-17
Cenoura,1Kg,Hortaliças,CEASA-AL Maceió(AL),AL,6.0,2026-07-17
Cenoura,1Kg,Hortaliças,AMA-BA Juazeiro(BA),BA,5.0,2026-07-17
Cenoura,1Kg,Hortaliças,CEAGESP São Paulo(SP),SP,3.74,2026-07-17
Cenoura,1Kg,Hortaliças,CEASA-PR Cascavel(PR),PR,5.5,2026-07-17
Chuchu,1Kg,Hortaliças,CEASA-PE Recife(PE),PE,1.25,2026-07-17
Chuchu,1Kg,Hortaliças,CEASA-ES Vitória(ES),ES,1.22,2026-07-17
Chuchu,1Kg,Hortaliças,CEASA-MA São Luís(MA),MA,4.1,2026-07-17
Chuchu,1Kg,Hortaliças,CEASA-MT Cuiabá(MT),MT,5.64,2026-07-17
Chuchu,1Kg,Hortaliças,CEASA-PB Patos(PB),PB,3.11,2026-07-17
Chuchu,1Kg,Hortaliças,CEASA-BA Salvador(BA),BA,1.7,2026-07-17
Chuchu,1Kg,Hortaliças,CEASA-SP Campinas(SP),SP,1.5,2026-07-17
Chuchu,1Kg,Hortaliças,CEASAMINAS Belo Horizonte(MG),MG,1.57,2026-07-17
Chuchu,1Kg,Hortaliças,CEASA-RJ Rio de Janeiro(RJ),RJ,0.83,2026-07-17
Chuchu,1Kg,Hortaliças,CEASA-CE Fortaleza(CE),CE,2.7,2026-07-17
Chuchu,1Kg,Hortaliças,CEASA-CE Tianguá(CE),CE,1.6,2026-07-17
Chuchu,1Kg,Hortaliças,CEASA-PR Curitiba(PR),PR,1.5,2026-07-17
Chuchu,1Kg,Hortaliças,CEASA-TO Palmas(TO),TO,5.5,2026-07-17
Chuchu,1Kg,Hortaliças,CEASA-AL Maceió(AL),AL,2.0,2026-07-17
Chuchu,1Kg,Hortaliças,AMA-BA Juazeiro(BA),BA,4.0,2026-07-17
Chuchu,1Kg,Hortaliças,CEAGESP São Paulo(SP),SP,1.06,2026-07-17
Chuchu,1Kg,Hortaliças,CEASA-PR Cascavel(PR),PR,3.3,2026-07-17
Couve,1Kg,Hortaliças,CEASA-PE Recife(PE),PE,8.0,2026-07-17
Couve,1Kg,Hortaliças,CEASA-ES Vitória(ES),ES,4.55,2026-07-17
Couve,1Kg,Hortaliças,CEASA-MA São Luís(MA),MA,25.36,2026-07-17
Couve,1Kg,Hortaliças,CEASA-MT Cuiabá(MT),MT,16.0,2026-07-17
Couve,1Kg,Hortaliças,CEASA-PB Patos(PB),PB,9.33,2026-07-17
Couve,1Kg,Hortaliças,CEASA-SP Campinas(SP),SP,6.25,2026-07-17
Couve,1Kg,Hortaliças,CEASAMINAS Belo Horizonte(MG),MG,17.65,2026-07-17
Couve,1Kg,Hortaliças,CEASA-RJ Rio de Janeiro(RJ),RJ,7.0,2026-07-17
Couve,1Kg,Hortaliças,CEASA-CE Tianguá(CE),CE,2.0,2026-07-17
Couve,1Kg,Hortaliças,CEASA-PR Curitiba(PR),PR,6.25,2026-07-17
Couve,1Kg,Hortaliças,CEASA-AL Maceió(AL),AL,5.0,2026-07-17
Couve,1Kg,Hortaliças,AMA-BA Juazeiro(BA),BA,5.0,2026-07-17
Couve,1Kg,Hortaliças,CEAGESP São Paulo(SP),SP,4.11,2026-07-17
Couve,1Kg,Hortaliças,CEASA-PR Cascavel(PR),PR,8.0,2026-07-17
Couve-Flor,1Un,Hortaliças,CEASA-PE Recife(PE),PE,7.0,2026-07-17
Couve-Flor,1Un,Hortaliças,CEASA-ES Vitória(ES),ES,2.5,2026-07-17
Couve-Flor,1Un,Hortaliças,CEASA-MA São Luís(MA),MA,5.83,2026-07-17
Couve-Flor,1Un,Hortaliças,CEASA-MT Cuiabá(MT),MT,8.0,2026-07-17
Couve-Flor,1Un,Hortaliças,CEASA-PB Patos(PB),PB,9.33,2026-07-17
Couve-Flor,1Un,Hortaliças,CEASA-BA Salvador(BA),BA,10.0,2026-07-17
Couve-Flor,1Un,Hortaliças,CEASA-SP Campinas(SP),SP,6.4,2026-07-17
Couve-Flor,1Un,Hortaliças,CEASAMINAS Belo Horizonte(MG),MG,4.17,2026-07-17
Couve-Flor,1Un,Hortaliças,CEASA-RJ Rio de Janeiro(RJ),RJ,2.19,2026-07-17
Couve-Flor,1Un,Hortaliças,CEASA-CE Fortaleza(CE),CE,2.5,2026-07-17
Couve-Flor,1Un,Hortaliças,CEASA-CE Tianguá(CE),CE,3.0,2026-07-17
Couve-Flor,1Un,Hortaliças,CEASA-PR Curitiba(PR),PR,3.75,2026-07-17
Couve-Flor,1Un,Hortaliças,CEASA-AL Maceió(AL),AL,9.0,2026-07-17
Couve-Flor,1Un,Hortaliças,CEAGESP São Paulo(SP),SP,5.38,2026-07-17
Couve-Flor,1Un,Hortaliças,CEASA-PR Cascavel(PR),PR,7.5,2026-07-17
Pepino,1Kg,Hortaliças,CEASA-PE Recife(PE),PE,1.33,2026-07-17
Pepino,1Kg,Hortaliças,CEASA-ES Vitória(ES),ES,2.36,2026-07-17
Pepino,1Kg,Hortaliças,CEASA-MA São Luís(MA),MA,3.9,2026-07-17
Pepino,1Kg,Hortaliças,CEASA-MT Cuiabá(MT),MT,4.1,2026-07-17
Pepino,1Kg,Hortaliças,CEASA-PB Patos(PB),PB,3.33,2026-07-17
Pepino,1Kg,Hortaliças,CEASA-BA Salvador(BA),BA,1.7,2026-07-17
Pepino,1Kg,Hortaliças,CEASA-SP Campinas(SP),SP,3.0,2026-07-17
Pepino,1Kg,Hortaliças,CEASAMINAS Belo Horizonte(MG),MG,1.84,2026-07-17
Pepino,1Kg,Hortaliças,CEASA-RJ Rio de Janeiro(RJ),RJ,1.76,2026-07-17
Pepino,1Kg,Hortaliças,CEASA-CE Fortaleza(CE),CE,2.0,2026-07-17
Pepino,1Kg,Hortaliças,CEASA-CE Tianguá(CE),CE,0.8,2026-07-17
Pepino,1Kg,Hortaliças,CEASA-PR Curitiba(PR),PR,3.0,2026-07-17
Pepino,1Kg,Hortaliças,CEASA-TO Palmas(TO),TO,4.75,2026-07-17
Pepino,1Kg,Hortaliças,CEASA-AL Maceió(AL),AL,2.5,2026-07-17
Pepino,1Kg,Hortaliças,AMA-BA Juazeiro(BA),BA,4.0,2026-07-17
Pepino,1Kg,Hortaliças,CEAGESP São Paulo(SP),SP,2.53,2026-07-17
Pepino,1Kg,Hortaliças,CEASA-PR Cascavel(PR),PR,4.0,2026-07-17
Pimentão Verde,1Kg,Hortaliças,CEASA-PE Recife(PE),PE,4.3,2026-07-17
Pimentão Verde,1Kg,Hortaliças,CEASA-ES Vitória(ES),ES,4.1,2026-07-17
Pimentão Verde,1Kg,Hortaliças,CEASA-MA São Luís(MA),MA,8.55,2026-07-17
Pimentão Verde,1Kg,Hortaliças,CEASA-MT Cuiabá(MT),MT,9.47,2026-07-17
Pimentão Verde,1Kg,Hortaliças,CEASA-PB Patos(PB),PB,3.31,2026-07-17
Pimentão Verde,1Kg,Hortaliças,CEASA-BA Salvador(BA),BA,5.6,2026-07-17
Pimentão Verde,1Kg,Hortaliças,CEASA-SP Campinas(SP),SP,6.82,2026-07-17
Pimentão Verde,1Kg,Hortaliças,CEASAMINAS Belo Horizonte(MG),MG,5.55,2026-07-17
Pimentão Verde,1Kg,Hortaliças,CEASA-RJ Rio de Janeiro(RJ),RJ,6.0,2026-07-17
Pimentão Verde,1Kg,Hortaliças,CEASA-CE Fortaleza(CE),CE,4.15,2026-07-17
Pimentão Verde,1Kg,Hortaliças,CEASA-CE Tianguá(CE),CE,2.92,2026-07-17
Pimentão Verde,1Kg,Hortaliças,CEASA-PR Curitiba(PR),PR,6.67,2026-07-17
Pimentão Verde,1Kg,Hortaliças,CEASA-TO Palmas(TO),TO,10.5,2026-07-17
Pimentão Verde,1Kg,Hortaliças,CEASA-AL Maceió(AL),AL,3.6,2026-07-17
Pimentão Verde,1Kg,Hortaliças,AMA-BA Juazeiro(BA),BA,3.12,2026-07-17
Pimentão Verde,1Kg,Hortaliças,CEAGESP São Paulo(SP),SP,3.79,2026-07-17
Pimentão Verde,1Kg,Hortaliças,CEASA-PR Cascavel(PR),PR,9.0,2026-07-17
Quiabo,1Kg,Hortaliças,CEASA-PE Recife(PE),PE,10.0,2026-07-17
Quiabo,1Kg,Hortaliças,CEASA-ES Vitória(ES),ES,13.3,2026-07-17
Quiabo,1Kg,Hortaliças,CEASA-MA São Luís(MA),MA,20.75,2026-07-17
Quiabo,1Kg,Hortaliças,CEASA-MT Cuiabá(MT),MT,16.36,2026-07-17
Quiabo,1Kg,Hortaliças,CEASA-PB Patos(PB),PB,6.5,2026-07-17
Quiabo,1Kg,Hortaliças,CEASA-BA Salvador(BA),BA,2.8,2026-07-17
Quiabo,1Kg,Hortaliças,CEASA-SP Campinas(SP),SP,7.14,2026-07-17
Quiabo,1Kg,Hortaliças,CEASAMINAS Belo Horizonte(MG),MG,9.16,2026-07-17
Quiabo,1Kg,Hortaliças,CEASA-RJ Rio de Janeiro(RJ),RJ,7.5,2026-07-17
Quiabo,1Kg,Hortaliças,CEASA-CE Fortaleza(CE),CE,12.0,2026-07-17
Quiabo,1Kg,Hortaliças,CEASA-CE Tianguá(CE),CE,5.0,2026-07-17
Quiabo,1Kg,Hortaliças,CEASA-PR Curitiba(PR),PR,10.0,2026-07-17
Quiabo,1Kg,Hortaliças,CEASA-AL Maceió(AL),AL,5.0,2026-07-17
Quiabo,1Kg,Hortaliças,AMA-BA Juazeiro(BA),BA,6.5,2026-07-17
Quiabo,1Kg,Hortaliças,CEAGESP São Paulo(SP),SP,5.14,2026-07-17
Quiabo,1Kg,Hortaliças,CEASA-PR Cascavel(PR),PR,16.0,2026-07-17
Repolho,1Kg,Hortaliças,CEASA-PE Recife(PE),PE,1.85,2026-07-17
Repolho,1Kg,Hortaliças,CEASA-ES Vitória(ES),ES,1.93,2026-07-17
Repolho,1Kg,Hortaliças,CEASA-MA São Luís(MA),MA,8.45,2026-07-17
Repolho,1Kg,Hortaliças,CEASA-MT Cuiabá(MT),MT,3.56,2026-07-17
Repolho,1Kg,Hortaliças,CEASA-PB Patos(PB),PB,4.5,2026-07-17
Repolho,1Kg,Hortaliças,CEASA-BA Salvador(BA),BA,3.0,2026-07-17
Repolho,1Kg,Hortaliças,CEASA-SP Campinas(SP),SP,2.75,2026-07-17
Repolho,1Kg,Hortaliças,CEASAMINAS Belo Horizonte(MG),MG,1.5,2026-07-17
Repolho,1Kg,Hortaliças,CEASA-RJ Rio de Janeiro(RJ),RJ,2.0,2026-07-17
Repolho,1Kg,Hortaliças,CEASA-CE Fortaleza(CE),CE,7.25,2026-07-17
Repolho,1Kg,Hortaliças,CEASA-CE Tianguá(CE),CE,7.5,2026-07-17
Repolho,1Kg,Hortaliças,CEASA-PR Curitiba(PR),PR,1.8,2026-07-17
Repolho,1Kg,Hortaliças,CEASA-TO Palmas(TO),TO,5.5,2026-07-17
Repolho,1Kg,Hortaliças,CEASA-AL Maceió(AL),AL,2.0,2026-07-17
Repolho,1Kg,Hortaliças,AMA-BA Juazeiro(BA),BA,5.0,2026-07-17
Repolho,1Kg,Hortaliças,CEAGESP São Paulo(SP),SP,2.26,2026-07-17
Repolho,1Kg,Hortaliças,CEASA-PR Cascavel(PR),PR,4.0,2026-07-17
Tomate,1Kg,Hortaliças,CEASA-PE Recife(PE),PE,1.92,2026-07-17
Tomate,1Kg,Hortaliças,CEASA-ES Vitória(ES),ES,4.0,2026-07-17
Tomate,1Kg,Hortaliças,CEASA-MA São Luís(MA),MA,6.45,2026-07-17
Tomate,1Kg,Hortaliças,CEASA-MT Cuiabá(MT),MT,5.79,2026-07-17
Tomate,1Kg,Hortaliças,CEASA-PB Patos(PB),PB,2.46,2026-07-17
Tomate,1Kg,Hortaliças,CEASA-BA Salvador(BA),BA,2.4,2026-07-17
Tomate,1Kg,Hortaliças,CEASA-SP Campinas(SP),SP,3.0,2026-07-17
Tomate,1Kg,Hortaliças,CEASAMINAS Belo Horizonte(MG),MG,3.25,2026-07-17
Tomate,1Kg,Hortaliças,CEASA-RJ Rio de Janeiro(RJ),RJ,4.44,2026-07-17
Tomate,1Kg,Hortaliças,CEASA-CE Fortaleza(CE),CE,4.4,2026-07-17
Tomate,1Kg,Hortaliças,CEASA-CE Tianguá(CE),CE,2.8,2026-07-17
Tomate,1Kg,Hortaliças,CEASA-PR Curitiba(PR),PR,3.0,2026-07-17
Tomate,1Kg,Hortaliças,CEASA-TO Palmas(TO),TO,5.5,2026-07-17
Tomate,1Kg,Hortaliças,CEASA-AL Maceió(AL),AL,2.35,2026-07-17
Tomate,1Kg,Hortaliças,AMA-BA Juazeiro(BA),BA,1.06,2026-07-17
Tomate,1Kg,Hortaliças,CEAGESP São Paulo(SP),SP,2.49,2026-07-17
Tomate,1Kg,Hortaliças,CEASA-PR Cascavel(PR),PR,3.8,2026-07-17
Vagem,1Kg,Hortaliças,CEASA-PE Recife(PE),PE,7.0,2026-07-17
Vagem,1Kg,Hortaliças,CEASA-MA São Luís(MA),MA,11.11,2026-07-17
Vagem,1Kg,Hortaliças,CEASA-MT Cuiabá(MT),MT,11.82,2026-07-17
Vagem,1Kg,Hortaliças,CEASA-PB Patos(PB),PB,11.67,2026-07-17
Vagem,1Kg,Hortaliças,CEASA-BA Salvador(BA),BA,10.0,2026-07-17
Vagem,1Kg,Hortaliças,CEASA-SP Campinas(SP),SP,8.46,2026-07-17
Vagem,1Kg,Hortaliças,CEASAMINAS Belo Horizonte(MG),MG,3.07,2026-07-17
Vagem,1Kg,Hortaliças,CEASA-RJ Rio de Janeiro(RJ),RJ,7.0,2026-07-17
Vagem,1Kg,Hortaliças,CEASA-CE Fortaleza(CE),CE,6.0,2026-07-17
Vagem,1Kg,Hortaliças,CEASA-CE Tianguá(CE),CE,8.0,2026-07-17
Vagem,1Kg,Hortaliças,CEASA-PR Curitiba(PR),PR,8.0,2026-07-17
Vagem,1Kg,Hortaliças,CEASA-AL Maceió(AL),AL,6.0,2026-07-17
Vagem,1Kg,Hortaliças,AMA-BA Juazeiro(BA),BA,9.0,2026-07-17
Vagem,1Kg,Hortaliças,CEAGESP São Paulo(SP),SP,5.71,2026-07-17
Vagem,1Kg,Hortaliças,CEASA-PR Cascavel(PR),PR,15.0,2026-07-17
Abóbora,1Kg,Hortaliças,CEAGESP Ribeirão Preto(SP),SP,2.9,2026-07-16
Abóbora,1Kg,Hortaliças,CEASA-MT Cuiabá(MT),MT,2.89,2026-07-16
Abóbora,1Kg,Hortaliças,CEASA-ES Vitória(ES),ES,2.34,2026-07-16
Abóbora,1Kg,Hortaliças,CEASA-RS Caxias do Sul(RS),RS,2.54,2026-07-16
Abóbora,1Kg,Hortaliças,CEASA-RJ Rio de Janeiro(RJ),RJ,2.8,2026-07-16
Abóbora,1Kg,Hortaliças,CEASA-CE Fortaleza(CE),CE,4.0,2026-07-16
Abóbora,1Kg,Hortaliças,CEASA-PR Curitiba(PR),PR,2.5,2026-07-16
Abóbora,1Kg,Hortaliças,CEASA-AL Maceió(AL),AL,2.0,2026-07-16
Abóbora,1Kg,Hortaliças,CEASA-RN Natal(RN),RN,2.0,2026-07-16
Abóbora,1Kg,Hortaliças,AMA-BA Juazeiro(BA),BA,2.0,2026-07-16
Abóbora,1Kg,Hortaliças,CEASA-PR Cascavel(PR),PR,3.0,2026-07-16
Abóbora,1Kg,Hortaliças,CEASA-RS Porto Alegre(RS),RS,3.5,2026-07-16
Abobrinha,1Kg,Hortaliças,CEAGESP Ribeirão Preto(SP),SP,3.68,2026-07-16
Abobrinha,1Kg,Hortaliças,CEASA-MT Cuiabá(MT),MT,4.71,2026-07-16
Abobrinha,1Kg,Hortaliças,CEASA-ES Vitória(ES),ES,2.92,2026-07-16
Abobrinha,1Kg,Hortaliças,CEASA-RS Caxias do Sul(RS),RS,3.5,2026-07-16
Abobrinha,1Kg,Hortaliças,CEASA-RJ Rio de Janeiro(RJ),RJ,2.19,2026-07-16
Abobrinha,1Kg,Hortaliças,CEASA-CE Fortaleza(CE),CE,4.0,2026-07-16
Abobrinha,1Kg,Hortaliças,CEASA-PR Curitiba(PR),PR,3.0,2026-07-16
Abobrinha,1Kg,Hortaliças,CEASA-AL Maceió(AL),AL,3.0,2026-07-16
Abobrinha,1Kg,Hortaliças,CEASA-RN Natal(RN),RN,3.0,2026-07-16
Abobrinha,1Kg,Hortaliças,AMA-BA Juazeiro(BA),BA,3.33,2026-07-16
Abobrinha,1Kg,Hortaliças,CEASA-PR Cascavel(PR),PR,4.3,2026-07-16
Abobrinha,1Kg,Hortaliças,CEASA-RS Porto Alegre(RS),RS,4.0,2026-07-16
Alface,1Dz,Hortaliças,CEAGESP Ribeirão Preto(SP),SP,26.8,2026-07-16
Alface,1Dz,Hortaliças,CEASA-MT Cuiabá(MT),MT,30.0,2026-07-16
Alface,1Dz,Hortaliças,CEASA-ES Vitória(ES),ES,14.27,2026-07-16
Alface,1Dz,Hortaliças,CEASA-RS Caxias do Sul(RS),RS,23.75,2026-07-16
Alface,1Dz,Hortaliças,CEASA-RJ Rio de Janeiro(RJ),RJ,23.33,2026-07-16
Alface,1Dz,Hortaliças,CEASA-CE Fortaleza(CE),CE,36.0,2026-07-16
Alface,1Dz,Hortaliças,CEASA-PR Curitiba(PR),PR,40.0,2026-07-16
Alface,1Dz,Hortaliças,CEASA-AL Maceió(AL),AL,18.0,2026-07-16
Alface,1Dz,Hortaliças,CEASA-RN Natal(RN),RN,20.4,2026-07-16
Alface,1Dz,Hortaliças,AMA-BA Juazeiro(BA),BA,10.0,2026-07-16
Alface,1Dz,Hortaliças,CEASA-PR Cascavel(PR),PR,48.0,2026-07-16
Alface,1Dz,Hortaliças,CEASA-RS Porto Alegre(RS),RS,15.0,2026-07-16
Berinjela,1Kg,Hortaliças,CEAGESP Ribeirão Preto(SP),SP,4.44,2026-07-16
Berinjela,1Kg,Hortaliças,CEASA-MT Cuiabá(MT),MT,3.64,2026-07-16
Berinjela,1Kg,Hortaliças,CEASA-ES Vitória(ES),ES,2.6,2026-07-16
Berinjela,1Kg,Hortaliças,CEASA-RS Caxias do Sul(RS),RS,6.38,2026-07-16
Berinjela,1Kg,Hortaliças,CEASA-RJ Rio de Janeiro(RJ),RJ,2.5,2026-07-16
Berinjela,1Kg,Hortaliças,CEASA-CE Fortaleza(CE),CE,3.1,2026-07-16
Berinjela,1Kg,Hortaliças,CEASA-PR Curitiba(PR),PR,5.0,2026-07-16
Berinjela,1Kg,Hortaliças,CEASA-AL Maceió(AL),AL,3.0,2026-07-16
Berinjela,1Kg,Hortaliças,CEASA-RN Natal(RN),RN,4.5,2026-07-16
Berinjela,1Kg,Hortaliças,AMA-BA Juazeiro(BA),BA,4.29,2026-07-16
Berinjela,1Kg,Hortaliças,CEASA-PR Cascavel(PR),PR,6.0,2026-07-16
Berinjela,1Kg,Hortaliças,CEASA-RS Porto Alegre(RS),RS,5.5,2026-07-16
Beterraba,1Kg,Hortaliças,CEAGESP Ribeirão Preto(SP),SP,2.5,2026-07-16
Beterraba,1Kg,Hortaliças,CEASA-MT Cuiabá(MT),MT,4.21,2026-07-16
Beterraba,1Kg,Hortaliças,CEASA-ES Vitória(ES),ES,3.67,2026-07-16
Beterraba,1Kg,Hortaliças,CEASA-RS Caxias do Sul(RS),RS,3.09,2026-07-16
Beterraba,1Kg,Hortaliças,CEASA-RJ Rio de Janeiro(RJ),RJ,2.75,2026-07-16
Beterraba,1Kg,Hortaliças,CEASA-CE Fortaleza(CE),CE,3.75,2026-07-16
Beterraba,1Kg,Hortaliças,CEASA-PR Curitiba(PR),PR,2.25,2026-07-16
Beterraba,1Kg,Hortaliças,CEASA-AL Maceió(AL),AL,3.5,2026-07-16
Beterraba,1Kg,Hortaliças,CEASA-RN Natal(RN),RN,3.5,2026-07-16
Beterraba,1Kg,Hortaliças,AMA-BA Juazeiro(BA),BA,2.38,2026-07-16
Beterraba,1Kg,Hortaliças,CEASA-PR Cascavel(PR),PR,3.8,2026-07-16
Beterraba,1Kg,Hortaliças,CEASA-RS Porto Alegre(RS),RS,3.33,2026-07-16
Brócolis,1Kg,Hortaliças,CEAGESP Ribeirão Preto(SP),SP,3.33,2026-07-16
Brócolis,1Kg,Hortaliças,CEASA-MT Cuiabá(MT),MT,21.82,2026-07-16
Brócolis,1Kg,Hortaliças,CEASA-ES Vitória(ES),ES,5.26,2026-07-16
Brócolis,1Kg,Hortaliças,CEASA-RS Caxias do Sul(RS),RS,3.33,2026-07-16
Brócolis,1Kg,Hortaliças,CEASA-RJ Rio de Janeiro(RJ),RJ,5.0,2026-07-16
Brócolis,1Kg,Hortaliças,CEASA-CE Fortaleza(CE),CE,25.0,2026-07-16
Brócolis,1Kg,Hortaliças,CEASA-PR Curitiba(PR),PR,5.83,2026-07-16
Brócolis,1Kg,Hortaliças,CEASA-AL Maceió(AL),AL,27.0,2026-07-16
Brócolis,1Kg,Hortaliças,CEASA-RN Natal(RN),RN,26.0,2026-07-16
Brócolis,1Kg,Hortaliças,CEASA-PR Cascavel(PR),PR,13.0,2026-07-16
Brócolis,1Kg,Hortaliças,CEASA-RS Porto Alegre(RS),RS,3.57,2026-07-16
Cenoura,1Kg,Hortaliças,CEAGESP Ribeirão Preto(SP),SP,5.75,2026-07-16
Cenoura,1Kg,Hortaliças,CEASA-MT Cuiabá(MT),MT,6.15,2026-07-16
Cenoura,1Kg,Hortaliças,CEASA-ES Vitória(ES),ES,4.88,2026-07-16
Cenoura,1Kg,Hortaliças,CEASA-RS Caxias do Sul(RS),RS,4.0,2026-07-16
Cenoura,1Kg,Hortaliças,CEASA-RJ Rio de Janeiro(RJ),RJ,5.0,2026-07-16
Cenoura,1Kg,Hortaliças,CEASA-CE Fortaleza(CE),CE,6.5,2026-07-16
Cenoura,1Kg,Hortaliças,CEASA-PR Curitiba(PR),PR,4.0,2026-07-16
Cenoura,1Kg,Hortaliças,CEASA-AL Maceió(AL),AL,6.0,2026-07-16
Cenoura,1Kg,Hortaliças,CEASA-RN Natal(RN),RN,5.5,2026-07-16
Cenoura,1Kg,Hortaliças,AMA-BA Juazeiro(BA),BA,5.0,2026-07-16
Cenoura,1Kg,Hortaliças,CEASA-PR Cascavel(PR),PR,5.5,2026-07-16
Cenoura,1Kg,Hortaliças,CEASA-RS Porto Alegre(RS),RS,4.0,2026-07-16
Chuchu,1Kg,Hortaliças,CEAGESP Ribeirão Preto(SP),SP,4.5,2026-07-16
Chuchu,1Kg,Hortaliças,CEASA-MT Cuiabá(MT),MT,5.64,2026-07-16
Chuchu,1Kg,Hortaliças,CEASA-ES Vitória(ES),ES,1.16,2026-07-16
Chuchu,1Kg,Hortaliças,CEASA-RS Caxias do Sul(RS),RS,2.45,2026-07-16
Chuchu,1Kg,Hortaliças,CEASA-RJ Rio de Janeiro(RJ),RJ,0.83,2026-07-16
Chuchu,1Kg,Hortaliças,CEASA-CE Fortaleza(CE),CE,2.3,2026-07-16
Chuchu,1Kg,Hortaliças,CEASA-PR Curitiba(PR),PR,1.5,2026-07-16
Chuchu,1Kg,Hortaliças,CEASA-AL Maceió(AL),AL,2.0,2026-07-16
Chuchu,1Kg,Hortaliças,CEASA-RN Natal(RN),RN,2.9,2026-07-16
Chuchu,1Kg,Hortaliças,AMA-BA Juazeiro(BA),BA,4.0,2026-07-16
Chuchu,1Kg,Hortaliças,CEASA-PR Cascavel(PR),PR,3.3,2026-07-16
Chuchu,1Kg,Hortaliças,CEASA-RS Porto Alegre(RS),RS,2.22,2026-07-16
Couve,1Kg,Hortaliças,CEAGESP Ribeirão Preto(SP),SP,6.0,2026-07-16
Couve,1Kg,Hortaliças,CEASA-MT Cuiabá(MT),MT,16.0,2026-07-16
Couve,1Kg,Hortaliças,CEASA-ES Vitória(ES),ES,4.55,2026-07-16
Couve,1Kg,Hortaliças,CEASA-RS Caxias do Sul(RS),RS,1.63,2026-07-16
Couve,1Kg,Hortaliças,CEASA-RJ Rio de Janeiro(RJ),RJ,8.0,2026-07-16
Couve,1Kg,Hortaliças,CEASA-PR Curitiba(PR),PR,6.25,2026-07-16
Couve,1Kg,Hortaliças,CEASA-AL Maceió(AL),AL,5.0,2026-07-16
Couve,1Kg,Hortaliças,CEASA-RN Natal(RN),RN,18.0,2026-07-16
Couve,1Kg,Hortaliças,AMA-BA Juazeiro(BA),BA,5.0,2026-07-16
Couve,1Kg,Hortaliças,CEASA-PR Cascavel(PR),PR,8.0,2026-07-16
Couve,1Kg,Hortaliças,CEASA-RS Porto Alegre(RS),RS,3.13,2026-07-16
Couve-Flor,1Un,Hortaliças,CEAGESP Ribeirão Preto(SP),SP,6.88,2026-07-16
Couve-Flor,1Un,Hortaliças,CEASA-MT Cuiabá(MT),MT,8.0,2026-07-16
Couve-Flor,1Un,Hortaliças,CEASA-ES Vitória(ES),ES,3.1,2026-07-16
Couve-Flor,1Un,Hortaliças,CEASA-RS Caxias do Sul(RS),RS,3.65,2026-07-16
Couve-Flor,1Un,Hortaliças,CEASA-RJ Rio de Janeiro(RJ),RJ,1.88,2026-07-16
Couve-Flor,1Un,Hortaliças,CEASA-CE Fortaleza(CE),CE,2.5,2026-07-16
Couve-Flor,1Un,Hortaliças,CEASA-PR Curitiba(PR),PR,3.75,2026-07-16
Couve-Flor,1Un,Hortaliças,CEASA-AL Maceió(AL),AL,9.0,2026-07-16
Couve-Flor,1Un,Hortaliças,CEASA-RN Natal(RN),RN,10.5,2026-07-16
Couve-Flor,1Un,Hortaliças,CEASA-PR Cascavel(PR),PR,7.5,2026-07-16
Couve-Flor,1Un,Hortaliças,CEASA-RS Porto Alegre(RS),RS,3.33,2026-07-16
Pepino,1Kg,Hortaliças,CEAGESP Ribeirão Preto(SP),SP,5.73,2026-07-16
Pepino,1Kg,Hortaliças,CEASA-MT Cuiabá(MT),MT,4.1,2026-07-16
Pepino,1Kg,Hortaliças,CEASA-ES Vitória(ES),ES,2.22,2026-07-16
Pepino,1Kg,Hortaliças,CEASA-RS Caxias do Sul(RS),RS,3.25,2026-07-16
Pepino,1Kg,Hortaliças,CEASA-RJ Rio de Janeiro(RJ),RJ,1.76,2026-07-16
Pepino,1Kg,Hortaliças,CEASA-CE Fortaleza(CE),CE,2.0,2026-07-16
Pepino,1Kg,Hortaliças,CEASA-PR Curitiba(PR),PR,3.0,2026-07-16
Pepino,1Kg,Hortaliças,CEASA-AL Maceió(AL),AL,2.5,2026-07-16
Pepino,1Kg,Hortaliças,CEASA-RN Natal(RN),RN,4.0,2026-07-16
Pepino,1Kg,Hortaliças,AMA-BA Juazeiro(BA),BA,3.5,2026-07-16
Pepino,1Kg,Hortaliças,CEASA-PR Cascavel(PR),PR,4.0,2026-07-16
Pepino,1Kg,Hortaliças,CEASA-RS Porto Alegre(RS),RS,2.5,2026-07-16
Pimentão Verde,1Kg,Hortaliças,CEAGESP Ribeirão Preto(SP),SP,6.0,2026-07-16
Pimentão Verde,1Kg,Hortaliças,CEASA-MT Cuiabá(MT),MT,9.47,2026-07-16
Pimentão Verde,1Kg,Hortaliças,CEASA-ES Vitória(ES),ES,5.0,2026-07-16
Pimentão Verde,1Kg,Hortaliças,CEASA-RS Caxias do Sul(RS),RS,9.29,2026-07-16
Pimentão Verde,1Kg,Hortaliças,CEASA-RJ Rio de Janeiro(RJ),RJ,6.0,2026-07-16
Pimentão Verde,1Kg,Hortaliças,CEASA-CE Fortaleza(CE),CE,5.0,2026-07-16
Pimentão Verde,1Kg,Hortaliças,CEASA-PR Curitiba(PR),PR,7.5,2026-07-16
Pimentão Verde,1Kg,Hortaliças,CEASA-AL Maceió(AL),AL,3.6,2026-07-16
Pimentão Verde,1Kg,Hortaliças,CEASA-RN Natal(RN),RN,4.62,2026-07-16
Pimentão Verde,1Kg,Hortaliças,AMA-BA Juazeiro(BA),BA,2.71,2026-07-16
Pimentão Verde,1Kg,Hortaliças,CEASA-PR Cascavel(PR),PR,9.0,2026-07-16
Pimentão Verde,1Kg,Hortaliças,CEASA-RS Porto Alegre(RS),RS,7.0,2026-07-16
Quiabo,1Kg,Hortaliças,CEAGESP Ribeirão Preto(SP),SP,11.56,2026-07-16
Quiabo,1Kg,Hortaliças,CEASA-MT Cuiabá(MT),MT,16.36,2026-07-16
Quiabo,1Kg,Hortaliças,CEASA-ES Vitória(ES),ES,11.64,2026-07-16
Quiabo,1Kg,Hortaliças,CEASA-RJ Rio de Janeiro(RJ),RJ,7.5,2026-07-16
Quiabo,1Kg,Hortaliças,CEASA-CE Fortaleza(CE),CE,15.0,2026-07-16
Quiabo,1Kg,Hortaliças,CEASA-PR Curitiba(PR),PR,12.0,2026-07-16
Quiabo,1Kg,Hortaliças,CEASA-AL Maceió(AL),AL,5.0,2026-07-16
Quiabo,1Kg,Hortaliças,CEASA-RN Natal(RN),RN,8.0,2026-07-16
Quiabo,1Kg,Hortaliças,AMA-BA Juazeiro(BA),BA,6.5,2026-07-16
Quiabo,1Kg,Hortaliças,CEASA-PR Cascavel(PR),PR,16.0,2026-07-16
Quiabo,1Kg,Hortaliças,CEASA-RS Porto Alegre(RS),RS,18.0,2026-07-16
Repolho,1Kg,Hortaliças,CEAGESP Ribeirão Preto(SP),SP,3.0,2026-07-16
Repolho,1Kg,Hortaliças,CEASA-MT Cuiabá(MT),MT,3.56,2026-07-16
Repolho,1Kg,Hortaliças,CEASA-ES Vitória(ES),ES,2.39,2026-07-16
Repolho,1Kg,Hortaliças,CEASA-RS Caxias do Sul(RS),RS,3.79,2026-07-16
Repolho,1Kg,Hortaliças,CEASA-RJ Rio de Janeiro(RJ),RJ,2.0,2026-07-16
Repolho,1Kg,Hortaliças,CEASA-CE Fortaleza(CE),CE,7.0,2026-07-16
Repolho,1Kg,Hortaliças,CEASA-PR Curitiba(PR),PR,1.8,2026-07-16
Repolho,1Kg,Hortaliças,CEASA-AL Maceió(AL),AL,2.0,2026-07-16
Repolho,1Kg,Hortaliças,CEASA-RN Natal(RN),RN,4.5,2026-07-16
Repolho,1Kg,Hortaliças,AMA-BA Juazeiro(BA),BA,5.0,2026-07-16
Repolho,1Kg,Hortaliças,CEASA-PR Cascavel(PR),PR,4.0,2026-07-16
Repolho,1Kg,Hortaliças,CEASA-RS Porto Alegre(RS),RS,1.67,2026-07-16
Tomate,1Kg,Hortaliças,CEAGESP Ribeirão Preto(SP),SP,6.5,2026-07-16
Tomate,1Kg,Hortaliças,CEASA-MT Cuiabá(MT),MT,5.79,2026-07-16
Tomate,1Kg,Hortaliças,CEASA-ES Vitória(ES),ES,3.25,2026-07-16
Tomate,1Kg,Hortaliças,CEASA-RS Caxias do Sul(RS),RS,4.5,2026-07-16
Tomate,1Kg,Hortaliças,CEASA-RJ Rio de Janeiro(RJ),RJ,4.44,2026-07-16
Tomate,1Kg,Hortaliças,CEASA-CE Fortaleza(CE),CE,4.0,2026-07-16
Tomate,1Kg,Hortaliças,CEASA-PR Curitiba(PR),PR,3.5,2026-07-16
Tomate,1Kg,Hortaliças,CEASA-AL Maceió(AL),AL,2.35,2026-07-16
Tomate,1Kg,Hortaliças,CEASA-RN Natal(RN),RN,2.4,2026-07-16
Tomate,1Kg,Hortaliças,AMA-BA Juazeiro(BA),BA,1.06,2026-07-16
Tomate,1Kg,Hortaliças,CEASA-PR Cascavel(PR),PR,3.8,2026-07-16
Tomate,1Kg,Hortaliças,CEASA-RS Porto Alegre(RS),RS,4.44,2026-07-16
Vagem,1Kg,Hortaliças,CEAGESP Ribeirão Preto(SP),SP,11.67,2026-07-16
Vagem,1Kg,Hortaliças,CEASA-MT Cuiabá(MT),MT,11.82,2026-07-16
Vagem,1Kg,Hortaliças,CEASA-ES Vitória(ES),ES,5.45,2026-07-16
Vagem,1Kg,Hortaliças,CEASA-RS Caxias do Sul(RS),RS,13.2,2026-07-16
Vagem,1Kg,Hortaliças,CEASA-RJ Rio de Janeiro(RJ),RJ,7.0,2026-07-16
Vagem,1Kg,Hortaliças,CEASA-CE Fortaleza(CE),CE,5.0,2026-07-16
Vagem,1Kg,Hortaliças,CEASA-PR Curitiba(PR),PR,8.0,2026-07-16
Vagem,1Kg,Hortaliças,CEASA-AL Maceió(AL),AL,6.0,2026-07-16
Vagem,1Kg,Hortaliças,CEASA-RN Natal(RN),RN,10.0,2026-07-16
Vagem,1Kg,Hortaliças,AMA-BA Juazeiro(BA),BA,9.0,2026-07-16
Vagem,1Kg,Hortaliças,CEASA-PR Cascavel(PR),PR,15.0,2026-07-16
Vagem,1Kg,Hortaliças,CEASA-RS Porto Alegre(RS),RS,12.0,2026-07-16
Abóbora,1Kg,Hortaliças,CEAGESP Ribeirão Preto(SP),SP,2.9,2026-07-15
Abóbora,1Kg,Hortaliças,CEASA-PE Recife(PE),PE,2.8,2026-07-15
Abóbora,1Kg,Hortaliças,CEASA-CE Fortaleza(CE),CE,3.35,2026-07-15
Abóbora,1Kg,Hortaliças,CEASA-PR Curitiba(PR),PR,2.5,2026-07-15
Abóbora,1Kg,Hortaliças,CEASA-ES Vitória(ES),ES,2.32,2026-07-15
Abóbora,1Kg,Hortaliças,CEASA-MT Cuiabá(MT),MT,2.89,2026-07-15
Abóbora,1Kg,Hortaliças,CEASAMINAS Belo Horizonte(MG),MG,1.75,2026-07-15
Abóbora,1Kg,Hortaliças,CEASA-RJ Rio de Janeiro(RJ),RJ,2.5,2026-07-15
Abóbora,1Kg,Hortaliças,CEASA-AL Maceió(AL),AL,2.0,2026-07-15
Abóbora,1Kg,Hortaliças,CEAGESP São Paulo(SP),SP,3.25,2026-07-15
Abóbora,1Kg,Hortaliças,CEASA-MA São Luís(MA),MA,3.13,2026-07-15
Abobrinha,1Kg,Hortaliças,CEAGESP Ribeirão Preto(SP),SP,3.68,2026-07-15
Abobrinha,1Kg,Hortaliças,CEASA-PE Recife(PE),PE,3.0,2026-07-15
Abobrinha,1Kg,Hortaliças,CEASA-CE Fortaleza(CE),CE,3.5,2026-07-15
Abobrinha,1Kg,Hortaliças,CEASA-PR Curitiba(PR),PR,3.5,2026-07-15
Abobrinha,1Kg,Hortaliças,CEASA-ES Vitória(ES),ES,3.07,2026-07-15
Abobrinha,1Kg,Hortaliças,CEASA-MT Cuiabá(MT),MT,4.71,2026-07-15
Abobrinha,1Kg,Hortaliças,CEASAMINAS Belo Horizonte(MG),MG,3.33,2026-07-15
Abobrinha,1Kg,Hortaliças,CEASA-RJ Rio de Janeiro(RJ),RJ,2.19,2026-07-15
Abobrinha,1Kg,Hortaliças,CEASA-AL Maceió(AL),AL,3.0,2026-07-15
Abobrinha,1Kg,Hortaliças,CEAGESP São Paulo(SP),SP,1.95,2026-07-15
Abobrinha,1Kg,Hortaliças,CEASA-MA São Luís(MA),MA,3.05,2026-07-15
Alface,1Dz,Hortaliças,CEAGESP Ribeirão Preto(SP),SP,26.8,2026-07-15
Alface,1Dz,Hortaliças,CEASA-PE Recife(PE),PE,12.0,2026-07-15
Alface,1Dz,Hortaliças,CEASA-CE Fortaleza(CE),CE,30.0,2026-07-15
Alface,1Dz,Hortaliças,CEASA-PR Curitiba(PR),PR,40.0,2026-07-15
Alface,1Dz,Hortaliças,CEASA-ES Vitória(ES),ES,13.83,2026-07-15
Alface,1Dz,Hortaliças,CEASA-MT Cuiabá(MT),MT,30.0,2026-07-15
Alface,1Dz,Hortaliças,CEASAMINAS Belo Horizonte(MG),MG,20.0,2026-07-15
Alface,1Dz,Hortaliças,CEASA-RJ Rio de Janeiro(RJ),RJ,23.33,2026-07-15
Alface,1Dz,Hortaliças,CEASA-AL Maceió(AL),AL,18.0,2026-07-15
Alface,1Dz,Hortaliças,CEAGESP São Paulo(SP),SP,26.56,2026-07-15
Alface,1Dz,Hortaliças,CEASA-MA São Luís(MA),MA,26.18,2026-07-15
Berinjela,1Kg,Hortaliças,CEAGESP Ribeirão Preto(SP),SP,4.44,2026-07-15
Berinjela,1Kg,Hortaliças,CEASA-PE Recife(PE),PE,3.0,2026-07-15
Berinjela,1Kg,Hortaliças,CEASA-CE Fortaleza(CE),CE,3.1,2026-07-15
Berinjela,1Kg,Hortaliças,CEASA-PR Curitiba(PR),PR,5.0,2026-07-15
Berinjela,1Kg,Hortaliças,CEASA-ES Vitória(ES),ES,2.84,2026-07-15
Berinjela,1Kg,Hortaliças,CEASA-MT Cuiabá(MT),MT,3.64,2026-07-15
Berinjela,1Kg,Hortaliças,CEASAMINAS Belo Horizonte(MG),MG,2.91,2026-07-15
Berinjela,1Kg,Hortaliças,CEASA-RJ Rio de Janeiro(RJ),RJ,3.0,2026-07-15
Berinjela,1Kg,Hortaliças,CEASA-AL Maceió(AL),AL,3.0,2026-07-15
Berinjela,1Kg,Hortaliças,CEAGESP São Paulo(SP),SP,2.9,2026-07-15
Berinjela,1Kg,Hortaliças,CEASA-MA São Luís(MA),MA,5.63,2026-07-15
Beterraba,1Kg,Hortaliças,CEAGESP Ribeirão Preto(SP),SP,2.5,2026-07-15
Beterraba,1Kg,Hortaliças,CEASA-PE Recife(PE),PE,3.0,2026-07-15
Beterraba,1Kg,Hortaliças,CEASA-CE Fortaleza(CE),CE,4.25,2026-07-15
Beterraba,1Kg,Hortaliças,CEASA-PR Curitiba(PR),PR,2.25,2026-07-15
Beterraba,1Kg,Hortaliças,CEASA-ES Vitória(ES),ES,3.25,2026-07-15
Beterraba,1Kg,Hortaliças,CEASA-MT Cuiabá(MT),MT,4.21,2026-07-15
Beterraba,1Kg,Hortaliças,CEASAMINAS Belo Horizonte(MG),MG,3.42,2026-07-15
Beterraba,1Kg,Hortaliças,CEASA-RJ Rio de Janeiro(RJ),RJ,2.75,2026-07-15
Beterraba,1Kg,Hortaliças,CEASA-AL Maceió(AL),AL,3.5,2026-07-15
Beterraba,1Kg,Hortaliças,CEAGESP São Paulo(SP),SP,1.87,2026-07-15
Beterraba,1Kg,Hortaliças,CEASA-MA São Luís(MA),MA,6.7,2026-07-15
Brócolis,1Kg,Hortaliças,CEAGESP Ribeirão Preto(SP),SP,3.33,2026-07-15
Brócolis,1Kg,Hortaliças,CEASA-PE Recife(PE),PE,8.57,2026-07-15
Brócolis,1Kg,Hortaliças,CEASA-CE Fortaleza(CE),CE,18.0,2026-07-15
Brócolis,1Kg,Hortaliças,CEASA-PR Curitiba(PR),PR,5.83,2026-07-15
Brócolis,1Kg,Hortaliças,CEASA-ES Vitória(ES),ES,5.26,2026-07-15
Brócolis,1Kg,Hortaliças,CEASA-MT Cuiabá(MT),MT,21.82,2026-07-15
Brócolis,1Kg,Hortaliças,CEASAMINAS Belo Horizonte(MG),MG,8.33,2026-07-15
Brócolis,1Kg,Hortaliças,CEASA-RJ Rio de Janeiro(RJ),RJ,6.25,2026-07-15
Brócolis,1Kg,Hortaliças,CEASA-AL Maceió(AL),AL,27.0,2026-07-15
Brócolis,1Kg,Hortaliças,CEAGESP São Paulo(SP),SP,2.7,2026-07-15
Brócolis,1Kg,Hortaliças,CEASA-MA São Luís(MA),MA,9.94,2026-07-15
Cenoura,1Kg,Hortaliças,CEAGESP Ribeirão Preto(SP),SP,5.75,2026-07-15
Cenoura,1Kg,Hortaliças,CEASA-PE Recife(PE),PE,6.0,2026-07-15
Cenoura,1Kg,Hortaliças,CEASA-CE Fortaleza(CE),CE,6.5,2026-07-15
Cenoura,1Kg,Hortaliças,CEASA-PR Curitiba(PR),PR,4.0,2026-07-15
Cenoura,1Kg,Hortaliças,CEASA-ES Vitória(ES),ES,5.0,2026-07-15
Cenoura,1Kg,Hortaliças,CEASA-MT Cuiabá(MT),MT,6.15,2026-07-15
Cenoura,1Kg,Hortaliças,CEASAMINAS Belo Horizonte(MG),MG,3.75,2026-07-15
Cenoura,1Kg,Hortaliças,CEASA-RJ Rio de Janeiro(RJ),RJ,5.0,2026-07-15
Cenoura,1Kg,Hortaliças,CEASA-AL Maceió(AL),AL,6.0,2026-07-15
Cenoura,1Kg,Hortaliças,CEAGESP São Paulo(SP),SP,3.6,2026-07-15
Cenoura,1Kg,Hortaliças,CEASA-MA São Luís(MA),MA,8.5,2026-07-15
Chuchu,1Kg,Hortaliças,CEAGESP Ribeirão Preto(SP),SP,4.5,2026-07-15
Chuchu,1Kg,Hortaliças,CEASA-PE Recife(PE),PE,1.5,2026-07-15
Chuchu,1Kg,Hortaliças,CEASA-CE Fortaleza(CE),CE,2.7,2026-07-15
Chuchu,1Kg,Hortaliças,CEASA-PR Curitiba(PR),PR,1.5,2026-07-15
Chuchu,1Kg,Hortaliças,CEASA-ES Vitória(ES),ES,1.17,2026-07-15
Chuchu,1Kg,Hortaliças,CEASA-MT Cuiabá(MT),MT,5.64,2026-07-15
Chuchu,1Kg,Hortaliças,CEASAMINAS Belo Horizonte(MG),MG,1.15,2026-07-15
Chuchu,1Kg,Hortaliças,CEASA-RJ Rio de Janeiro(RJ),RJ,0.83,2026-07-15
Chuchu,1Kg,Hortaliças,CEASA-AL Maceió(AL),AL,2.0,2026-07-15
Chuchu,1Kg,Hortaliças,CEAGESP São Paulo(SP),SP,1.09,2026-07-15
Chuchu,1Kg,Hortaliças,CEASA-MA São Luís(MA),MA,5.05,2026-07-15
Couve,1Kg,Hortaliças,CEAGESP Ribeirão Preto(SP),SP,6.0,2026-07-15
Couve,1Kg,Hortaliças,CEASA-PE Recife(PE),PE,8.0,2026-07-15
Couve,1Kg,Hortaliças,CEASA-PR Curitiba(PR),PR,6.25,2026-07-15
Couve,1Kg,Hortaliças,CEASA-ES Vitória(ES),ES,4.55,2026-07-15
Couve,1Kg,Hortaliças,CEASA-MT Cuiabá(MT),MT,16.0,2026-07-15
Couve,1Kg,Hortaliças,CEASAMINAS Belo Horizonte(MG),MG,17.65,2026-07-15
Couve,1Kg,Hortaliças,CEASA-RJ Rio de Janeiro(RJ),RJ,8.0,2026-07-15
Couve,1Kg,Hortaliças,CEASA-AL Maceió(AL),AL,5.0,2026-07-15
Couve,1Kg,Hortaliças,CEAGESP São Paulo(SP),SP,4.02,2026-07-15
Couve,1Kg,Hortaliças,CEASA-MA São Luís(MA),MA,25.36,2026-07-15
Couve-Flor,1Un,Hortaliças,CEAGESP Ribeirão Preto(SP),SP,6.88,2026-07-15
Couve-Flor,1Un,Hortaliças,CEASA-PE Recife(PE),PE,7.0,2026-07-15
Couve-Flor,1Un,Hortaliças,CEASA-CE Fortaleza(CE),CE,2.5,2026-07-15
Couve-Flor,1Un,Hortaliças,CEASA-PR Curitiba(PR),PR,3.75,2026-07-15
Couve-Flor,1Un,Hortaliças,CEASA-ES Vitória(ES),ES,3.2,2026-07-15
Couve-Flor,1Un,Hortaliças,CEASA-MT Cuiabá(MT),MT,8.0,2026-07-15
Couve-Flor,1Un,Hortaliças,CEASAMINAS Belo Horizonte(MG),MG,3.33,2026-07-15
Couve-Flor,1Un,Hortaliças,CEASA-RJ Rio de Janeiro(RJ),RJ,2.19,2026-07-15
Couve-Flor,1Un,Hortaliças,CEASA-AL Maceió(AL),AL,9.0,2026-07-15
Couve-Flor,1Un,Hortaliças,CEAGESP São Paulo(SP),SP,5.54,2026-07-15
Couve-Flor,1Un,Hortaliças,CEASA-MA São Luís(MA),MA,9.95,2026-07-15
Pepino,1Kg,Hortaliças,CEAGESP Ribeirão Preto(SP),SP,5.73,2026-07-15
Pepino,1Kg,Hortaliças,CEASA-PE Recife(PE),PE,1.33,2026-07-15
Pepino,1Kg,Hortaliças,CEASA-CE Fortaleza(CE),CE,2.0,2026-07-15
Pepino,1Kg,Hortaliças,CEASA-PR Curitiba(PR),PR,3.0,2026-07-15
Pepino,1Kg,Hortaliças,CEASA-ES Vitória(ES),ES,2.28,2026-07-15
Pepino,1Kg,Hortaliças,CEASA-MT Cuiabá(MT),MT,4.1,2026-07-15
Pepino,1Kg,Hortaliças,CEASAMINAS Belo Horizonte(MG),MG,2.36,2026-07-15
Pepino,1Kg,Hortaliças,CEASA-RJ Rio de Janeiro(RJ),RJ,1.76,2026-07-15
Pepino,1Kg,Hortaliças,CEASA-AL Maceió(AL),AL,2.5,2026-07-15
Pepino,1Kg,Hortaliças,CEAGESP São Paulo(SP),SP,2.62,2026-07-15
Pepino,1Kg,Hortaliças,CEASA-MA São Luís(MA),MA,3.8,2026-07-15
Pimentão Verde,1Kg,Hortaliças,CEAGESP Ribeirão Preto(SP),SP,6.0,2026-07-15
Pimentão Verde,1Kg,Hortaliças,CEASA-PE Recife(PE),PE,4.3,2026-07-15
Pimentão Verde,1Kg,Hortaliças,CEASA-CE Fortaleza(CE),CE,3.89,2026-07-15
Pimentão Verde,1Kg,Hortaliças,CEASA-PR Curitiba(PR),PR,7.5,2026-07-15
Pimentão Verde,1Kg,Hortaliças,CEASA-ES Vitória(ES),ES,6.08,2026-07-15
Pimentão Verde,1Kg,Hortaliças,CEASA-MT Cuiabá(MT),MT,9.47,2026-07-15
Pimentão Verde,1Kg,Hortaliças,CEASAMINAS Belo Horizonte(MG),MG,6.11,2026-07-15
Pimentão Verde,1Kg,Hortaliças,CEASA-RJ Rio de Janeiro(RJ),RJ,6.0,2026-07-15
Pimentão Verde,1Kg,Hortaliças,CEASA-AL Maceió(AL),AL,3.6,2026-07-15
Pimentão Verde,1Kg,Hortaliças,CEAGESP São Paulo(SP),SP,5.41,2026-07-15
Pimentão Verde,1Kg,Hortaliças,CEASA-MA São Luís(MA),MA,9.09,2026-07-15
Quiabo,1Kg,Hortaliças,CEAGESP Ribeirão Preto(SP),SP,11.56,2026-07-15
Quiabo,1Kg,Hortaliças,CEASA-PE Recife(PE),PE,10.0,2026-07-15
Quiabo,1Kg,Hortaliças,CEASA-CE Fortaleza(CE),CE,12.0,2026-07-15
Quiabo,1Kg,Hortaliças,CEASA-PR Curitiba(PR),PR,12.0,2026-07-15
Quiabo,1Kg,Hortaliças,CEASA-ES Vitória(ES),ES,10.36,2026-07-15
Quiabo,1Kg,Hortaliças,CEASA-MT Cuiabá(MT),MT,16.36,2026-07-15
Quiabo,1Kg,Hortaliças,CEASAMINAS Belo Horizonte(MG),MG,6.66,2026-07-15
Quiabo,1Kg,Hortaliças,CEASA-RJ Rio de Janeiro(RJ),RJ,7.5,2026-07-15
Quiabo,1Kg,Hortaliças,CEASA-AL Maceió(AL),AL,5.0,2026-07-15
Quiabo,1Kg,Hortaliças,CEAGESP São Paulo(SP),SP,6.99,2026-07-15
Quiabo,1Kg,Hortaliças,CEASA-MA São Luís(MA),MA,20.7,2026-07-15
Repolho,1Kg,Hortaliças,CEAGESP Ribeirão Preto(SP),SP,3.0,2026-07-15
Repolho,1Kg,Hortaliças,CEASA-PE Recife(PE),PE,1.85,2026-07-15
Repolho,1Kg,Hortaliças,CEASA-CE Fortaleza(CE),CE,6.5,2026-07-15
Repolho,1Kg,Hortaliças,CEASA-PR Curitiba(PR),PR,1.8,2026-07-15
Repolho,1Kg,Hortaliças,CEASA-ES Vitória(ES),ES,2.36,2026-07-15
Repolho,1Kg,Hortaliças,CEASA-MT Cuiabá(MT),MT,3.56,2026-07-15
Repolho,1Kg,Hortaliças,CEASAMINAS Belo Horizonte(MG),MG,1.5,2026-07-15
Repolho,1Kg,Hortaliças,CEASA-RJ Rio de Janeiro(RJ),RJ,2.67,2026-07-15
Repolho,1Kg,Hortaliças,CEASA-AL Maceió(AL),AL,2.0,2026-07-15
Repolho,1Kg,Hortaliças,CEAGESP São Paulo(SP),SP,2.26,2026-07-15
Repolho,1Kg,Hortaliças,CEASA-MA São Luís(MA),MA,8.45,2026-07-15
Tomate,1Kg,Hortaliças,CEAGESP Ribeirão Preto(SP),SP,6.5,2026-07-15
Tomate,1Kg,Hortaliças,CEASA-PE Recife(PE),PE,1.92,2026-07-15
Tomate,1Kg,Hortaliças,CEASA-CE Fortaleza(CE),CE,4.4,2026-07-15
Tomate,1Kg,Hortaliças,CEASA-PR Curitiba(PR),PR,4.5,2026-07-15
Tomate,1Kg,Hortaliças,CEASA-ES Vitória(ES),ES,3.21,2026-07-15
Tomate,1Kg,Hortaliças,CEASA-MT Cuiabá(MT),MT,5.79,2026-07-15
Tomate,1Kg,Hortaliças,CEASAMINAS Belo Horizonte(MG),MG,3.0,2026-07-15
Tomate,1Kg,Hortaliças,CEASA-RJ Rio de Janeiro(RJ),RJ,4.44,2026-07-15
Tomate,1Kg,Hortaliças,CEASA-AL Maceió(AL),AL,2.35,2026-07-15
Tomate,1Kg,Hortaliças,CEAGESP São Paulo(SP),SP,2.79,2026-07-15
Tomate,1Kg,Hortaliças,CEASA-MA São Luís(MA),MA,18.98,2026-07-15
Vagem,1Kg,Hortaliças,CEAGESP Ribeirão Preto(SP),SP,11.67,2026-07-15
Vagem,1Kg,Hortaliças,CEASA-PE Recife(PE),PE,8.0,2026-07-15
Vagem,1Kg,Hortaliças,CEASA-CE Fortaleza(CE),CE,5.0,2026-07-15
Vagem,1Kg,Hortaliças,CEASA-PR Curitiba(PR),PR,8.0,2026-07-15
Vagem,1Kg,Hortaliças,CEASA-ES Vitória(ES),ES,5.23,2026-07-15
Vagem,1Kg,Hortaliças,CEASA-MT Cuiabá(MT),MT,11.82,2026-07-15
Vagem,1Kg,Hortaliças,CEASAMINAS Belo Horizonte(MG),MG,3.07,2026-07-15
Vagem,1Kg,Hortaliças,CEASA-RJ Rio de Janeiro(RJ),RJ,7.0,2026-07-15
Vagem,1Kg,Hortaliças,CEASA-AL Maceió(AL),AL,6.0,2026-07-15
Vagem,1Kg,Hortaliças,CEAGESP São Paulo(SP),SP,6.34,2026-07-15
Vagem,1Kg,Hortaliças,CEASA-MA São Luís(MA),MA,12.11,2026-07-15
Abóbora,1Kg,Hortaliças,CEAGESP Ribeirão Preto(SP),SP,2.9,2026-07-14
Abóbora,1Kg,Hortaliças,CEASA-PB Patos(PB),PB,3.5,2026-07-14
Abóbora,1Kg,Hortaliças,CEASA-SC Florianópolis(SC),SC,2.75,2026-07-14
Abóbora,1Kg,Hortaliças,CEASA-PE Recife(PE),PE,2.8,2026-07-14
Abóbora,1Kg,Hortaliças,CEASA-MS Campo Grande(MS),MS,4.5,2026-07-14
Abóbora,1Kg,Hortaliças,CEASA-RJ Rio de Janeiro(RJ),RJ,2.5,2026-07-14
Abóbora,1Kg,Hortaliças,CEASA-CE Fortaleza(CE),CE,3.65,2026-07-14
Abóbora,1Kg,Hortaliças,CEASA-CE Tianguá(CE),CE,3.1,2026-07-14
Abóbora,1Kg,Hortaliças,CEASA-PR Curitiba(PR),PR,2.5,2026-07-14
Abóbora,1Kg,Hortaliças,CEASA-AL Maceió(AL),AL,2.0,2026-07-14
Abóbora,1Kg,Hortaliças,CEASA-ES Vitória(ES),ES,2.34,2026-07-14
Abóbora,1Kg,Hortaliças,CEASA-RN Natal(RN),RN,2.0,2026-07-14
Abóbora,1Kg,Hortaliças,AMA-BA Juazeiro(BA),BA,2.0,2026-07-14
Abóbora,1Kg,Hortaliças,CEASA-MA São Luís(MA),MA,3.13,2026-07-14
Abóbora,1Kg,Hortaliças,CEASA-MT Cuiabá(MT),MT,2.89,2026-07-14
Abóbora,1Kg,Hortaliças,CEASAMINAS Barbacena(MG),MG,2.25,2026-07-14
Abóbora,1Kg,Hortaliças,CEASA-PR Cascavel(PR),PR,2.8,2026-07-14
Abobrinha,1Kg,Hortaliças,CEAGESP Ribeirão Preto(SP),SP,3.68,2026-07-14
Abobrinha,1Kg,Hortaliças,CEASA-PB Patos(PB),PB,4.33,2026-07-14
Abobrinha,1Kg,Hortaliças,CEASA-SC Florianópolis(SC),SC,3.33,2026-07-14
Abobrinha,1Kg,Hortaliças,CEASA-PE Recife(PE),PE,3.0,2026-07-14
Abobrinha,1Kg,Hortaliças,CEASA-MS Campo Grande(MS),MS,7.0,2026-07-14
Abobrinha,1Kg,Hortaliças,CEASA-RJ Rio de Janeiro(RJ),RJ,2.19,2026-07-14
Abobrinha,1Kg,Hortaliças,CEASA-CE Fortaleza(CE),CE,3.5,2026-07-14
Abobrinha,1Kg,Hortaliças,CEASA-CE Tianguá(CE),CE,1.5,2026-07-14
Abobrinha,1Kg,Hortaliças,CEASA-PR Curitiba(PR),PR,4.0,2026-07-14
Abobrinha,1Kg,Hortaliças,CEASA-AL Maceió(AL),AL,3.0,2026-07-14
Abobrinha,1Kg,Hortaliças,CEASA-ES Vitória(ES),ES,2.43,2026-07-14
Abobrinha,1Kg,Hortaliças,CEASA-RN Natal(RN),RN,2.5,2026-07-14
Abobrinha,1Kg,Hortaliças,AMA-BA Juazeiro(BA),BA,3.33,2026-07-14
Abobrinha,1Kg,Hortaliças,CEASA-MA São Luís(MA),MA,3.05,2026-07-14
Abobrinha,1Kg,Hortaliças,CEASA-MT Cuiabá(MT),MT,4.71,2026-07-14
Abobrinha,1Kg,Hortaliças,CEASAMINAS Barbacena(MG),MG,3.88,2026-07-14
Abobrinha,1Kg,Hortaliças,CEASA-PR Cascavel(PR),PR,4.5,2026-07-14
Alface,1Dz,Hortaliças,CEAGESP Ribeirão Preto(SP),SP,26.8,2026-07-14
Alface,1Dz,Hortaliças,CEASA-PB Patos(PB),PB,24.0,2026-07-14
Alface,1Dz,Hortaliças,CEASA-SC Florianópolis(SC),SC,21.6,2026-07-14
Alface,1Dz,Hortaliças,CEASA-PE Recife(PE),PE,12.0,2026-07-14
Alface,1Dz,Hortaliças,CEASA-MS Campo Grande(MS),MS,5.7,2026-07-14
Alface,1Dz,Hortaliças,CEASA-RJ Rio de Janeiro(RJ),RJ,20.0,2026-07-14
Alface,1Dz,Hortaliças,CEASA-CE Fortaleza(CE),CE,36.0,2026-07-14
Alface,1Dz,Hortaliças,CEASA-CE Tianguá(CE),CE,21.6,2026-07-14
Alface,1Dz,Hortaliças,CEASA-PR Curitiba(PR),PR,40.0,2026-07-14
Alface,1Dz,Hortaliças,CEASA-AL Maceió(AL),AL,18.0,2026-07-14
Alface,1Dz,Hortaliças,CEASA-ES Vitória(ES),ES,17.78,2026-07-14
Alface,1Dz,Hortaliças,CEASA-RN Natal(RN),RN,20.4,2026-07-14
Alface,1Dz,Hortaliças,AMA-BA Juazeiro(BA),BA,10.0,2026-07-14
Alface,1Dz,Hortaliças,CEASA-MA São Luís(MA),MA,26.18,2026-07-14
Alface,1Dz,Hortaliças,CEASA-MT Cuiabá(MT),MT,30.0,2026-07-14
Alface,1Dz,Hortaliças,CEASAMINAS Barbacena(MG),MG,15.0,2026-07-14
Alface,1Dz,Hortaliças,CEASA-PR Cascavel(PR),PR,48.0,2026-07-14
Berinjela,1Kg,Hortaliças,CEAGESP Ribeirão Preto(SP),SP,4.44,2026-07-14
Berinjela,1Kg,Hortaliças,CEASA-PB Patos(PB),PB,3.83,2026-07-14
Berinjela,1Kg,Hortaliças,CEASA-SC Florianópolis(SC),SC,5.0,2026-07-14
Berinjela,1Kg,Hortaliças,CEASA-PE Recife(PE),PE,3.0,2026-07-14
Berinjela,1Kg,Hortaliças,CEASA-MS Campo Grande(MS),MS,3.35,2026-07-14
Berinjela,1Kg,Hortaliças,CEASA-RJ Rio de Janeiro(RJ),RJ,3.0,2026-07-14
Berinjela,1Kg,Hortaliças,CEASA-CE Fortaleza(CE),CE,3.1,2026-07-14
Berinjela,1Kg,Hortaliças,CEASA-CE Tianguá(CE),CE,1.92,2026-07-14
Berinjela,1Kg,Hortaliças,CEASA-PR Curitiba(PR),PR,5.0,2026-07-14
Berinjela,1Kg,Hortaliças,CEASA-AL Maceió(AL),AL,3.0,2026-07-14
Berinjela,1Kg,Hortaliças,CEASA-ES Vitória(ES),ES,2.9,2026-07-14
Berinjela,1Kg,Hortaliças,CEASA-RN Natal(RN),RN,5.0,2026-07-14
Berinjela,1Kg,Hortaliças,AMA-BA Juazeiro(BA),BA,4.29,2026-07-14
Berinjela,1Kg,Hortaliças,CEASA-MA São Luís(MA),MA,5.63,2026-07-14
Berinjela,1Kg,Hortaliças,CEASA-MT Cuiabá(MT),MT,3.64,2026-07-14
Berinjela,1Kg,Hortaliças,CEASAMINAS Barbacena(MG),MG,2.08,2026-07-14
Berinjela,1Kg,Hortaliças,CEASA-PR Cascavel(PR),PR,6.0,2026-07-14
Beterraba,1Kg,Hortaliças,CEAGESP Ribeirão Preto(SP),SP,2.5,2026-07-14
Beterraba,1Kg,Hortaliças,CEASA-PB Patos(PB),PB,2.5,2026-07-14
Beterraba,1Kg,Hortaliças,CEASA-SC Florianópolis(SC),SC,3.0,2026-07-14
Beterraba,1Kg,Hortaliças,CEASA-PE Recife(PE),PE,3.0,2026-07-14
Beterraba,1Kg,Hortaliças,CEASA-MS Campo Grande(MS),MS,3.4,2026-07-14
Beterraba,1Kg,Hortaliças,CEASA-RJ Rio de Janeiro(RJ),RJ,2.75,2026-07-14
Beterraba,1Kg,Hortaliças,CEASA-CE Fortaleza(CE),CE,4.25,2026-07-14
Beterraba,1Kg,Hortaliças,CEASA-CE Tianguá(CE),CE,3.75,2026-07-14
Beterraba,1Kg,Hortaliças,CEASA-PR Curitiba(PR),PR,2.25,2026-07-14
Beterraba,1Kg,Hortaliças,CEASA-AL Maceió(AL),AL,3.5,2026-07-14
Beterraba,1Kg,Hortaliças,CEASA-ES Vitória(ES),ES,3.02,2026-07-14
Beterraba,1Kg,Hortaliças,CEASA-RN Natal(RN),RN,3.25,2026-07-14
Beterraba,1Kg,Hortaliças,AMA-BA Juazeiro(BA),BA,2.38,2026-07-14
Beterraba,1Kg,Hortaliças,CEASA-MA São Luís(MA),MA,6.7,2026-07-14
Beterraba,1Kg,Hortaliças,CEASA-MT Cuiabá(MT),MT,4.21,2026-07-14
Beterraba,1Kg,Hortaliças,CEASAMINAS Barbacena(MG),MG,3.94,2026-07-14
Beterraba,1Kg,Hortaliças,CEASA-PR Cascavel(PR),PR,3.6,2026-07-14
Brócolis,1Kg,Hortaliças,CEAGESP Ribeirão Preto(SP),SP,3.33,2026-07-14
Brócolis,1Kg,Hortaliças,CEASA-PB Patos(PB),PB,7.0,2026-07-14
Brócolis,1Kg,Hortaliças,CEASA-SC Florianópolis(SC),SC,5.0,2026-07-14
Brócolis,1Kg,Hortaliças,CEASA-PE Recife(PE),PE,8.57,2026-07-14
Brócolis,1Kg,Hortaliças,CEASA-MS Campo Grande(MS),MS,4.0,2026-07-14
Brócolis,1Kg,Hortaliças,CEASA-RJ Rio de Janeiro(RJ),RJ,5.0,2026-07-14
Brócolis,1Kg,Hortaliças,CEASA-CE Fortaleza(CE),CE,18.0,2026-07-14
Brócolis,1Kg,Hortaliças,CEASA-CE Tianguá(CE),CE,3.5,2026-07-14
Brócolis,1Kg,Hortaliças,CEASA-PR Curitiba(PR),PR,5.83,2026-07-14
Brócolis,1Kg,Hortaliças,CEASA-AL Maceió(AL),AL,27.0,2026-07-14
Brócolis,1Kg,Hortaliças,CEASA-ES Vitória(ES),ES,5.26,2026-07-14
Brócolis,1Kg,Hortaliças,CEASA-RN Natal(RN),RN,26.0,2026-07-14
Brócolis,1Kg,Hortaliças,CEASA-MA São Luís(MA),MA,9.94,2026-07-14
Brócolis,1Kg,Hortaliças,CEASA-MT Cuiabá(MT),MT,21.82,2026-07-14
Brócolis,1Kg,Hortaliças,CEASAMINAS Barbacena(MG),MG,4.2,2026-07-14
Brócolis,1Kg,Hortaliças,CEASA-PR Cascavel(PR),PR,16.0,2026-07-14
Cenoura,1Kg,Hortaliças,CEAGESP Ribeirão Preto(SP),SP,5.75,2026-07-14
Cenoura,1Kg,Hortaliças,CEASA-PB Patos(PB),PB,4.0,2026-07-14
Cenoura,1Kg,Hortaliças,CEASA-SC Florianópolis(SC),SC,4.75,2026-07-14
Cenoura,1Kg,Hortaliças,CEASA-PE Recife(PE),PE,6.0,2026-07-14
Cenoura,1Kg,Hortaliças,CEASA-MS Campo Grande(MS),MS,4.8,2026-07-14
Cenoura,1Kg,Hortaliças,CEASA-RJ Rio de Janeiro(RJ),RJ,5.0,2026-07-14
Cenoura,1Kg,Hortaliças,CEASA-CE Fortaleza(CE),CE,6.5,2026-07-14
Cenoura,1Kg,Hortaliças,CEASA-CE Tianguá(CE),CE,5.75,2026-07-14
Cenoura,1Kg,Hortaliças,CEASA-PR Curitiba(PR),PR,4.0,2026-07-14
Cenoura,1Kg,Hortaliças,CEASA-AL Maceió(AL),AL,6.0,2026-07-14
Cenoura,1Kg,Hortaliças,CEASA-ES Vitória(ES),ES,4.7,2026-07-14
Cenoura,1Kg,Hortaliças,CEASA-RN Natal(RN),RN,5.5,2026-07-14
Cenoura,1Kg,Hortaliças,AMA-BA Juazeiro(BA),BA,5.0,2026-07-14
Cenoura,1Kg,Hortaliças,CEASA-MA São Luís(MA),MA,8.5,2026-07-14
Cenoura,1Kg,Hortaliças,CEASA-MT Cuiabá(MT),MT,6.15,2026-07-14
Cenoura,1Kg,Hortaliças,CEASAMINAS Barbacena(MG),MG,4.5,2026-07-14
Cenoura,1Kg,Hortaliças,CEASA-PR Cascavel(PR),PR,5.5,2026-07-14
Chuchu,1Kg,Hortaliças,CEAGESP Ribeirão Preto(SP),SP,4.5,2026-07-14
Chuchu,1Kg,Hortaliças,CEASA-PB Patos(PB),PB,3.11,2026-07-14
Chuchu,1Kg,Hortaliças,CEASA-SC Florianópolis(SC),SC,2.5,2026-07-14
Chuchu,1Kg,Hortaliças,CEASA-PE Recife(PE),PE,1.0,2026-07-14
Chuchu,1Kg,Hortaliças,CEASA-MS Campo Grande(MS),MS,3.25,2026-07-14
Chuchu,1Kg,Hortaliças,CEASA-RJ Rio de Janeiro(RJ),RJ,0.83,2026-07-14
Chuchu,1Kg,Hortaliças,CEASA-CE Fortaleza(CE),CE,2.7,2026-07-14
Chuchu,1Kg,Hortaliças,CEASA-CE Tianguá(CE),CE,2.0,2026-07-14
Chuchu,1Kg,Hortaliças,CEASA-PR Curitiba(PR),PR,1.5,2026-07-14
Chuchu,1Kg,Hortaliças,CEASA-AL Maceió(AL),AL,2.0,2026-07-14
Chuchu,1Kg,Hortaliças,CEASA-ES Vitória(ES),ES,1.11,2026-07-14
Chuchu,1Kg,Hortaliças,CEASA-RN Natal(RN),RN,3.3,2026-07-14
Chuchu,1Kg,Hortaliças,AMA-BA Juazeiro(BA),BA,4.0,2026-07-14
Chuchu,1Kg,Hortaliças,CEASA-MA São Luís(MA),MA,5.05,2026-07-14
Chuchu,1Kg,Hortaliças,CEASA-MT Cuiabá(MT),MT,5.64,2026-07-14
Chuchu,1Kg,Hortaliças,CEASAMINAS Barbacena(MG),MG,2.63,2026-07-14
Chuchu,1Kg,Hortaliças,CEASA-PR Cascavel(PR),PR,3.2,2026-07-14
Couve,1Kg,Hortaliças,CEAGESP Ribeirão Preto(SP),SP,6.0,2026-07-14
Couve,1Kg,Hortaliças,CEASA-PB Patos(PB),PB,9.33,2026-07-14
Couve,1Kg,Hortaliças,CEASA-SC Florianópolis(SC),SC,6.0,2026-07-14
Couve,1Kg,Hortaliças,CEASA-PE Recife(PE),PE,8.0,2026-07-14
Couve,1Kg,Hortaliças,CEASA-MS Campo Grande(MS),MS,2.5,2026-07-14
Couve,1Kg,Hortaliças,CEASA-RJ Rio de Janeiro(RJ),RJ,7.0,2026-07-14
Couve,1Kg,Hortaliças,CEASA-CE Tianguá(CE),CE,2.0,2026-07-14
Couve,1Kg,Hortaliças,CEASA-PR Curitiba(PR),PR,6.25,2026-07-14
Couve,1Kg,Hortaliças,CEASA-AL Maceió(AL),AL,5.0,2026-07-14
Couve,1Kg,Hortaliças,CEASA-ES Vitória(ES),ES,4.55,2026-07-14
Couve,1Kg,Hortaliças,CEASA-RN Natal(RN),RN,18.0,2026-07-14
Couve,1Kg,Hortaliças,AMA-BA Juazeiro(BA),BA,5.0,2026-07-14
Couve,1Kg,Hortaliças,CEASA-MA São Luís(MA),MA,25.36,2026-07-14
Couve,1Kg,Hortaliças,CEASA-MT Cuiabá(MT),MT,16.0,2026-07-14
Couve,1Kg,Hortaliças,CEASAMINAS Barbacena(MG),MG,11.76,2026-07-14
Couve,1Kg,Hortaliças,CEASA-PR Cascavel(PR),PR,8.0,2026-07-14
Couve-Flor,1Un,Hortaliças,CEAGESP Ribeirão Preto(SP),SP,6.88,2026-07-14
Couve-Flor,1Un,Hortaliças,CEASA-PB Patos(PB),PB,9.33,2026-07-14
Couve-Flor,1Un,Hortaliças,CEASA-SC Florianópolis(SC),SC,3.0,2026-07-14
Couve-Flor,1Un,Hortaliças,CEASA-PE Recife(PE),PE,7.0,2026-07-14
Couve-Flor,1Un,Hortaliças,CEASA-MS Campo Grande(MS),MS,5.5,2026-07-14
Couve-Flor,1Un,Hortaliças,CEASA-RJ Rio de Janeiro(RJ),RJ,2.19,2026-07-14
Couve-Flor,1Un,Hortaliças,CEASA-CE Fortaleza(CE),CE,2.25,2026-07-14
Couve-Flor,1Un,Hortaliças,CEASA-CE Tianguá(CE),CE,3.5,2026-07-14
Couve-Flor,1Un,Hortaliças,CEASA-PR Curitiba(PR),PR,3.75,2026-07-14
Couve-Flor,1Un,Hortaliças,CEASA-AL Maceió(AL),AL,9.0,2026-07-14
Couve-Flor,1Un,Hortaliças,CEASA-ES Vitória(ES),ES,3.0,2026-07-14
Couve-Flor,1Un,Hortaliças,CEASA-RN Natal(RN),RN,10.5,2026-07-14
Couve-Flor,1Un,Hortaliças,CEASA-MA São Luís(MA),MA,9.95,2026-07-14
Couve-Flor,1Un,Hortaliças,CEASA-MT Cuiabá(MT),MT,8.0,2026-07-14
Couve-Flor,1Un,Hortaliças,CEASAMINAS Barbacena(MG),MG,3.13,2026-07-14
Couve-Flor,1Un,Hortaliças,CEASA-PR Cascavel(PR),PR,8.0,2026-07-14
Pepino,1Kg,Hortaliças,CEAGESP Ribeirão Preto(SP),SP,5.73,2026-07-14
Pepino,1Kg,Hortaliças,CEASA-PB Patos(PB),PB,3.33,2026-07-14
Pepino,1Kg,Hortaliças,CEASA-SC Florianópolis(SC),SC,6.5,2026-07-14
Pepino,1Kg,Hortaliças,CEASA-PE Recife(PE),PE,1.67,2026-07-14
Pepino,1Kg,Hortaliças,CEASA-MS Campo Grande(MS),MS,3.7,2026-07-14
Pepino,1Kg,Hortaliças,CEASA-RJ Rio de Janeiro(RJ),RJ,1.76,2026-07-14
Pepino,1Kg,Hortaliças,CEASA-CE Fortaleza(CE),CE,2.0,2026-07-14
Pepino,1Kg,Hortaliças,CEASA-CE Tianguá(CE),CE,0.8,2026-07-14
Pepino,1Kg,Hortaliças,CEASA-PR Curitiba(PR),PR,3.0,2026-07-14
Pepino,1Kg,Hortaliças,CEASA-AL Maceió(AL),AL,2.5,2026-07-14
Pepino,1Kg,Hortaliças,CEASA-ES Vitória(ES),ES,2.29,2026-07-14
Pepino,1Kg,Hortaliças,CEASA-RN Natal(RN),RN,4.5,2026-07-14
Pepino,1Kg,Hortaliças,AMA-BA Juazeiro(BA),BA,3.5,2026-07-14
Pepino,1Kg,Hortaliças,CEASA-MA São Luís(MA),MA,3.8,2026-07-14
Pepino,1Kg,Hortaliças,CEASA-MT Cuiabá(MT),MT,4.1,2026-07-14
Pepino,1Kg,Hortaliças,CEASAMINAS Barbacena(MG),MG,3.68,2026-07-14
Pepino,1Kg,Hortaliças,CEASA-PR Cascavel(PR),PR,3.9,2026-07-14
Pimentão Verde,1Kg,Hortaliças,CEAGESP Ribeirão Preto(SP),SP,6.0,2026-07-14
Pimentão Verde,1Kg,Hortaliças,CEASA-PB Patos(PB),PB,3.31,2026-07-14
Pimentão Verde,1Kg,Hortaliças,CEASA-SC Florianópolis(SC),SC,8.0,2026-07-14
Pimentão Verde,1Kg,Hortaliças,CEASA-PE Recife(PE),PE,4.3,2026-07-14
Pimentão Verde,1Kg,Hortaliças,CEASA-MS Campo Grande(MS),MS,6.65,2026-07-14
Pimentão Verde,1Kg,Hortaliças,CEASA-RJ Rio de Janeiro(RJ),RJ,6.0,2026-07-14
Pimentão Verde,1Kg,Hortaliças,CEASA-CE Fortaleza(CE),CE,5.0,2026-07-14
Pimentão Verde,1Kg,Hortaliças,CEASA-CE Tianguá(CE),CE,2.5,2026-07-14
Pimentão Verde,1Kg,Hortaliças,CEASA-PR Curitiba(PR),PR,7.5,2026-07-14
Pimentão Verde,1Kg,Hortaliças,CEASA-AL Maceió(AL),AL,3.6,2026-07-14
Pimentão Verde,1Kg,Hortaliças,CEASA-ES Vitória(ES),ES,6.04,2026-07-14
Pimentão Verde,1Kg,Hortaliças,CEASA-RN Natal(RN),RN,4.62,2026-07-14
Pimentão Verde,1Kg,Hortaliças,AMA-BA Juazeiro(BA),BA,2.71,2026-07-14
Pimentão Verde,1Kg,Hortaliças,CEASA-MA São Luís(MA),MA,9.09,2026-07-14
Pimentão Verde,1Kg,Hortaliças,CEASA-MT Cuiabá(MT),MT,9.47,2026-07-14
Pimentão Verde,1Kg,Hortaliças,CEASAMINAS Barbacena(MG),MG,8.89,2026-07-14
Pimentão Verde,1Kg,Hortaliças,CEASA-PR Cascavel(PR),PR,9.5,2026-07-14
Quiabo,1Kg,Hortaliças,CEAGESP Ribeirão Preto(SP),SP,11.56,2026-07-14
Quiabo,1Kg,Hortaliças,CEASA-PB Patos(PB),PB,6.5,2026-07-14
Quiabo,1Kg,Hortaliças,CEASA-SC Florianópolis(SC),SC,18.0,2026-07-14
Quiabo,1Kg,Hortaliças,CEASA-PE Recife(PE),PE,10.0,2026-07-14
Quiabo,1Kg,Hortaliças,CEASA-MS Campo Grande(MS),MS,11.35,2026-07-14
Quiabo,1Kg,Hortaliças,CEASA-RJ Rio de Janeiro(RJ),RJ,7.5,2026-07-14
Quiabo,1Kg,Hortaliças,CEASA-CE Fortaleza(CE),CE,15.0,2026-07-14
Quiabo,1Kg,Hortaliças,CEASA-CE Tianguá(CE),CE,6.0,2026-07-14
Quiabo,1Kg,Hortaliças,CEASA-PR Curitiba(PR),PR,12.0,2026-07-14
Quiabo,1Kg,Hortaliças,CEASA-AL Maceió(AL),AL,5.0,2026-07-14
Quiabo,1Kg,Hortaliças,CEASA-ES Vitória(ES),ES,9.09,2026-07-14
Quiabo,1Kg,Hortaliças,CEASA-RN Natal(RN),RN,8.0,2026-07-14
Quiabo,1Kg,Hortaliças,AMA-BA Juazeiro(BA),BA,6.5,2026-07-14
Quiabo,1Kg,Hortaliças,CEASA-MA São Luís(MA),MA,20.7,2026-07-14
Quiabo,1Kg,Hortaliças,CEASA-MT Cuiabá(MT),MT,16.36,2026-07-14
Quiabo,1Kg,Hortaliças,CEASAMINAS Barbacena(MG),MG,7.5,2026-07-14
Quiabo,1Kg,Hortaliças,CEASA-PR Cascavel(PR),PR,17.0,2026-07-14
Repolho,1Kg,Hortaliças,CEAGESP Ribeirão Preto(SP),SP,3.0,2026-07-14
Repolho,1Kg,Hortaliças,CEASA-PB Patos(PB),PB,4.5,2026-07-14
Repolho,1Kg,Hortaliças,CEASA-SC Florianópolis(SC),SC,1.4,2026-07-14
Repolho,1Kg,Hortaliças,CEASA-PE Recife(PE),PE,1.85,2026-07-14
Repolho,1Kg,Hortaliças,CEASA-MS Campo Grande(MS),MS,2.5,2026-07-14
Repolho,1Kg,Hortaliças,CEASA-RJ Rio de Janeiro(RJ),RJ,2.33,2026-07-14
Repolho,1Kg,Hortaliças,CEASA-CE Fortaleza(CE),CE,7.75,2026-07-14
Repolho,1Kg,Hortaliças,CEASA-CE Tianguá(CE),CE,7.5,2026-07-14
Repolho,1Kg,Hortaliças,CEASA-PR Curitiba(PR),PR,1.8,2026-07-14
Repolho,1Kg,Hortaliças,CEASA-AL Maceió(AL),AL,2.0,2026-07-14
Repolho,1Kg,Hortaliças,CEASA-ES Vitória(ES),ES,2.54,2026-07-14
Repolho,1Kg,Hortaliças,CEASA-RN Natal(RN),RN,5.0,2026-07-14
Repolho,1Kg,Hortaliças,AMA-BA Juazeiro(BA),BA,5.0,2026-07-14
Repolho,1Kg,Hortaliças,CEASA-MA São Luís(MA),MA,8.45,2026-07-14
Repolho,1Kg,Hortaliças,CEASA-MT Cuiabá(MT),MT,3.56,2026-07-14
Repolho,1Kg,Hortaliças,CEASAMINAS Barbacena(MG),MG,2.17,2026-07-14
Repolho,1Kg,Hortaliças,CEASA-PR Cascavel(PR),PR,3.6,2026-07-14
Tomate,1Kg,Hortaliças,CEAGESP Ribeirão Preto(SP),SP,6.5,2026-07-14
Tomate,1Kg,Hortaliças,CEASA-PB Patos(PB),PB,2.5,2026-07-14
Tomate,1Kg,Hortaliças,CEASA-SC Florianópolis(SC),SC,4.5,2026-07-14
Tomate,1Kg,Hortaliças,CEASA-PE Recife(PE),PE,1.92,2026-07-14
Tomate,1Kg,Hortaliças,CEASA-MS Campo Grande(MS),MS,4.4,2026-07-14
Tomate,1Kg,Hortaliças,CEASA-RJ Rio de Janeiro(RJ),RJ,4.44,2026-07-14
Tomate,1Kg,Hortaliças,CEASA-CE Fortaleza(CE),CE,4.4,2026-07-14
Tomate,1Kg,Hortaliças,CEASA-CE Tianguá(CE),CE,2.8,2026-07-14
Tomate,1Kg,Hortaliças,CEASA-PR Curitiba(PR),PR,4.5,2026-07-14
Tomate,1Kg,Hortaliças,CEASA-AL Maceió(AL),AL,2.35,2026-07-14
Tomate,1Kg,Hortaliças,CEASA-ES Vitória(ES),ES,3.56,2026-07-14
Tomate,1Kg,Hortaliças,CEASA-RN Natal(RN),RN,2.33,2026-07-14
Tomate,1Kg,Hortaliças,AMA-BA Juazeiro(BA),BA,1.44,2026-07-14
Tomate,1Kg,Hortaliças,CEASA-MA São Luís(MA),MA,18.98,2026-07-14
Tomate,1Kg,Hortaliças,CEASA-MT Cuiabá(MT),MT,5.79,2026-07-14
Tomate,1Kg,Hortaliças,CEASAMINAS Barbacena(MG),MG,3.0,2026-07-14
Tomate,1Kg,Hortaliças,CEASA-PR Cascavel(PR),PR,4.0,2026-07-14
Vagem,1Kg,Hortaliças,CEAGESP Ribeirão Preto(SP),SP,11.67,2026-07-14
Vagem,1Kg,Hortaliças,CEASA-PB Patos(PB),PB,11.67,2026-07-14
Vagem,1Kg,Hortaliças,CEASA-SC Florianópolis(SC),SC,12.0,2026-07-14
Vagem,1Kg,Hortaliças,CEASA-PE Recife(PE),PE,8.0,2026-07-14
Vagem,1Kg,Hortaliças,CEASA-MS Campo Grande(MS),MS,10.65,2026-07-14
Vagem,1Kg,Hortaliças,CEASA-RJ Rio de Janeiro(RJ),RJ,6.0,2026-07-14
Vagem,1Kg,Hortaliças,CEASA-CE Fortaleza(CE),CE,5.0,2026-07-14
Vagem,1Kg,Hortaliças,CEASA-CE Tianguá(CE),CE,7.0,2026-07-14
Vagem,1Kg,Hortaliças,CEASA-PR Curitiba(PR),PR,8.0,2026-07-14
Vagem,1Kg,Hortaliças,CEASA-AL Maceió(AL),AL,6.0,2026-07-14
Vagem,1Kg,Hortaliças,CEASA-ES Vitória(ES),ES,5.27,2026-07-14
Vagem,1Kg,Hortaliças,CEASA-RN Natal(RN),RN,10.0,2026-07-14
Vagem,1Kg,Hortaliças,AMA-BA Juazeiro(BA),BA,9.0,2026-07-14
Vagem,1Kg,Hortaliças,CEASA-MA São Luís(MA),MA,12.11,2026-07-14
Vagem,1Kg,Hortaliças,CEASA-MT Cuiabá(MT),MT,11.82,2026-07-14
Vagem,1Kg,Hortaliças,CEASAMINAS Barbacena(MG),MG,5.38,2026-07-14
Vagem,1Kg,Hortaliças,CEASA-PR Cascavel(PR),PR,15.0,2026-07-14
Abóbora,1Kg,Hortaliças,CEAGESP Ribeirão Preto(SP),SP,2.9,2026-07-13
Abóbora,1Kg,Hortaliças,CEASA-PE Recife(PE),PE,2.8,2026-07-13
Abóbora,1Kg,Hortaliças,CEASA-PE Caruaru(PE),PE,3.0,2026-07-13
Abóbora,1Kg,Hortaliças,CEASA-CE Fortaleza(CE),CE,3.65,2026-07-13
Abóbora,1Kg,Hortaliças,CEASA-PR Curitiba(PR),PR,2.5,2026-07-13
Abóbora,1Kg,Hortaliças,CEASA-AL Maceió(AL),AL,2.0,2026-07-13
Abóbora,1Kg,Hortaliças,CEASA-ES Vitória(ES),ES,2.28,2026-07-13
Abóbora,1Kg,Hortaliças,CEASA-MA São Luís(MA),MA,3.13,2026-07-13
Abóbora,1Kg,Hortaliças,CEASA-MT Cuiabá(MT),MT,2.89,2026-07-13
Abóbora,1Kg,Hortaliças,CEASAMINAS Belo Horizonte(MG),MG,2.0,2026-07-13
Abóbora,1Kg,Hortaliças,CEASA-RJ Rio de Janeiro(RJ),RJ,2.5,2026-07-13
Abóbora,1Kg,Hortaliças,CEAGESP Bauru(SP),SP,3.0,2026-07-13
Abóbora,1Kg,Hortaliças,CEAGESP Presidente Prudente(SP),SP,1.75,2026-07-13
Abóbora,1Kg,Hortaliças,AMA-BA Juazeiro(BA),BA,2.0,2026-07-13
Abóbora,1Kg,Hortaliças,CEAGESP São Paulo(SP),SP,3.15,2026-07-13
Abóbora,1Kg,Hortaliças,CEASA-PR Cascavel(PR),PR,3.0,2026-07-13
Abobrinha,1Kg,Hortaliças,CEAGESP Ribeirão Preto(SP),SP,3.68,2026-07-13
Abobrinha,1Kg,Hortaliças,CEASA-PE Recife(PE),PE,3.0,2026-07-13
Abobrinha,1Kg,Hortaliças,CEASA-PE Caruaru(PE),PE,3.0,2026-07-13
Abobrinha,1Kg,Hortaliças,CEASA-CE Fortaleza(CE),CE,4.0,2026-07-13
Abobrinha,1Kg,Hortaliças,CEASA-PR Curitiba(PR),PR,4.0,2026-07-13
Abobrinha,1Kg,Hortaliças,CEASA-AL Maceió(AL),AL,3.0,2026-07-13
Abobrinha,1Kg,Hortaliças,CEASA-ES Vitória(ES),ES,3.05,2026-07-13
Abobrinha,1Kg,Hortaliças,CEASA-MA São Luís(MA),MA,3.05,2026-07-13
Abobrinha,1Kg,Hortaliças,CEASA-MT Cuiabá(MT),MT,4.71,2026-07-13
Abobrinha,1Kg,Hortaliças,CEASAMINAS Belo Horizonte(MG),MG,3.05,2026-07-13
Abobrinha,1Kg,Hortaliças,CEASA-RJ Rio de Janeiro(RJ),RJ,2.19,2026-07-13
Abobrinha,1Kg,Hortaliças,CEAGESP Bauru(SP),SP,5.3,2026-07-13
Abobrinha,1Kg,Hortaliças,CEAGESP Presidente Prudente(SP),SP,5.5,2026-07-13
Abobrinha,1Kg,Hortaliças,AMA-BA Juazeiro(BA),BA,3.33,2026-07-13
Abobrinha,1Kg,Hortaliças,CEAGESP São Paulo(SP),SP,2.06,2026-07-13
Abobrinha,1Kg,Hortaliças,CEASA-PR Cascavel(PR),PR,4.5,2026-07-13
Alface,1Dz,Hortaliças,CEAGESP Ribeirão Preto(SP),SP,26.8,2026-07-13
Alface,1Dz,Hortaliças,CEASA-PE Recife(PE),PE,12.0,2026-07-13
Alface,1Dz,Hortaliças,CEASA-PE Caruaru(PE),PE,1.5,2026-07-13
Alface,1Dz,Hortaliças,CEASA-CE Fortaleza(CE),CE,36.0,2026-07-13
Alface,1Dz,Hortaliças,CEASA-PR Curitiba(PR),PR,40.0,2026-07-13
Alface,1Dz,Hortaliças,CEASA-AL Maceió(AL),AL,18.0,2026-07-13
Alface,1Dz,Hortaliças,CEASA-ES Vitória(ES),ES,15.42,2026-07-13
Alface,1Dz,Hortaliças,CEASA-MA São Luís(MA),MA,26.18,2026-07-13
Alface,1Dz,Hortaliças,CEASA-MT Cuiabá(MT),MT,30.0,2026-07-13
Alface,1Dz,Hortaliças,CEASAMINAS Belo Horizonte(MG),MG,35.0,2026-07-13
Alface,1Dz,Hortaliças,CEASA-RJ Rio de Janeiro(RJ),RJ,20.0,2026-07-13
Alface,1Dz,Hortaliças,CEAGESP Bauru(SP),SP,7.5,2026-07-13
Alface,1Dz,Hortaliças,CEAGESP Presidente Prudente(SP),SP,40.0,2026-07-13
Alface,1Dz,Hortaliças,AMA-BA Juazeiro(BA),BA,10.0,2026-07-13
Alface,1Dz,Hortaliças,CEAGESP São Paulo(SP),SP,26.64,2026-07-13
Alface,1Dz,Hortaliças,CEASA-PR Cascavel(PR),PR,48.0,2026-07-13
Berinjela,1Kg,Hortaliças,CEAGESP Ribeirão Preto(SP),SP,4.44,2026-07-13
Berinjela,1Kg,Hortaliças,CEASA-PE Recife(PE),PE,3.0,2026-07-13
Berinjela,1Kg,Hortaliças,CEASA-PE Caruaru(PE),PE,3.0,2026-07-13
Berinjela,1Kg,Hortaliças,CEASA-CE Fortaleza(CE),CE,3.1,2026-07-13
Berinjela,1Kg,Hortaliças,CEASA-PR Curitiba(PR),PR,5.0,2026-07-13
Berinjela,1Kg,Hortaliças,CEASA-AL Maceió(AL),AL,3.0,2026-07-13
Berinjela,1Kg,Hortaliças,CEASA-ES Vitória(ES),ES,3.5,2026-07-13
Berinjela,1Kg,Hortaliças,CEASA-MA São Luís(MA),MA,5.63,2026-07-13
Berinjela,1Kg,Hortaliças,CEASA-MT Cuiabá(MT),MT,3.64,2026-07-13
Berinjela,1Kg,Hortaliças,CEASAMINAS Belo Horizonte(MG),MG,2.08,2026-07-13
Berinjela,1Kg,Hortaliças,CEASA-RJ Rio de Janeiro(RJ),RJ,3.0,2026-07-13
Berinjela,1Kg,Hortaliças,CEAGESP Bauru(SP),SP,5.3,2026-07-13
Berinjela,1Kg,Hortaliças,CEAGESP Presidente Prudente(SP),SP,4.28,2026-07-13
Berinjela,1Kg,Hortaliças,AMA-BA Juazeiro(BA),BA,4.29,2026-07-13
Berinjela,1Kg,Hortaliças,CEAGESP São Paulo(SP),SP,2.63,2026-07-13
Berinjela,1Kg,Hortaliças,CEASA-PR Cascavel(PR),PR,6.0,2026-07-13
Beterraba,1Kg,Hortaliças,CEAGESP Ribeirão Preto(SP),SP,2.5,2026-07-13
Beterraba,1Kg,Hortaliças,CEASA-PE Recife(PE),PE,3.0,2026-07-13
Beterraba,1Kg,Hortaliças,CEASA-PE Caruaru(PE),PE,3.0,2026-07-13
Beterraba,1Kg,Hortaliças,CEASA-CE Fortaleza(CE),CE,4.25,2026-07-13
Beterraba,1Kg,Hortaliças,CEASA-PR Curitiba(PR),PR,2.25,2026-07-13
Beterraba,1Kg,Hortaliças,CEASA-AL Maceió(AL),AL,3.5,2026-07-13
Beterraba,1Kg,Hortaliças,CEASA-ES Vitória(ES),ES,3.2,2026-07-13
Beterraba,1Kg,Hortaliças,CEASA-MA São Luís(MA),MA,6.7,2026-07-13
Beterraba,1Kg,Hortaliças,CEASA-MT Cuiabá(MT),MT,4.21,2026-07-13
Beterraba,1Kg,Hortaliças,CEASAMINAS Belo Horizonte(MG),MG,3.42,2026-07-13
Beterraba,1Kg,Hortaliças,CEASA-RJ Rio de Janeiro(RJ),RJ,2.75,2026-07-13
Beterraba,1Kg,Hortaliças,CEAGESP Bauru(SP),SP,3.2,2026-07-13
Beterraba,1Kg,Hortaliças,CEAGESP Presidente Prudente(SP),SP,2.95,2026-07-13
Beterraba,1Kg,Hortaliças,AMA-BA Juazeiro(BA),BA,2.38,2026-07-13
Beterraba,1Kg,Hortaliças,CEAGESP São Paulo(SP),SP,1.8,2026-07-13
Beterraba,1Kg,Hortaliças,CEASA-PR Cascavel(PR),PR,3.8,2026-07-13
Brócolis,1Kg,Hortaliças,CEAGESP Ribeirão Preto(SP),SP,3.33,2026-07-13
Brócolis,1Kg,Hortaliças,CEASA-PE Recife(PE),PE,8.57,2026-07-13
Brócolis,1Kg,Hortaliças,CEASA-PE Caruaru(PE),PE,12.0,2026-07-13
Brócolis,1Kg,Hortaliças,CEASA-CE Fortaleza(CE),CE,20.0,2026-07-13
Brócolis,1Kg,Hortaliças,CEASA-PR Curitiba(PR),PR,5.83,2026-07-13
Brócolis,1Kg,Hortaliças,CEASA-AL Maceió(AL),AL,27.0,2026-07-13
Brócolis,1Kg,Hortaliças,CEASA-ES Vitória(ES),ES,5.26,2026-07-13
Brócolis,1Kg,Hortaliças,CEASA-MA São Luís(MA),MA,9.94,2026-07-13
Brócolis,1Kg,Hortaliças,CEASA-MT Cuiabá(MT),MT,21.82,2026-07-13
Brócolis,1Kg,Hortaliças,CEASAMINAS Belo Horizonte(MG),MG,8.33,2026-07-13
Brócolis,1Kg,Hortaliças,CEASA-RJ Rio de Janeiro(RJ),RJ,6.25,2026-07-13
Brócolis,1Kg,Hortaliças,CEAGESP Bauru(SP),SP,15.8,2026-07-13
Brócolis,1Kg,Hortaliças,CEAGESP Presidente Prudente(SP),SP,4.58,2026-07-13
Brócolis,1Kg,Hortaliças,CEAGESP São Paulo(SP),SP,2.58,2026-07-13
Brócolis,1Kg,Hortaliças,CEASA-PR Cascavel(PR),PR,16.0,2026-07-13
Cenoura,1Kg,Hortaliças,CEAGESP Ribeirão Preto(SP),SP,5.75,2026-07-13
Cenoura,1Kg,Hortaliças,CEASA-PE Recife(PE),PE,6.0,2026-07-13
Cenoura,1Kg,Hortaliças,CEASA-PE Caruaru(PE),PE,5.0,2026-07-13
Cenoura,1Kg,Hortaliças,CEASA-CE Fortaleza(CE),CE,7.25,2026-07-13
Cenoura,1Kg,Hortaliças,CEASA-PR Curitiba(PR),PR,4.0,2026-07-13
Cenoura,1Kg,Hortaliças,CEASA-AL Maceió(AL),AL,6.0,2026-07-13
Cenoura,1Kg,Hortaliças,CEASA-ES Vitória(ES),ES,5.0,2026-07-13
Cenoura,1Kg,Hortaliças,CEASA-MA São Luís(MA),MA,8.5,2026-07-13
Cenoura,1Kg,Hortaliças,CEASA-MT Cuiabá(MT),MT,6.15,2026-07-13
Cenoura,1Kg,Hortaliças,CEASAMINAS Belo Horizonte(MG),MG,4.25,2026-07-13
Cenoura,1Kg,Hortaliças,CEASA-RJ Rio de Janeiro(RJ),RJ,5.5,2026-07-13
Cenoura,1Kg,Hortaliças,CEAGESP Bauru(SP),SP,4.4,2026-07-13
Cenoura,1Kg,Hortaliças,CEAGESP Presidente Prudente(SP),SP,5.0,2026-07-13
Cenoura,1Kg,Hortaliças,AMA-BA Juazeiro(BA),BA,5.0,2026-07-13
Cenoura,1Kg,Hortaliças,CEAGESP São Paulo(SP),SP,3.9,2026-07-13
Cenoura,1Kg,Hortaliças,CEASA-PR Cascavel(PR),PR,6.0,2026-07-13
Chuchu,1Kg,Hortaliças,CEAGESP Ribeirão Preto(SP),SP,4.5,2026-07-13
Chuchu,1Kg,Hortaliças,CEASA-PE Recife(PE),PE,1.0,2026-07-13
Chuchu,1Kg,Hortaliças,CEASA-PE Caruaru(PE),PE,2.0,2026-07-13
Chuchu,1Kg,Hortaliças,CEASA-CE Fortaleza(CE),CE,2.7,2026-07-13
Chuchu,1Kg,Hortaliças,CEASA-PR Curitiba(PR),PR,2.0,2026-07-13
Chuchu,1Kg,Hortaliças,CEASA-AL Maceió(AL),AL,2.0,2026-07-13
Chuchu,1Kg,Hortaliças,CEASA-ES Vitória(ES),ES,1.26,2026-07-13
Chuchu,1Kg,Hortaliças,CEASA-MA São Luís(MA),MA,5.05,2026-07-13
Chuchu,1Kg,Hortaliças,CEASA-MT Cuiabá(MT),MT,5.64,2026-07-13
Chuchu,1Kg,Hortaliças,CEASAMINAS Belo Horizonte(MG),MG,1.57,2026-07-13
Chuchu,1Kg,Hortaliças,CEASA-RJ Rio de Janeiro(RJ),RJ,0.83,2026-07-13
Chuchu,1Kg,Hortaliças,CEAGESP Bauru(SP),SP,3.5,2026-07-13
Chuchu,1Kg,Hortaliças,CEAGESP Presidente Prudente(SP),SP,3.18,2026-07-13
Chuchu,1Kg,Hortaliças,AMA-BA Juazeiro(BA),BA,4.0,2026-07-13
Chuchu,1Kg,Hortaliças,CEAGESP São Paulo(SP),SP,1.14,2026-07-13
Chuchu,1Kg,Hortaliças,CEASA-PR Cascavel(PR),PR,3.3,2026-07-13
Couve,1Kg,Hortaliças,CEAGESP Ribeirão Preto(SP),SP,6.0,2026-07-13
Couve,1Kg,Hortaliças,CEASA-PE Recife(PE),PE,8.0,2026-07-13
Couve,1Kg,Hortaliças,CEASA-PE Caruaru(PE),PE,8.0,2026-07-13
Couve,1Kg,Hortaliças,CEASA-PR Curitiba(PR),PR,6.25,2026-07-13
Couve,1Kg,Hortaliças,CEASA-AL Maceió(AL),AL,5.0,2026-07-13
Couve,1Kg,Hortaliças,CEASA-ES Vitória(ES),ES,4.55,2026-07-13
Couve,1Kg,Hortaliças,CEASA-MA São Luís(MA),MA,25.36,2026-07-13
Couve,1Kg,Hortaliças,CEASA-MT Cuiabá(MT),MT,16.0,2026-07-13
Couve,1Kg,Hortaliças,CEASAMINAS Belo Horizonte(MG),MG,17.65,2026-07-13
Couve,1Kg,Hortaliças,CEASA-RJ Rio de Janeiro(RJ),RJ,10.0,2026-07-13
Couve,1Kg,Hortaliças,CEAGESP Bauru(SP),SP,4.5,2026-07-13
Couve,1Kg,Hortaliças,CEAGESP Presidente Prudente(SP),SP,4.5,2026-07-13
Couve,1Kg,Hortaliças,AMA-BA Juazeiro(BA),BA,5.0,2026-07-13
Couve,1Kg,Hortaliças,CEAGESP São Paulo(SP),SP,4.15,2026-07-13
Couve,1Kg,Hortaliças,CEASA-PR Cascavel(PR),PR,8.0,2026-07-13
Couve-Flor,1Un,Hortaliças,CEAGESP Ribeirão Preto(SP),SP,6.88,2026-07-13
Couve-Flor,1Un,Hortaliças,CEASA-PE Recife(PE),PE,7.0,2026-07-13
Couve-Flor,1Un,Hortaliças,CEASA-PE Caruaru(PE),PE,6.0,2026-07-13
Couve-Flor,1Un,Hortaliças,CEASA-CE Fortaleza(CE),CE,2.5,2026-07-13
Couve-Flor,1Un,Hortaliças,CEASA-PR Curitiba(PR),PR,3.75,2026-07-13
Couve-Flor,1Un,Hortaliças,CEASA-AL Maceió(AL),AL,9.0,2026-07-13
Couve-Flor,1Un,Hortaliças,CEASA-ES Vitória(ES),ES,3.0,2026-07-13
Couve-Flor,1Un,Hortaliças,CEASA-MA São Luís(MA),MA,9.95,2026-07-13
Couve-Flor,1Un,Hortaliças,CEASA-MT Cuiabá(MT),MT,8.0,2026-07-13
Couve-Flor,1Un,Hortaliças,CEASAMINAS Belo Horizonte(MG),MG,4.17,2026-07-13
Couve-Flor,1Un,Hortaliças,CEASA-RJ Rio de Janeiro(RJ),RJ,2.19,2026-07-13
Couve-Flor,1Un,Hortaliças,CEAGESP Bauru(SP),SP,12.0,2026-07-13
Couve-Flor,1Un,Hortaliças,CEAGESP Presidente Prudente(SP),SP,6.0,2026-07-13
Couve-Flor,1Un,Hortaliças,CEAGESP São Paulo(SP),SP,5.18,2026-07-13
Couve-Flor,1Un,Hortaliças,CEASA-PR Cascavel(PR),PR,8.0,2026-07-13
Pepino,1Kg,Hortaliças,CEAGESP Ribeirão Preto(SP),SP,5.73,2026-07-13
Pepino,1Kg,Hortaliças,CEASA-PE Recife(PE),PE,1.67,2026-07-13
Pepino,1Kg,Hortaliças,CEASA-PE Caruaru(PE),PE,4.0,2026-07-13
Pepino,1Kg,Hortaliças,CEASA-CE Fortaleza(CE),CE,2.0,2026-07-13
Pepino,1Kg,Hortaliças,CEASA-PR Curitiba(PR),PR,3.0,2026-07-13
Pepino,1Kg,Hortaliças,CEASA-AL Maceió(AL),AL,2.5,2026-07-13
Pepino,1Kg,Hortaliças,CEASA-ES Vitória(ES),ES,2.05,2026-07-13
Pepino,1Kg,Hortaliças,CEASA-MA São Luís(MA),MA,3.8,2026-07-13
Pepino,1Kg,Hortaliças,CEASA-MT Cuiabá(MT),MT,4.1,2026-07-13
Pepino,1Kg,Hortaliças,CEASAMINAS Belo Horizonte(MG),MG,1.84,2026-07-13
Pepino,1Kg,Hortaliças,CEASA-RJ Rio de Janeiro(RJ),RJ,1.76,2026-07-13
Pepino,1Kg,Hortaliças,CEAGESP Bauru(SP),SP,4.5,2026-07-13
Pepino,1Kg,Hortaliças,CEAGESP Presidente Prudente(SP),SP,4.09,2026-07-13
Pepino,1Kg,Hortaliças,AMA-BA Juazeiro(BA),BA,3.5,2026-07-13
Pepino,1Kg,Hortaliças,CEAGESP São Paulo(SP),SP,2.79,2026-07-13
Pepino,1Kg,Hortaliças,CEASA-PR Cascavel(PR),PR,4.3,2026-07-13
Pimentão Verde,1Kg,Hortaliças,CEAGESP Ribeirão Preto(SP),SP,6.0,2026-07-13
Pimentão Verde,1Kg,Hortaliças,CEASA-PE Recife(PE),PE,5.77,2026-07-13
Pimentão Verde,1Kg,Hortaliças,CEASA-PE Caruaru(PE),PE,3.0,2026-07-13
Pimentão Verde,1Kg,Hortaliças,CEASA-CE Fortaleza(CE),CE,5.0,2026-07-13
Pimentão Verde,1Kg,Hortaliças,CEASA-PR Curitiba(PR),PR,7.5,2026-07-13
Pimentão Verde,1Kg,Hortaliças,CEASA-AL Maceió(AL),AL,3.6,2026-07-13
Pimentão Verde,1Kg,Hortaliças,CEASA-ES Vitória(ES),ES,6.39,2026-07-13
Pimentão Verde,1Kg,Hortaliças,CEASA-MA São Luís(MA),MA,9.09,2026-07-13
Pimentão Verde,1Kg,Hortaliças,CEASA-MT Cuiabá(MT),MT,9.47,2026-07-13
Pimentão Verde,1Kg,Hortaliças,CEASAMINAS Belo Horizonte(MG),MG,7.77,2026-07-13
Pimentão Verde,1Kg,Hortaliças,CEASA-RJ Rio de Janeiro(RJ),RJ,6.5,2026-07-13
Pimentão Verde,1Kg,Hortaliças,CEAGESP Bauru(SP),SP,5.6,2026-07-13
Pimentão Verde,1Kg,Hortaliças,CEAGESP Presidente Prudente(SP),SP,6.66,2026-07-13
Pimentão Verde,1Kg,Hortaliças,AMA-BA Juazeiro(BA),BA,3.75,2026-07-13
Pimentão Verde,1Kg,Hortaliças,CEAGESP São Paulo(SP),SP,5.07,2026-07-13
Pimentão Verde,1Kg,Hortaliças,CEASA-PR Cascavel(PR),PR,10.0,2026-07-13
Quiabo,1Kg,Hortaliças,CEAGESP Ribeirão Preto(SP),SP,11.56,2026-07-13
Quiabo,1Kg,Hortaliças,CEASA-PE Recife(PE),PE,10.0,2026-07-13
Quiabo,1Kg,Hortaliças,CEASA-PE Caruaru(PE),PE,7.0,2026-07-13
Quiabo,1Kg,Hortaliças,CEASA-CE Fortaleza(CE),CE,15.0,2026-07-13
Quiabo,1Kg,Hortaliças,CEASA-PR Curitiba(PR),PR,12.0,2026-07-13
Quiabo,1Kg,Hortaliças,CEASA-AL Maceió(AL),AL,5.0,2026-07-13
Quiabo,1Kg,Hortaliças,CEASA-ES Vitória(ES),ES,8.56,2026-07-13
Quiabo,1Kg,Hortaliças,CEASA-MA São Luís(MA),MA,20.7,2026-07-13
Quiabo,1Kg,Hortaliças,CEASA-MT Cuiabá(MT),MT,16.36,2026-07-13
Quiabo,1Kg,Hortaliças,CEASAMINAS Belo Horizonte(MG),MG,6.66,2026-07-13
Quiabo,1Kg,Hortaliças,CEASA-RJ Rio de Janeiro(RJ),RJ,5.0,2026-07-13
Quiabo,1Kg,Hortaliças,CEAGESP Bauru(SP),SP,8.8,2026-07-13
Quiabo,1Kg,Hortaliças,CEAGESP Presidente Prudente(SP),SP,5.71,2026-07-13
Quiabo,1Kg,Hortaliças,AMA-BA Juazeiro(BA),BA,6.0,2026-07-13
Quiabo,1Kg,Hortaliças,CEAGESP São Paulo(SP),SP,8.03,2026-07-13
Quiabo,1Kg,Hortaliças,CEASA-PR Cascavel(PR),PR,17.0,2026-07-13
Repolho,1Kg,Hortaliças,CEAGESP Ribeirão Preto(SP),SP,3.0,2026-07-13
Repolho,1Kg,Hortaliças,CEASA-PE Recife(PE),PE,1.85,2026-07-13
Repolho,1Kg,Hortaliças,CEASA-PE Caruaru(PE),PE,5.0,2026-07-13
Repolho,1Kg,Hortaliças,CEASA-CE Fortaleza(CE),CE,7.75,2026-07-13
Repolho,1Kg,Hortaliças,CEASA-PR Curitiba(PR),PR,1.6,2026-07-13
Repolho,1Kg,Hortaliças,CEASA-AL Maceió(AL),AL,2.0,2026-07-13
Repolho,1Kg,Hortaliças,CEASA-ES Vitória(ES),ES,2.45,2026-07-13
Repolho,1Kg,Hortaliças,CEASA-MA São Luís(MA),MA,8.45,2026-07-13
Repolho,1Kg,Hortaliças,CEASA-MT Cuiabá(MT),MT,3.56,2026-07-13
Repolho,1Kg,Hortaliças,CEASAMINAS Belo Horizonte(MG),MG,1.5,2026-07-13
Repolho,1Kg,Hortaliças,CEASA-RJ Rio de Janeiro(RJ),RJ,2.0,2026-07-13
Repolho,1Kg,Hortaliças,CEAGESP Bauru(SP),SP,2.3,2026-07-13
Repolho,1Kg,Hortaliças,CEAGESP Presidente Prudente(SP),SP,2.5,2026-07-13
Repolho,1Kg,Hortaliças,AMA-BA Juazeiro(BA),BA,5.0,2026-07-13
Repolho,1Kg,Hortaliças,CEAGESP São Paulo(SP),SP,2.32,2026-07-13
Repolho,1Kg,Hortaliças,CEASA-PR Cascavel(PR),PR,3.6,2026-07-13
Tomate,1Kg,Hortaliças,CEAGESP Ribeirão Preto(SP),SP,6.5,2026-07-13
Tomate,1Kg,Hortaliças,CEASA-PE Recife(PE),PE,1.92,2026-07-13
Tomate,1Kg,Hortaliças,CEASA-PE Caruaru(PE),PE,1.3,2026-07-13
Tomate,1Kg,Hortaliças,CEASA-CE Fortaleza(CE),CE,4.4,2026-07-13
Tomate,1Kg,Hortaliças,CEASA-PR Curitiba(PR),PR,4.5,2026-07-13
Tomate,1Kg,Hortaliças,CEASA-AL Maceió(AL),AL,2.35,2026-07-13
Tomate,1Kg,Hortaliças,CEASA-ES Vitória(ES),ES,3.23,2026-07-13
Tomate,1Kg,Hortaliças,CEASA-MA São Luís(MA),MA,18.98,2026-07-13
Tomate,1Kg,Hortaliças,CEASA-MT Cuiabá(MT),MT,5.79,2026-07-13
Tomate,1Kg,Hortaliças,CEASAMINAS Belo Horizonte(MG),MG,2.5,2026-07-13
Tomate,1Kg,Hortaliças,CEASA-RJ Rio de Janeiro(RJ),RJ,4.44,2026-07-13
Tomate,1Kg,Hortaliças,CEAGESP Bauru(SP),SP,4.7,2026-07-13
Tomate,1Kg,Hortaliças,CEAGESP Presidente Prudente(SP),SP,4.54,2026-07-13
Tomate,1Kg,Hortaliças,AMA-BA Juazeiro(BA),BA,1.15,2026-07-13
Tomate,1Kg,Hortaliças,CEAGESP São Paulo(SP),SP,2.56,2026-07-13
Tomate,1Kg,Hortaliças,CEASA-PR Cascavel(PR),PR,4.5,2026-07-13
Vagem,1Kg,Hortaliças,CEAGESP Ribeirão Preto(SP),SP,11.67,2026-07-13
Vagem,1Kg,Hortaliças,CEASA-PE Recife(PE),PE,8.0,2026-07-13
Vagem,1Kg,Hortaliças,CEASA-PE Caruaru(PE),PE,10.0,2026-07-13
Vagem,1Kg,Hortaliças,CEASA-CE Fortaleza(CE),CE,5.0,2026-07-13
Vagem,1Kg,Hortaliças,CEASA-PR Curitiba(PR),PR,8.0,2026-07-13
Vagem,1Kg,Hortaliças,CEASA-AL Maceió(AL),AL,6.0,2026-07-13
Vagem,1Kg,Hortaliças,CEASA-ES Vitória(ES),ES,4.55,2026-07-13
Vagem,1Kg,Hortaliças,CEASA-MA São Luís(MA),MA,12.11,2026-07-13
Vagem,1Kg,Hortaliças,CEASA-MT Cuiabá(MT),MT,11.82,2026-07-13
Vagem,1Kg,Hortaliças,CEASAMINAS Belo Horizonte(MG),MG,4.23,2026-07-13
Vagem,1Kg,Hortaliças,CEASA-RJ Rio de Janeiro(RJ),RJ,6.0,2026-07-13
Vagem,1Kg,Hortaliças,CEAGESP Bauru(SP),SP,9.7,2026-07-13
Vagem,1Kg,Hortaliças,CEAGESP Presidente Prudente(SP),SP,11.42,2026-07-13
Vagem,1Kg,Hortaliças,AMA-BA Juazeiro(BA),BA,9.0,2026-07-13
Vagem,1Kg,Hortaliças,CEAGESP São Paulo(SP),SP,6.86,2026-07-13
Vagem,1Kg,Hortaliças,CEASA-PR Cascavel(PR),PR,15.0,2026-07-13
Abóbora,1Kg,Hortaliças,CEASA-MT Cuiabá(MT),MT,3.16,2026-07-12
Abobrinha,1Kg,Hortaliças,CEASA-MT Cuiabá(MT),MT,5.88,2026-07-12
Alface,1Dz,Hortaliças,CEASA-MT Cuiabá(MT),MT,25.0,2026-07-12
Berinjela,1Kg,Hortaliças,CEASA-MT Cuiabá(MT),MT,3.64,2026-07-12
Beterraba,1Kg,Hortaliças,CEASA-MT Cuiabá(MT),MT,3.68,2026-07-12
Brócolis,1Kg,Hortaliças,CEASA-MT Cuiabá(MT),MT,23.64,2026-07-12
Cenoura,1Kg,Hortaliças,CEASA-MT Cuiabá(MT),MT,6.15,2026-07-12
Chuchu,1Kg,Hortaliças,CEASA-MT Cuiabá(MT),MT,3.11,2026-07-12
Couve,1Kg,Hortaliças,CEASA-MT Cuiabá(MT),MT,13.33,2026-07-12
Couve-Flor,1Un,Hortaliças,CEASA-MT Cuiabá(MT),MT,8.0,2026-07-12
Pepino,1Kg,Hortaliças,CEASA-MT Cuiabá(MT),MT,4.1,2026-07-12
Pimentão Verde,1Kg,Hortaliças,CEASA-MT Cuiabá(MT),MT,9.47,2026-07-12
Quiabo,1Kg,Hortaliças,CEASA-MT Cuiabá(MT),MT,13.64,2026-07-12
Repolho,1Kg,Hortaliças,CEASA-MT Cuiabá(MT),MT,3.56,2026-07-12
Tomate,1Kg,Hortaliças,CEASA-MT Cuiabá(MT),MT,7.37,2026-07-12
Vagem,1Kg,Hortaliças,CEASA-MT Cuiabá(MT),MT,12.73,2026-07-12
Abóbora,1Kg,Hortaliças,CEASA-MT Cuiabá(MT),MT,3.16,2026-07-10
Abóbora,1Kg,Hortaliças,CEASA-PB João Pessoa(PB),PB,3.0,2026-07-10
Abóbora,1Kg,Hortaliças,CEASA-PE Recife(PE),PE,2.8,2026-07-10
Abóbora,1Kg,Hortaliças,CEASA-MS Campo Grande(MS),MS,4.5,2026-07-10
Abóbora,1Kg,Hortaliças,CEASA-PR Curitiba(PR),PR,2.5,2026-07-10
Abóbora,1Kg,Hortaliças,CEASA-PR Foz do Iguaçu(PR),PR,3.5,2026-07-10
Abóbora,1Kg,Hortaliças,CEASA-ES Vitória(ES),ES,2.54,2026-07-10
Abóbora,1Kg,Hortaliças,CEASA-MA São Luís(MA),MA,3.13,2026-07-10
Abóbora,1Kg,Hortaliças,CEASAMINAS Belo Horizonte(MG),MG,2.0,2026-07-10
Abóbora,1Kg,Hortaliças,CEASA-RJ Rio de Janeiro(RJ),RJ,2.5,2026-07-10
Abóbora,1Kg,Hortaliças,CEASA-CE Tianguá(CE),CE,3.0,2026-07-10
Abóbora,1Kg,Hortaliças,CEASA-PR Cascavel(PR),PR,3.0,2026-07-10
Abóbora,1Kg,Hortaliças,CEASA-AL Maceió(AL),AL,2.0,2026-07-10
Abóbora,1Kg,Hortaliças,AMA-BA Juazeiro(BA),BA,2.5,2026-07-10
Abóbora,1Kg,Hortaliças,CEAGESP São José dos Campos(SP),SP,2.8,2026-07-10
Abobrinha,1Kg,Hortaliças,CEASA-MT Cuiabá(MT),MT,5.88,2026-07-10
Abobrinha,1Kg,Hortaliças,CEASA-PB João Pessoa(PB),PB,5.0,2026-07-10
Abobrinha,1Kg,Hortaliças,CEASA-PE Recife(PE),PE,3.0,2026-07-10
Abobrinha,1Kg,Hortaliças,CEASA-MS Campo Grande(MS),MS,7.0,2026-07-10
Abobrinha,1Kg,Hortaliças,CEASA-PR Curitiba(PR),PR,4.0,2026-07-10
Abobrinha,1Kg,Hortaliças,CEASA-PR Foz do Iguaçu(PR),PR,3.0,2026-07-10
Abobrinha,1Kg,Hortaliças,CEASA-ES Vitória(ES),ES,2.78,2026-07-10
Abobrinha,1Kg,Hortaliças,CEASA-MA São Luís(MA),MA,3.05,2026-07-10
Abobrinha,1Kg,Hortaliças,CEASAMINAS Belo Horizonte(MG),MG,2.5,2026-07-10
Abobrinha,1Kg,Hortaliças,CEASA-RJ Rio de Janeiro(RJ),RJ,1.88,2026-07-10
Abobrinha,1Kg,Hortaliças,CEASA-CE Tianguá(CE),CE,1.25,2026-07-10
Abobrinha,1Kg,Hortaliças,CEASA-PR Cascavel(PR),PR,4.5,2026-07-10
Abobrinha,1Kg,Hortaliças,CEASA-AL Maceió(AL),AL,3.0,2026-07-10
Abobrinha,1Kg,Hortaliças,AMA-BA Juazeiro(BA),BA,3.33,2026-07-10
Abobrinha,1Kg,Hortaliças,CEAGESP São José dos Campos(SP),SP,6.65,2026-07-10
Alface,1Dz,Hortaliças,CEASA-MT Cuiabá(MT),MT,25.0,2026-07-10
Alface,1Dz,Hortaliças,CEASA-PB João Pessoa(PB),PB,13.5,2026-07-10
Alface,1Dz,Hortaliças,CEASA-PE Recife(PE),PE,12.0,2026-07-10
Alface,1Dz,Hortaliças,CEASA-MS Campo Grande(MS),MS,5.7,2026-07-10
Alface,1Dz,Hortaliças,CEASA-PR Curitiba(PR),PR,40.0,2026-07-10
Alface,1Dz,Hortaliças,CEASA-PR Foz do Iguaçu(PR),PR,20.0,2026-07-10
Alface,1Dz,Hortaliças,CEASA-ES Vitória(ES),ES,13.33,2026-07-10
Alface,1Dz,Hortaliças,CEASA-MA São Luís(MA),MA,26.18,2026-07-10
Alface,1Dz,Hortaliças,CEASAMINAS Belo Horizonte(MG),MG,25.0,2026-07-10
Alface,1Dz,Hortaliças,CEASA-RJ Rio de Janeiro(RJ),RJ,20.0,2026-07-10
Alface,1Dz,Hortaliças,CEASA-CE Tianguá(CE),CE,21.6,2026-07-10
Alface,1Dz,Hortaliças,CEASA-PR Cascavel(PR),PR,48.0,2026-07-10
Alface,1Dz,Hortaliças,CEASA-AL Maceió(AL),AL,18.0,2026-07-10
Alface,1Dz,Hortaliças,AMA-BA Juazeiro(BA),BA,10.0,2026-07-10
Alface,1Dz,Hortaliças,CEAGESP São José dos Campos(SP),SP,22.5,2026-07-10
Berinjela,1Kg,Hortaliças,CEASA-MT Cuiabá(MT),MT,3.64,2026-07-10
Berinjela,1Kg,Hortaliças,CEASA-PB João Pessoa(PB),PB,5.0,2026-07-10
Berinjela,1Kg,Hortaliças,CEASA-PE Recife(PE),PE,4.0,2026-07-10
Berinjela,1Kg,Hortaliças,CEASA-MS Campo Grande(MS),MS,3.75,2026-07-10
Berinjela,1Kg,Hortaliças,CEASA-PR Curitiba(PR),PR,5.0,2026-07-10
Berinjela,1Kg,Hortaliças,CEASA-PR Foz do Iguaçu(PR),PR,5.0,2026-07-10
Berinjela,1Kg,Hortaliças,CEASA-ES Vitória(ES),ES,2.81,2026-07-10
Berinjela,1Kg,Hortaliças,CEASA-MA São Luís(MA),MA,5.63,2026-07-10
Berinjela,1Kg,Hortaliças,CEASAMINAS Belo Horizonte(MG),MG,2.08,2026-07-10
Berinjela,1Kg,Hortaliças,CEASA-RJ Rio de Janeiro(RJ),RJ,3.0,2026-07-10
Berinjela,1Kg,Hortaliças,CEASA-CE Tianguá(CE),CE,1.92,2026-07-10
Berinjela,1Kg,Hortaliças,CEASA-PR Cascavel(PR),PR,6.0,2026-07-10
Berinjela,1Kg,Hortaliças,CEASA-AL Maceió(AL),AL,3.0,2026-07-10
Berinjela,1Kg,Hortaliças,AMA-BA Juazeiro(BA),BA,4.29,2026-07-10
Berinjela,1Kg,Hortaliças,CEAGESP São José dos Campos(SP),SP,5.55,2026-07-10
Beterraba,1Kg,Hortaliças,CEASA-MT Cuiabá(MT),MT,3.68,2026-07-10
Beterraba,1Kg,Hortaliças,CEASA-PB João Pessoa(PB),PB,6.0,2026-07-10
Beterraba,1Kg,Hortaliças,CEASA-PE Recife(PE),PE,3.5,2026-07-10
Beterraba,1Kg,Hortaliças,CEASA-MS Campo Grande(MS),MS,3.4,2026-07-10
Beterraba,1Kg,Hortaliças,CEASA-PR Curitiba(PR),PR,2.25,2026-07-10
Beterraba,1Kg,Hortaliças,CEASA-PR Foz do Iguaçu(PR),PR,4.0,2026-07-10
Beterraba,1Kg,Hortaliças,CEASA-ES Vitória(ES),ES,3.83,2026-07-10
Beterraba,1Kg,Hortaliças,CEASA-MA São Luís(MA),MA,6.7,2026-07-10
Beterraba,1Kg,Hortaliças,CEASAMINAS Belo Horizonte(MG),MG,3.42,2026-07-10
Beterraba,1Kg,Hortaliças,CEASA-RJ Rio de Janeiro(RJ),RJ,2.5,2026-07-10
Beterraba,1Kg,Hortaliças,CEASA-CE Tianguá(CE),CE,3.75,2026-07-10
Beterraba,1Kg,Hortaliças,CEASA-PR Cascavel(PR),PR,3.75,2026-07-10
Beterraba,1Kg,Hortaliças,CEASA-AL Maceió(AL),AL,3.5,2026-07-10
Beterraba,1Kg,Hortaliças,AMA-BA Juazeiro(BA),BA,2.0,2026-07-10
Beterraba,1Kg,Hortaliças,CEAGESP São José dos Campos(SP),SP,3.75,2026-07-10
Brócolis,1Kg,Hortaliças,CEASA-MT Cuiabá(MT),MT,23.64,2026-07-10
Brócolis,1Kg,Hortaliças,CEASA-PB João Pessoa(PB),PB,25.0,2026-07-10
Brócolis,1Kg,Hortaliças,CEASA-PE Recife(PE),PE,8.57,2026-07-10
Brócolis,1Kg,Hortaliças,CEASA-MS Campo Grande(MS),MS,4.0,2026-07-10
Brócolis,1Kg,Hortaliças,CEASA-PR Curitiba(PR),PR,5.83,2026-07-10
Brócolis,1Kg,Hortaliças,CEASA-PR Foz do Iguaçu(PR),PR,6.0,2026-07-10
Brócolis,1Kg,Hortaliças,CEASA-ES Vitória(ES),ES,5.26,2026-07-10
Brócolis,1Kg,Hortaliças,CEASA-MA São Luís(MA),MA,9.94,2026-07-10
Brócolis,1Kg,Hortaliças,CEASAMINAS Belo Horizonte(MG),MG,8.33,2026-07-10
Brócolis,1Kg,Hortaliças,CEASA-RJ Rio de Janeiro(RJ),RJ,5.0,2026-07-10
Brócolis,1Kg,Hortaliças,CEASA-CE Tianguá(CE),CE,3.5,2026-07-10
Brócolis,1Kg,Hortaliças,CEASA-PR Cascavel(PR),PR,16.0,2026-07-10
Brócolis,1Kg,Hortaliças,CEASA-AL Maceió(AL),AL,27.0,2026-07-10
Brócolis,1Kg,Hortaliças,CEAGESP São José dos Campos(SP),SP,4.67,2026-07-10
Cenoura,1Kg,Hortaliças,CEASA-MT Cuiabá(MT),MT,6.15,2026-07-10
Cenoura,1Kg,Hortaliças,CEASA-PB João Pessoa(PB),PB,8.0,2026-07-10
Cenoura,1Kg,Hortaliças,CEASA-PE Recife(PE),PE,6.0,2026-07-10
Cenoura,1Kg,Hortaliças,CEASA-MS Campo Grande(MS),MS,4.8,2026-07-10
Cenoura,1Kg,Hortaliças,CEASA-PR Curitiba(PR),PR,4.5,2026-07-10
Cenoura,1Kg,Hortaliças,CEASA-PR Foz do Iguaçu(PR),PR,5.0,2026-07-10
Cenoura,1Kg,Hortaliças,CEASA-ES Vitória(ES),ES,5.0,2026-07-10
Cenoura,1Kg,Hortaliças,CEASA-MA São Luís(MA),MA,8.5,2026-07-10
Cenoura,1Kg,Hortaliças,CEASAMINAS Belo Horizonte(MG),MG,4.25,2026-07-10
Cenoura,1Kg,Hortaliças,CEASA-RJ Rio de Janeiro(RJ),RJ,5.5,2026-07-10
Cenoura,1Kg,Hortaliças,CEASA-CE Tianguá(CE),CE,6.5,2026-07-10
Cenoura,1Kg,Hortaliças,CEASA-PR Cascavel(PR),PR,6.3,2026-07-10
Cenoura,1Kg,Hortaliças,CEASA-AL Maceió(AL),AL,6.0,2026-07-10
Cenoura,1Kg,Hortaliças,AMA-BA Juazeiro(BA),BA,5.0,2026-07-10
Cenoura,1Kg,Hortaliças,CEAGESP São José dos Campos(SP),SP,5.5,2026-07-10
Chuchu,1Kg,Hortaliças,CEASA-MT Cuiabá(MT),MT,3.11,2026-07-10
Chuchu,1Kg,Hortaliças,CEASA-PB João Pessoa(PB),PB,2.0,2026-07-10
Chuchu,1Kg,Hortaliças,CEASA-PE Recife(PE),PE,1.25,2026-07-10
Chuchu,1Kg,Hortaliças,CEASA-MS Campo Grande(MS),MS,3.25,2026-07-10
Chuchu,1Kg,Hortaliças,CEASA-PR Curitiba(PR),PR,2.5,2026-07-10
Chuchu,1Kg,Hortaliças,CEASA-PR Foz do Iguaçu(PR),PR,3.6,2026-07-10
Chuchu,1Kg,Hortaliças,CEASA-ES Vitória(ES),ES,1.48,2026-07-10
Chuchu,1Kg,Hortaliças,CEASA-MA São Luís(MA),MA,5.05,2026-07-10
Chuchu,1Kg,Hortaliças,CEASAMINAS Belo Horizonte(MG),MG,1.57,2026-07-10
Chuchu,1Kg,Hortaliças,CEASA-RJ Rio de Janeiro(RJ),RJ,0.83,2026-07-10
Chuchu,1Kg,Hortaliças,CEASA-CE Tianguá(CE),CE,2.2,2026-07-10
Chuchu,1Kg,Hortaliças,CEASA-PR Cascavel(PR),PR,3.2,2026-07-10
Chuchu,1Kg,Hortaliças,CEASA-AL Maceió(AL),AL,2.0,2026-07-10
Chuchu,1Kg,Hortaliças,AMA-BA Juazeiro(BA),BA,4.0,2026-07-10
Chuchu,1Kg,Hortaliças,CEAGESP São José dos Campos(SP),SP,3.0,2026-07-10
Couve,1Kg,Hortaliças,CEASA-MT Cuiabá(MT),MT,13.33,2026-07-10
Couve,1Kg,Hortaliças,CEASA-PB João Pessoa(PB),PB,9.0,2026-07-10
Couve,1Kg,Hortaliças,CEASA-PE Recife(PE),PE,8.0,2026-07-10
Couve,1Kg,Hortaliças,CEASA-MS Campo Grande(MS),MS,2.5,2026-07-10
Couve,1Kg,Hortaliças,CEASA-PR Curitiba(PR),PR,6.25,2026-07-10
Couve,1Kg,Hortaliças,CEASA-PR Foz do Iguaçu(PR),PR,4.0,2026-07-10
Couve,1Kg,Hortaliças,CEASA-ES Vitória(ES),ES,4.55,2026-07-10
Couve,1Kg,Hortaliças,CEASA-MA São Luís(MA),MA,25.36,2026-07-10
Couve,1Kg,Hortaliças,CEASAMINAS Belo Horizonte(MG),MG,14.71,2026-07-10
Couve,1Kg,Hortaliças,CEASA-RJ Rio de Janeiro(RJ),RJ,8.0,2026-07-10
Couve,1Kg,Hortaliças,CEASA-CE Tianguá(CE),CE,2.0,2026-07-10
Couve,1Kg,Hortaliças,CEASA-PR Cascavel(PR),PR,8.0,2026-07-10
Couve,1Kg,Hortaliças,CEASA-AL Maceió(AL),AL,5.0,2026-07-10
Couve,1Kg,Hortaliças,AMA-BA Juazeiro(BA),BA,5.0,2026-07-10
Couve,1Kg,Hortaliças,CEAGESP São José dos Campos(SP),SP,4.5,2026-07-10
Couve-Flor,1Un,Hortaliças,CEASA-MT Cuiabá(MT),MT,8.0,2026-07-10
Couve-Flor,1Un,Hortaliças,CEASA-PB João Pessoa(PB),PB,2.0,2026-07-10
Couve-Flor,1Un,Hortaliças,CEASA-PE Recife(PE),PE,7.0,2026-07-10
Couve-Flor,1Un,Hortaliças,CEASA-MS Campo Grande(MS),MS,5.5,2026-07-10
Couve-Flor,1Un,Hortaliças,CEASA-PR Curitiba(PR),PR,3.75,2026-07-10
Couve-Flor,1Un,Hortaliças,CEASA-PR Foz do Iguaçu(PR),PR,8.0,2026-07-10
Couve-Flor,1Un,Hortaliças,CEASA-ES Vitória(ES),ES,2.8,2026-07-10
Couve-Flor,1Un,Hortaliças,CEASA-MA São Luís(MA),MA,9.95,2026-07-10
Couve-Flor,1Un,Hortaliças,CEASAMINAS Belo Horizonte(MG),MG,5.0,2026-07-10
Couve-Flor,1Un,Hortaliças,CEASA-RJ Rio de Janeiro(RJ),RJ,2.19,2026-07-10
Couve-Flor,1Un,Hortaliças,CEASA-CE Tianguá(CE),CE,3.0,2026-07-10
Couve-Flor,1Un,Hortaliças,CEASA-PR Cascavel(PR),PR,8.0,2026-07-10
Couve-Flor,1Un,Hortaliças,CEASA-AL Maceió(AL),AL,9.0,2026-07-10
Couve-Flor,1Un,Hortaliças,CEAGESP São José dos Campos(SP),SP,6.25,2026-07-10
Pepino,1Kg,Hortaliças,CEASA-MT Cuiabá(MT),MT,4.1,2026-07-10
Pepino,1Kg,Hortaliças,CEASA-PB João Pessoa(PB),PB,3.5,2026-07-10
Pepino,1Kg,Hortaliças,CEASA-PE Recife(PE),PE,1.67,2026-07-10
Pepino,1Kg,Hortaliças,CEASA-MS Campo Grande(MS),MS,3.5,2026-07-10
Pepino,1Kg,Hortaliças,CEASA-PR Curitiba(PR),PR,3.5,2026-07-10
Pepino,1Kg,Hortaliças,CEASA-PR Foz do Iguaçu(PR),PR,7.5,2026-07-10
Pepino,1Kg,Hortaliças,CEASA-ES Vitória(ES),ES,2.73,2026-07-10
Pepino,1Kg,Hortaliças,CEASA-MA São Luís(MA),MA,3.8,2026-07-10
Pepino,1Kg,Hortaliças,CEASAMINAS Belo Horizonte(MG),MG,1.84,2026-07-10
Pepino,1Kg,Hortaliças,CEASA-RJ Rio de Janeiro(RJ),RJ,1.76,2026-07-10
Pepino,1Kg,Hortaliças,CEASA-CE Tianguá(CE),CE,1.0,2026-07-10
Pepino,1Kg,Hortaliças,CEASA-PR Cascavel(PR),PR,4.5,2026-07-10
Pepino,1Kg,Hortaliças,CEASA-AL Maceió(AL),AL,2.5,2026-07-10
Pepino,1Kg,Hortaliças,AMA-BA Juazeiro(BA),BA,3.5,2026-07-10
Pepino,1Kg,Hortaliças,CEAGESP São José dos Campos(SP),SP,4.71,2026-07-10
Pimentão Verde,1Kg,Hortaliças,CEASA-MT Cuiabá(MT),MT,9.47,2026-07-10
Pimentão Verde,1Kg,Hortaliças,CEASA-PB João Pessoa(PB),PB,3.0,2026-07-10
Pimentão Verde,1Kg,Hortaliças,CEASA-PE Recife(PE),PE,6.42,2026-07-10
Pimentão Verde,1Kg,Hortaliças,CEASA-MS Campo Grande(MS),MS,6.65,2026-07-10
Pimentão Verde,1Kg,Hortaliças,CEASA-PR Curitiba(PR),PR,7.08,2026-07-10
Pimentão Verde,1Kg,Hortaliças,CEASA-PR Foz do Iguaçu(PR),PR,6.52,2026-07-10
Pimentão Verde,1Kg,Hortaliças,CEASA-ES Vitória(ES),ES,5.78,2026-07-10
Pimentão Verde,1Kg,Hortaliças,CEASA-MA São Luís(MA),MA,9.09,2026-07-10
Pimentão Verde,1Kg,Hortaliças,CEASAMINAS Belo Horizonte(MG),MG,6.66,2026-07-10
Pimentão Verde,1Kg,Hortaliças,CEASA-RJ Rio de Janeiro(RJ),RJ,6.0,2026-07-10
Pimentão Verde,1Kg,Hortaliças,CEASA-CE Tianguá(CE),CE,2.92,2026-07-10
Pimentão Verde,1Kg,Hortaliças,CEASA-PR Cascavel(PR),PR,9.0,2026-07-10
Pimentão Verde,1Kg,Hortaliças,CEASA-AL Maceió(AL),AL,3.6,2026-07-10
Pimentão Verde,1Kg,Hortaliças,AMA-BA Juazeiro(BA),BA,3.75,2026-07-10
Pimentão Verde,1Kg,Hortaliças,CEAGESP São José dos Campos(SP),SP,8.87,2026-07-10
Quiabo,1Kg,Hortaliças,CEASA-MT Cuiabá(MT),MT,13.64,2026-07-10
Quiabo,1Kg,Hortaliças,CEASA-PB João Pessoa(PB),PB,14.0,2026-07-10
Quiabo,1Kg,Hortaliças,CEASA-PE Recife(PE),PE,10.0,2026-07-10
Quiabo,1Kg,Hortaliças,CEASA-MS Campo Grande(MS),MS,12.0,2026-07-10
Quiabo,1Kg,Hortaliças,CEASA-PR Curitiba(PR),PR,12.0,2026-07-10
Quiabo,1Kg,Hortaliças,CEASA-PR Foz do Iguaçu(PR),PR,10.0,2026-07-10
Quiabo,1Kg,Hortaliças,CEASA-ES Vitória(ES),ES,9.74,2026-07-10
Quiabo,1Kg,Hortaliças,CEASA-MA São Luís(MA),MA,20.7,2026-07-10
Quiabo,1Kg,Hortaliças,CEASAMINAS Belo Horizonte(MG),MG,5.83,2026-07-10
Quiabo,1Kg,Hortaliças,CEASA-RJ Rio de Janeiro(RJ),RJ,7.5,2026-07-10
Quiabo,1Kg,Hortaliças,CEASA-CE Tianguá(CE),CE,5.33,2026-07-10
Quiabo,1Kg,Hortaliças,CEASA-PR Cascavel(PR),PR,15.0,2026-07-10
Quiabo,1Kg,Hortaliças,CEASA-AL Maceió(AL),AL,5.0,2026-07-10
Quiabo,1Kg,Hortaliças,AMA-BA Juazeiro(BA),BA,6.0,2026-07-10
Quiabo,1Kg,Hortaliças,CEAGESP São José dos Campos(SP),SP,12.0,2026-07-10
Repolho,1Kg,Hortaliças,CEASA-MT Cuiabá(MT),MT,3.56,2026-07-10
Repolho,1Kg,Hortaliças,CEASA-PB João Pessoa(PB),PB,5.0,2026-07-10
Repolho,1Kg,Hortaliças,CEASA-PE Recife(PE),PE,1.85,2026-07-10
Repolho,1Kg,Hortaliças,CEASA-MS Campo Grande(MS),MS,2.5,2026-07-10
Repolho,1Kg,Hortaliças,CEASA-PR Curitiba(PR),PR,1.6,2026-07-10
Repolho,1Kg,Hortaliças,CEASA-PR Foz do Iguaçu(PR),PR,2.5,2026-07-10
Repolho,1Kg,Hortaliças,CEASA-ES Vitória(ES),ES,2.25,2026-07-10
Repolho,1Kg,Hortaliças,CEASA-MA São Luís(MA),MA,8.45,2026-07-10
Repolho,1Kg,Hortaliças,CEASAMINAS Belo Horizonte(MG),MG,2.0,2026-07-10
Repolho,1Kg,Hortaliças,CEASA-RJ Rio de Janeiro(RJ),RJ,2.67,2026-07-10
Repolho,1Kg,Hortaliças,CEASA-CE Tianguá(CE),CE,7.5,2026-07-10
Repolho,1Kg,Hortaliças,CEASA-PR Cascavel(PR),PR,3.6,2026-07-10
Repolho,1Kg,Hortaliças,CEASA-AL Maceió(AL),AL,2.0,2026-07-10
Repolho,1Kg,Hortaliças,AMA-BA Juazeiro(BA),BA,5.0,2026-07-10
Repolho,1Kg,Hortaliças,CEAGESP São José dos Campos(SP),SP,2.75,2026-07-10
Tomate,1Kg,Hortaliças,CEASA-MT Cuiabá(MT),MT,7.37,2026-07-10
Tomate,1Kg,Hortaliças,CEASA-PB João Pessoa(PB),PB,2.9,2026-07-10
Tomate,1Kg,Hortaliças,CEASA-PE Recife(PE),PE,1.92,2026-07-10
Tomate,1Kg,Hortaliças,CEASA-MS Campo Grande(MS),MS,4.8,2026-07-10
Tomate,1Kg,Hortaliças,CEASA-PR Curitiba(PR),PR,4.5,2026-07-10
Tomate,1Kg,Hortaliças,CEASA-PR Foz do Iguaçu(PR),PR,4.75,2026-07-10
Tomate,1Kg,Hortaliças,CEASA-ES Vitória(ES),ES,3.72,2026-07-10
Tomate,1Kg,Hortaliças,CEASA-MA São Luís(MA),MA,18.98,2026-07-10
Tomate,1Kg,Hortaliças,CEASAMINAS Belo Horizonte(MG),MG,2.25,2026-07-10
Tomate,1Kg,Hortaliças,CEASA-RJ Rio de Janeiro(RJ),RJ,6.67,2026-07-10
Tomate,1Kg,Hortaliças,CEASA-CE Tianguá(CE),CE,4.0,2026-07-10
Tomate,1Kg,Hortaliças,CEASA-PR Cascavel(PR),PR,5.0,2026-07-10
Tomate,1Kg,Hortaliças,CEASA-AL Maceió(AL),AL,2.35,2026-07-10
Tomate,1Kg,Hortaliças,CEAGESP São José dos Campos(SP),SP,4.0,2026-07-10
Vagem,1Kg,Hortaliças,CEASA-MT Cuiabá(MT),MT,12.73,2026-07-10
Vagem,1Kg,Hortaliças,CEASA-PB João Pessoa(PB),PB,8.5,2026-07-10
Vagem,1Kg,Hortaliças,CEASA-PE Recife(PE),PE,8.0,2026-07-10
Vagem,1Kg,Hortaliças,CEASA-MS Campo Grande(MS),MS,10.65,2026-07-10
Vagem,1Kg,Hortaliças,CEASA-PR Curitiba(PR),PR,8.0,2026-07-10
Vagem,1Kg,Hortaliças,CEASA-PR Foz do Iguaçu(PR),PR,12.5,2026-07-10
Vagem,1Kg,Hortaliças,CEASA-ES Vitória(ES),ES,4.55,2026-07-10
Vagem,1Kg,Hortaliças,CEASA-MA São Luís(MA),MA,12.11,2026-07-10
Vagem,1Kg,Hortaliças,CEASAMINAS Belo Horizonte(MG),MG,3.07,2026-07-10
Vagem,1Kg,Hortaliças,CEASA-RJ Rio de Janeiro(RJ),RJ,6.0,2026-07-10
Vagem,1Kg,Hortaliças,CEASA-CE Tianguá(CE),CE,7.0,2026-07-10
Vagem,1Kg,Hortaliças,CEASA-PR Cascavel(PR),PR,14.0,2026-07-10
Vagem,1Kg,Hortaliças,CEASA-AL Maceió(AL),AL,6.0,2026-07-10
Vagem,1Kg,Hortaliças,AMA-BA Juazeiro(BA),BA,9.0,2026-07-10
Vagem,1Kg,Hortaliças,CEAGESP São José dos Campos(SP),SP,11.0,2026-07-10
Abóbora,1Kg,Hortaliças,CEASA-MT Cuiabá(MT),MT,3.16,2026-07-09
Abóbora,1Kg,Hortaliças,CEASA-PE Recife(PE),PE,2.8,2026-07-09
Abóbora,1Kg,Hortaliças,CEASAMINAS Uberaba(MG),MG,2.25,2026-07-09
Abóbora,1Kg,Hortaliças,CEASA-PR Foz do Iguaçu(PR),PR,3.5,2026-07-09
Abóbora,1Kg,Hortaliças,CEASA-ES Vitória(ES),ES,2.51,2026-07-09
Abóbora,1Kg,Hortaliças,CEASA-RN Natal(RN),RN,2.0,2026-07-09
Abóbora,1Kg,Hortaliças,CEASA-RJ Rio de Janeiro(RJ),RJ,2.5,2026-07-09
Abóbora,1Kg,Hortaliças,CEASA-CE Fortaleza(CE),CE,4.35,2026-07-09
Abóbora,1Kg,Hortaliças,CEASA-CE Tianguá(CE),CE,3.0,2026-07-09
Abóbora,1Kg,Hortaliças,CEASA-PR Curitiba(PR),PR,2.5,2026-07-09
Abóbora,1Kg,Hortaliças,CEASA-TO Palmas(TO),TO,4.44,2026-07-09
Abóbora,1Kg,Hortaliças,CEASA-AL Maceió(AL),AL,2.0,2026-07-09
Abóbora,1Kg,Hortaliças,AMA-BA Juazeiro(BA),BA,2.5,2026-07-09
Abóbora,1Kg,Hortaliças,CEASA-PR Cascavel(PR),PR,3.0,2026-07-09
Abóbora,1Kg,Hortaliças,CEASA-RS Porto Alegre(RS),RS,3.5,2026-07-09
Abobrinha,1Kg,Hortaliças,CEASA-MT Cuiabá(MT),MT,5.88,2026-07-09
Abobrinha,1Kg,Hortaliças,CEASA-PE Recife(PE),PE,3.0,2026-07-09
Abobrinha,1Kg,Hortaliças,CEASAMINAS Uberaba(MG),MG,4.54,2026-07-09
Abobrinha,1Kg,Hortaliças,CEASA-PR Foz do Iguaçu(PR),PR,3.0,2026-07-09
Abobrinha,1Kg,Hortaliças,CEASA-ES Vitória(ES),ES,3.41,2026-07-09
Abobrinha,1Kg,Hortaliças,CEASA-RN Natal(RN),RN,2.5,2026-07-09
Abobrinha,1Kg,Hortaliças,CEASA-RJ Rio de Janeiro(RJ),RJ,1.88,2026-07-09
Abobrinha,1Kg,Hortaliças,CEASA-CE Fortaleza(CE),CE,3.9,2026-07-09
Abobrinha,1Kg,Hortaliças,CEASA-CE Tianguá(CE),CE,1.25,2026-07-09
Abobrinha,1Kg,Hortaliças,CEASA-PR Curitiba(PR),PR,4.0,2026-07-09
Abobrinha,1Kg,Hortaliças,CEASA-TO Palmas(TO),TO,5.75,2026-07-09
Abobrinha,1Kg,Hortaliças,CEASA-AL Maceió(AL),AL,3.0,2026-07-09
Abobrinha,1Kg,Hortaliças,AMA-BA Juazeiro(BA),BA,3.33,2026-07-09
Abobrinha,1Kg,Hortaliças,CEASA-PR Cascavel(PR),PR,4.9,2026-07-09
Abobrinha,1Kg,Hortaliças,CEASA-RS Porto Alegre(RS),RS,4.0,2026-07-09
Alface,1Dz,Hortaliças,CEASA-MT Cuiabá(MT),MT,25.0,2026-07-09
Alface,1Dz,Hortaliças,CEASA-PE Recife(PE),PE,12.0,2026-07-09
Alface,1Dz,Hortaliças,CEASAMINAS Uberaba(MG),MG,25.0,2026-07-09
Alface,1Dz,Hortaliças,CEASA-PR Foz do Iguaçu(PR),PR,20.0,2026-07-09
Alface,1Dz,Hortaliças,CEASA-ES Vitória(ES),ES,14.67,2026-07-09
Alface,1Dz,Hortaliças,CEASA-RN Natal(RN),RN,20.4,2026-07-09
Alface,1Dz,Hortaliças,CEASA-RJ Rio de Janeiro(RJ),RJ,20.0,2026-07-09
Alface,1Dz,Hortaliças,CEASA-CE Fortaleza(CE),CE,36.0,2026-07-09
Alface,1Dz,Hortaliças,CEASA-CE Tianguá(CE),CE,21.6,2026-07-09
Alface,1Dz,Hortaliças,CEASA-PR Curitiba(PR),PR,40.0,2026-07-09
Alface,1Dz,Hortaliças,CEASA-AL Maceió(AL),AL,18.0,2026-07-09
Alface,1Dz,Hortaliças,AMA-BA Juazeiro(BA),BA,10.0,2026-07-09
Alface,1Dz,Hortaliças,CEASA-PR Cascavel(PR),PR,48.0,2026-07-09
Alface,1Dz,Hortaliças,CEASA-RS Porto Alegre(RS),RS,15.0,2026-07-09
Berinjela,1Kg,Hortaliças,CEASA-MT Cuiabá(MT),MT,3.64,2026-07-09
Berinjela,1Kg,Hortaliças,CEASA-PE Recife(PE),PE,4.0,2026-07-09
Berinjela,1Kg,Hortaliças,CEASAMINAS Uberaba(MG),MG,3.33,2026-07-09
Berinjela,1Kg,Hortaliças,CEASA-PR Foz do Iguaçu(PR),PR,5.0,2026-07-09
Berinjela,1Kg,Hortaliças,CEASA-ES Vitória(ES),ES,3.4,2026-07-09
Berinjela,1Kg,Hortaliças,CEASA-RN Natal(RN),RN,5.0,2026-07-09
Berinjela,1Kg,Hortaliças,CEASA-RJ Rio de Janeiro(RJ),RJ,2.5,2026-07-09
Berinjela,1Kg,Hortaliças,CEASA-CE Fortaleza(CE),CE,2.7,2026-07-09
Berinjela,1Kg,Hortaliças,CEASA-CE Tianguá(CE),CE,1.92,2026-07-09
Berinjela,1Kg,Hortaliças,CEASA-PR Curitiba(PR),PR,5.0,2026-07-09
Berinjela,1Kg,Hortaliças,CEASA-TO Palmas(TO),TO,5.42,2026-07-09
Berinjela,1Kg,Hortaliças,CEASA-AL Maceió(AL),AL,3.0,2026-07-09
Berinjela,1Kg,Hortaliças,AMA-BA Juazeiro(BA),BA,4.29,2026-07-09
Berinjela,1Kg,Hortaliças,CEASA-PR Cascavel(PR),PR,6.0,2026-07-09
Berinjela,1Kg,Hortaliças,CEASA-RS Porto Alegre(RS),RS,6.5,2026-07-09
Beterraba,1Kg,Hortaliças,CEASA-MT Cuiabá(MT),MT,3.68,2026-07-09
Beterraba,1Kg,Hortaliças,CEASA-PE Recife(PE),PE,3.5,2026-07-09
Beterraba,1Kg,Hortaliças,CEASAMINAS Uberaba(MG),MG,4.09,2026-07-09
Beterraba,1Kg,Hortaliças,CEASA-PR Foz do Iguaçu(PR),PR,4.0,2026-07-09
Beterraba,1Kg,Hortaliças,CEASA-ES Vitória(ES),ES,4.17,2026-07-09
Beterraba,1Kg,Hortaliças,CEASA-RN Natal(RN),RN,3.5,2026-07-09
Beterraba,1Kg,Hortaliças,CEASA-RJ Rio de Janeiro(RJ),RJ,2.5,2026-07-09
Beterraba,1Kg,Hortaliças,CEASA-CE Fortaleza(CE),CE,4.5,2026-07-09
Beterraba,1Kg,Hortaliças,CEASA-CE Tianguá(CE),CE,3.25,2026-07-09
Beterraba,1Kg,Hortaliças,CEASA-PR Curitiba(PR),PR,2.25,2026-07-09
Beterraba,1Kg,Hortaliças,CEASA-TO Palmas(TO),TO,5.75,2026-07-09
Beterraba,1Kg,Hortaliças,CEASA-AL Maceió(AL),AL,3.5,2026-07-09
Beterraba,1Kg,Hortaliças,AMA-BA Juazeiro(BA),BA,2.0,2026-07-09
Beterraba,1Kg,Hortaliças,CEASA-PR Cascavel(PR),PR,3.8,2026-07-09
Beterraba,1Kg,Hortaliças,CEASA-RS Porto Alegre(RS),RS,3.33,2026-07-09
Brócolis,1Kg,Hortaliças,CEASA-MT Cuiabá(MT),MT,23.64,2026-07-09
Brócolis,1Kg,Hortaliças,CEASA-PE Recife(PE),PE,8.57,2026-07-09
Brócolis,1Kg,Hortaliças,CEASAMINAS Uberaba(MG),MG,7.6,2026-07-09
Brócolis,1Kg,Hortaliças,CEASA-PR Foz do Iguaçu(PR),PR,6.0,2026-07-09
Brócolis,1Kg,Hortaliças,CEASA-ES Vitória(ES),ES,5.26,2026-07-09
Brócolis,1Kg,Hortaliças,CEASA-RN Natal(RN),RN,26.0,2026-07-09
Brócolis,1Kg,Hortaliças,CEASA-RJ Rio de Janeiro(RJ),RJ,5.0,2026-07-09
Brócolis,1Kg,Hortaliças,CEASA-CE Fortaleza(CE),CE,25.0,2026-07-09
Brócolis,1Kg,Hortaliças,CEASA-CE Tianguá(CE),CE,3.0,2026-07-09
Brócolis,1Kg,Hortaliças,CEASA-PR Curitiba(PR),PR,5.83,2026-07-09
Brócolis,1Kg,Hortaliças,CEASA-AL Maceió(AL),AL,27.0,2026-07-09
Brócolis,1Kg,Hortaliças,CEASA-PR Cascavel(PR),PR,15.0,2026-07-09
Brócolis,1Kg,Hortaliças,CEASA-RS Porto Alegre(RS),RS,4.16,2026-07-09
Cenoura,1Kg,Hortaliças,CEASA-MT Cuiabá(MT),MT,6.15,2026-07-09
Cenoura,1Kg,Hortaliças,CEASA-PE Recife(PE),PE,6.0,2026-07-09
Cenoura,1Kg,Hortaliças,CEASAMINAS Uberaba(MG),MG,5.55,2026-07-09
Cenoura,1Kg,Hortaliças,CEASA-PR Foz do Iguaçu(PR),PR,5.0,2026-07-09
Cenoura,1Kg,Hortaliças,CEASA-ES Vitória(ES),ES,5.33,2026-07-09
Cenoura,1Kg,Hortaliças,CEASA-RN Natal(RN),RN,6.0,2026-07-09
Cenoura,1Kg,Hortaliças,CEASA-RJ Rio de Janeiro(RJ),RJ,4.5,2026-07-09
Cenoura,1Kg,Hortaliças,CEASA-CE Fortaleza(CE),CE,7.0,2026-07-09
Cenoura,1Kg,Hortaliças,CEASA-CE Tianguá(CE),CE,6.0,2026-07-09
Cenoura,1Kg,Hortaliças,CEASA-PR Curitiba(PR),PR,4.5,2026-07-09
Cenoura,1Kg,Hortaliças,CEASA-TO Palmas(TO),TO,8.4,2026-07-09
Cenoura,1Kg,Hortaliças,CEASA-AL Maceió(AL),AL,6.0,2026-07-09
Cenoura,1Kg,Hortaliças,AMA-BA Juazeiro(BA),BA,5.0,2026-07-09
Cenoura,1Kg,Hortaliças,CEASA-PR Cascavel(PR),PR,6.5,2026-07-09
Cenoura,1Kg,Hortaliças,CEASA-RS Porto Alegre(RS),RS,5.5,2026-07-09
Chuchu,1Kg,Hortaliças,CEASA-MT Cuiabá(MT),MT,3.11,2026-07-09
Chuchu,1Kg,Hortaliças,CEASA-PE Recife(PE),PE,2.0,2026-07-09
Chuchu,1Kg,Hortaliças,CEASAMINAS Uberaba(MG),MG,3.63,2026-07-09
Chuchu,1Kg,Hortaliças,CEASA-PR Foz do Iguaçu(PR),PR,3.6,2026-07-09
Chuchu,1Kg,Hortaliças,CEASA-ES Vitória(ES),ES,1.48,2026-07-09
Chuchu,1Kg,Hortaliças,CEASA-RN Natal(RN),RN,3.3,2026-07-09
Chuchu,1Kg,Hortaliças,CEASA-RJ Rio de Janeiro(RJ),RJ,0.83,2026-07-09
Chuchu,1Kg,Hortaliças,CEASA-CE Fortaleza(CE),CE,2.7,2026-07-09
Chuchu,1Kg,Hortaliças,CEASA-CE Tianguá(CE),CE,2.4,2026-07-09
Chuchu,1Kg,Hortaliças,CEASA-PR Curitiba(PR),PR,2.5,2026-07-09
Chuchu,1Kg,Hortaliças,CEASA-TO Palmas(TO),TO,4.75,2026-07-09
Chuchu,1Kg,Hortaliças,CEASA-AL Maceió(AL),AL,2.0,2026-07-09
Chuchu,1Kg,Hortaliças,AMA-BA Juazeiro(BA),BA,4.0,2026-07-09
Chuchu,1Kg,Hortaliças,CEASA-PR Cascavel(PR),PR,3.3,2026-07-09
Chuchu,1Kg,Hortaliças,CEASA-RS Porto Alegre(RS),RS,2.5,2026-07-09
Couve,1Kg,Hortaliças,CEASA-MT Cuiabá(MT),MT,13.33,2026-07-09
Couve,1Kg,Hortaliças,CEASA-PE Recife(PE),PE,8.0,2026-07-09
Couve,1Kg,Hortaliças,CEASAMINAS Uberaba(MG),MG,16.66,2026-07-09
Couve,1Kg,Hortaliças,CEASA-PR Foz do Iguaçu(PR),PR,4.0,2026-07-09
Couve,1Kg,Hortaliças,CEASA-ES Vitória(ES),ES,4.55,2026-07-09
Couve,1Kg,Hortaliças,CEASA-RN Natal(RN),RN,18.0,2026-07-09
Couve,1Kg,Hortaliças,CEASA-RJ Rio de Janeiro(RJ),RJ,10.0,2026-07-09
Couve,1Kg,Hortaliças,CEASA-CE Tianguá(CE),CE,2.0,2026-07-09
Couve,1Kg,Hortaliças,CEASA-PR Curitiba(PR),PR,6.25,2026-07-09
Couve,1Kg,Hortaliças,CEASA-AL Maceió(AL),AL,5.0,2026-07-09
Couve,1Kg,Hortaliças,AMA-BA Juazeiro(BA),BA,5.0,2026-07-09
Couve,1Kg,Hortaliças,CEASA-PR Cascavel(PR),PR,8.0,2026-07-09
Couve,1Kg,Hortaliças,CEASA-RS Porto Alegre(RS),RS,3.12,2026-07-09
Couve-Flor,1Un,Hortaliças,CEASA-MT Cuiabá(MT),MT,8.0,2026-07-09
Couve-Flor,1Un,Hortaliças,CEASA-PE Recife(PE),PE,7.0,2026-07-09
Couve-Flor,1Un,Hortaliças,CEASAMINAS Uberaba(MG),MG,8.0,2026-07-09
Couve-Flor,1Un,Hortaliças,CEASA-PR Foz do Iguaçu(PR),PR,8.0,2026-07-09
Couve-Flor,1Un,Hortaliças,CEASA-ES Vitória(ES),ES,3.3,2026-07-09
Couve-Flor,1Un,Hortaliças,CEASA-RN Natal(RN),RN,12.0,2026-07-09
Couve-Flor,1Un,Hortaliças,CEASA-RJ Rio de Janeiro(RJ),RJ,2.19,2026-07-09
Couve-Flor,1Un,Hortaliças,CEASA-CE Fortaleza(CE),CE,2.5,2026-07-09
Couve-Flor,1Un,Hortaliças,CEASA-CE Tianguá(CE),CE,3.0,2026-07-09
Couve-Flor,1Un,Hortaliças,CEASA-PR Curitiba(PR),PR,3.33,2026-07-09
Couve-Flor,1Un,Hortaliças,CEASA-AL Maceió(AL),AL,9.0,2026-07-09
Couve-Flor,1Un,Hortaliças,CEASA-PR Cascavel(PR),PR,8.0,2026-07-09
Couve-Flor,1Un,Hortaliças,CEASA-RS Porto Alegre(RS),RS,4.16,2026-07-09
Pepino,1Kg,Hortaliças,CEASA-MT Cuiabá(MT),MT,4.1,2026-07-09
Pepino,1Kg,Hortaliças,CEASA-PE Recife(PE),PE,1.67,2026-07-09
Pepino,1Kg,Hortaliças,CEASAMINAS Uberaba(MG),MG,4.16,2026-07-09
Pepino,1Kg,Hortaliças,CEASA-PR Foz do Iguaçu(PR),PR,7.5,2026-07-09
Pepino,1Kg,Hortaliças,CEASA-ES Vitória(ES),ES,2.58,2026-07-09
Pepino,1Kg,Hortaliças,CEASA-RN Natal(RN),RN,3.7,2026-07-09
Pepino,1Kg,Hortaliças,CEASA-RJ Rio de Janeiro(RJ),RJ,1.18,2026-07-09
Pepino,1Kg,Hortaliças,CEASA-CE Fortaleza(CE),CE,2.0,2026-07-09
Pepino,1Kg,Hortaliças,CEASA-CE Tianguá(CE),CE,1.0,2026-07-09
Pepino,1Kg,Hortaliças,CEASA-PR Curitiba(PR),PR,3.5,2026-07-09
Pepino,1Kg,Hortaliças,CEASA-TO Palmas(TO),TO,4.75,2026-07-09
Pepino,1Kg,Hortaliças,CEASA-AL Maceió(AL),AL,2.5,2026-07-09
Pepino,1Kg,Hortaliças,AMA-BA Juazeiro(BA),BA,3.5,2026-07-09
Pepino,1Kg,Hortaliças,CEASA-PR Cascavel(PR),PR,4.5,2026-07-09
Pepino,1Kg,Hortaliças,CEASA-RS Porto Alegre(RS),RS,3.33,2026-07-09
Pimentão Verde,1Kg,Hortaliças,CEASA-MT Cuiabá(MT),MT,9.47,2026-07-09
Pimentão Verde,1Kg,Hortaliças,CEASA-PE Recife(PE),PE,2.86,2026-07-09
Pimentão Verde,1Kg,Hortaliças,CEASAMINAS Uberaba(MG),MG,4.54,2026-07-09
Pimentão Verde,1Kg,Hortaliças,CEASA-PR Foz do Iguaçu(PR),PR,6.52,2026-07-09
Pimentão Verde,1Kg,Hortaliças,CEASA-ES Vitória(ES),ES,6.43,2026-07-09
Pimentão Verde,1Kg,Hortaliças,CEASA-RN Natal(RN),RN,3.85,2026-07-09
Pimentão Verde,1Kg,Hortaliças,CEASA-RJ Rio de Janeiro(RJ),RJ,5.0,2026-07-09
Pimentão Verde,1Kg,Hortaliças,CEASA-CE Fortaleza(CE),CE,5.0,2026-07-09
Pimentão Verde,1Kg,Hortaliças,CEASA-CE Tianguá(CE),CE,3.33,2026-07-09
Pimentão Verde,1Kg,Hortaliças,CEASA-PR Curitiba(PR),PR,7.08,2026-07-09
Pimentão Verde,1Kg,Hortaliças,CEASA-TO Palmas(TO),TO,11.5,2026-07-09
Pimentão Verde,1Kg,Hortaliças,CEASA-AL Maceió(AL),AL,3.6,2026-07-09
Pimentão Verde,1Kg,Hortaliças,AMA-BA Juazeiro(BA),BA,3.75,2026-07-09
Pimentão Verde,1Kg,Hortaliças,CEASA-PR Cascavel(PR),PR,10.0,2026-07-09
Pimentão Verde,1Kg,Hortaliças,CEASA-RS Porto Alegre(RS),RS,9.0,2026-07-09
Quiabo,1Kg,Hortaliças,CEASA-MT Cuiabá(MT),MT,13.64,2026-07-09
Quiabo,1Kg,Hortaliças,CEASA-PE Recife(PE),PE,10.0,2026-07-09
Quiabo,1Kg,Hortaliças,CEASAMINAS Uberaba(MG),MG,8.57,2026-07-09
Quiabo,1Kg,Hortaliças,CEASA-PR Foz do Iguaçu(PR),PR,10.0,2026-07-09
Quiabo,1Kg,Hortaliças,CEASA-ES Vitória(ES),ES,9.39,2026-07-09
Quiabo,1Kg,Hortaliças,CEASA-RN Natal(RN),RN,8.0,2026-07-09
Quiabo,1Kg,Hortaliças,CEASA-RJ Rio de Janeiro(RJ),RJ,5.0,2026-07-09
Quiabo,1Kg,Hortaliças,CEASA-CE Fortaleza(CE),CE,15.0,2026-07-09
Quiabo,1Kg,Hortaliças,CEASA-CE Tianguá(CE),CE,6.0,2026-07-09
Quiabo,1Kg,Hortaliças,CEASA-PR Curitiba(PR),PR,10.0,2026-07-09
Quiabo,1Kg,Hortaliças,CEASA-AL Maceió(AL),AL,5.0,2026-07-09
Quiabo,1Kg,Hortaliças,AMA-BA Juazeiro(BA),BA,6.0,2026-07-09
Quiabo,1Kg,Hortaliças,CEASA-PR Cascavel(PR),PR,16.0,2026-07-09
Quiabo,1Kg,Hortaliças,CEASA-RS Porto Alegre(RS),RS,11.33,2026-07-09
Repolho,1Kg,Hortaliças,CEASA-MT Cuiabá(MT),MT,3.56,2026-07-09
Repolho,1Kg,Hortaliças,CEASA-PE Recife(PE),PE,1.85,2026-07-09
Repolho,1Kg,Hortaliças,CEASAMINAS Uberaba(MG),MG,2.33,2026-07-09
Repolho,1Kg,Hortaliças,CEASA-PR Foz do Iguaçu(PR),PR,2.5,2026-07-09
Repolho,1Kg,Hortaliças,CEASA-ES Vitória(ES),ES,2.4,2026-07-09
Repolho,1Kg,Hortaliças,CEASA-RN Natal(RN),RN,5.0,2026-07-09
Repolho,1Kg,Hortaliças,CEASA-RJ Rio de Janeiro(RJ),RJ,3.33,2026-07-09
Repolho,1Kg,Hortaliças,CEASA-CE Fortaleza(CE),CE,7.5,2026-07-09
Repolho,1Kg,Hortaliças,CEASA-CE Tianguá(CE),CE,7.5,2026-07-09
Repolho,1Kg,Hortaliças,CEASA-PR Curitiba(PR),PR,1.6,2026-07-09
Repolho,1Kg,Hortaliças,CEASA-TO Palmas(TO),TO,6.0,2026-07-09
Repolho,1Kg,Hortaliças,CEASA-AL Maceió(AL),AL,2.0,2026-07-09
Repolho,1Kg,Hortaliças,AMA-BA Juazeiro(BA),BA,5.0,2026-07-09
Repolho,1Kg,Hortaliças,CEASA-PR Cascavel(PR),PR,3.8,2026-07-09
Repolho,1Kg,Hortaliças,CEASA-RS Porto Alegre(RS),RS,1.67,2026-07-09
Tomate,1Kg,Hortaliças,CEASA-MT Cuiabá(MT),MT,7.37,2026-07-09
Tomate,1Kg,Hortaliças,CEASA-PE Recife(PE),PE,1.92,2026-07-09
Tomate,1Kg,Hortaliças,CEASAMINAS Uberaba(MG),MG,3.63,2026-07-09
Tomate,1Kg,Hortaliças,CEASA-PR Foz do Iguaçu(PR),PR,6.0,2026-07-09
Tomate,1Kg,Hortaliças,CEASA-ES Vitória(ES),ES,3.94,2026-07-09
Tomate,1Kg,Hortaliças,CEASA-RN Natal(RN),RN,2.67,2026-07-09
Tomate,1Kg,Hortaliças,CEASA-RJ Rio de Janeiro(RJ),RJ,3.89,2026-07-09
Tomate,1Kg,Hortaliças,CEASA-CE Fortaleza(CE),CE,4.6,2026-07-09
Tomate,1Kg,Hortaliças,CEASA-CE Tianguá(CE),CE,3.6,2026-07-09
Tomate,1Kg,Hortaliças,CEASA-PR Curitiba(PR),PR,4.5,2026-07-09
Tomate,1Kg,Hortaliças,CEASA-TO Palmas(TO),TO,6.4,2026-07-09
Tomate,1Kg,Hortaliças,CEASA-AL Maceió(AL),AL,2.35,2026-07-09
Tomate,1Kg,Hortaliças,AMA-BA Juazeiro(BA),BA,1.15,2026-07-09
Tomate,1Kg,Hortaliças,CEASA-PR Cascavel(PR),PR,5.0,2026-07-09
Tomate,1Kg,Hortaliças,CEASA-RS Porto Alegre(RS),RS,4.5,2026-07-09
Vagem,1Kg,Hortaliças,CEASA-MT Cuiabá(MT),MT,12.73,2026-07-09
Vagem,1Kg,Hortaliças,CEASA-PE Recife(PE),PE,8.0,2026-07-09
Vagem,1Kg,Hortaliças,CEASAMINAS Uberaba(MG),MG,9.23,2026-07-09
Vagem,1Kg,Hortaliças,CEASA-PR Foz do Iguaçu(PR),PR,12.5,2026-07-09
Vagem,1Kg,Hortaliças,CEASA-ES Vitória(ES),ES,3.64,2026-07-09
Vagem,1Kg,Hortaliças,CEASA-RN Natal(RN),RN,10.0,2026-07-09
Vagem,1Kg,Hortaliças,CEASA-RJ Rio de Janeiro(RJ),RJ,7.0,2026-07-09
Vagem,1Kg,Hortaliças,CEASA-CE Fortaleza(CE),CE,5.0,2026-07-09
Vagem,1Kg,Hortaliças,CEASA-CE Tianguá(CE),CE,4.0,2026-07-09
Vagem,1Kg,Hortaliças,CEASA-PR Curitiba(PR),PR,8.0,2026-07-09
Vagem,1Kg,Hortaliças,CEASA-AL Maceió(AL),AL,6.0,2026-07-09
Vagem,1Kg,Hortaliças,AMA-BA Juazeiro(BA),BA,9.0,2026-07-09
Vagem,1Kg,Hortaliças,CEASA-PR Cascavel(PR),PR,14.0,2026-07-09
Vagem,1Kg,Hortaliças,CEASA-RS Porto Alegre(RS),RS,15.0,2026-07-09
Abóbora,1Kg,Hortaliças,CEASA-MT Cuiabá(MT),MT,3.16,2026-07-08
Abóbora,1Kg,Hortaliças,CEASA-PE Recife(PE),PE,2.8,2026-07-08
Abóbora,1Kg,Hortaliças,CEASA-PR Foz do Iguaçu(PR),PR,3.5,2026-07-08
Abóbora,1Kg,Hortaliças,CEASA-ES Vitória(ES),ES,2.54,2026-07-08
Abóbora,1Kg,Hortaliças,CEASA-RN Natal(RN),RN,2.0,2026-07-08
Abóbora,1Kg,Hortaliças,CEASA-BA Salvador(BA),BA,3.0,2026-07-08
Abóbora,1Kg,Hortaliças,CEASAMINAS Belo Horizonte(MG),MG,2.0,2026-07-08
Abóbora,1Kg,Hortaliças,CEASA-RJ Rio de Janeiro(RJ),RJ,2.5,2026-07-08
Abóbora,1Kg,Hortaliças,CEASA-CE Fortaleza(CE),CE,3.15,2026-07-08
Abóbora,1Kg,Hortaliças,CEASA-PR Curitiba(PR),PR,2.5,2026-07-08
Abóbora,1Kg,Hortaliças,CEASA-AL Maceió(AL),AL,2.0,2026-07-08
Abóbora,1Kg,Hortaliças,AMA-BA Juazeiro(BA),BA,2.5,2026-07-08
Abóbora,1Kg,Hortaliças,CEASA-MA São Luís(MA),MA,3.43,2026-07-08
Abóbora,1Kg,Hortaliças,CEASA-SP Campinas(SP),SP,2.0,2026-07-08
Abóbora,1Kg,Hortaliças,CEAGESP São Paulo(SP),SP,2.95,2026-07-08
Abóbora,1Kg,Hortaliças,CEAGESP Araraquara(SP),SP,3.72,2026-07-08
Abobrinha,1Kg,Hortaliças,CEASA-MT Cuiabá(MT),MT,5.88,2026-07-08
Abobrinha,1Kg,Hortaliças,CEASA-PE Recife(PE),PE,3.0,2026-07-08
Abobrinha,1Kg,Hortaliças,CEASA-PR Foz do Iguaçu(PR),PR,3.75,2026-07-08
Abobrinha,1Kg,Hortaliças,CEASA-ES Vitória(ES),ES,3.36,2026-07-08
Abobrinha,1Kg,Hortaliças,CEASA-RN Natal(RN),RN,2.8,2026-07-08
Abobrinha,1Kg,Hortaliças,CEASA-BA Salvador(BA),BA,2.1,2026-07-08
Abobrinha,1Kg,Hortaliças,CEASAMINAS Belo Horizonte(MG),MG,2.5,2026-07-08
Abobrinha,1Kg,Hortaliças,CEASA-RJ Rio de Janeiro(RJ),RJ,1.88,2026-07-08
Abobrinha,1Kg,Hortaliças,CEASA-CE Fortaleza(CE),CE,3.5,2026-07-08
Abobrinha,1Kg,Hortaliças,CEASA-PR Curitiba(PR),PR,4.0,2026-07-08
Abobrinha,1Kg,Hortaliças,CEASA-AL Maceió(AL),AL,3.0,2026-07-08
Abobrinha,1Kg,Hortaliças,AMA-BA Juazeiro(BA),BA,3.33,2026-07-08
Abobrinha,1Kg,Hortaliças,CEASA-MA São Luís(MA),MA,3.18,2026-07-08
Abobrinha,1Kg,Hortaliças,CEASA-SP Campinas(SP),SP,4.44,2026-07-08
Abobrinha,1Kg,Hortaliças,CEAGESP São Paulo(SP),SP,2.06,2026-07-08
Abobrinha,1Kg,Hortaliças,CEAGESP Araraquara(SP),SP,5.62,2026-07-08
Alface,1Dz,Hortaliças,CEASA-MT Cuiabá(MT),MT,25.0,2026-07-08
Alface,1Dz,Hortaliças,CEASA-PE Recife(PE),PE,12.0,2026-07-08
Alface,1Dz,Hortaliças,CEASA-PR Foz do Iguaçu(PR),PR,20.0,2026-07-08
Alface,1Dz,Hortaliças,CEASA-ES Vitória(ES),ES,20.0,2026-07-08
Alface,1Dz,Hortaliças,CEASA-RN Natal(RN),RN,20.4,2026-07-08
Alface,1Dz,Hortaliças,CEASAMINAS Belo Horizonte(MG),MG,25.0,2026-07-08
Alface,1Dz,Hortaliças,CEASA-RJ Rio de Janeiro(RJ),RJ,20.0,2026-07-08
Alface,1Dz,Hortaliças,CEASA-CE Fortaleza(CE),CE,36.0,2026-07-08
Alface,1Dz,Hortaliças,CEASA-PR Curitiba(PR),PR,40.0,2026-07-08
Alface,1Dz,Hortaliças,CEASA-AL Maceió(AL),AL,18.0,2026-07-08
Alface,1Dz,Hortaliças,AMA-BA Juazeiro(BA),BA,8.0,2026-07-08
Alface,1Dz,Hortaliças,CEASA-MA São Luís(MA),MA,26.18,2026-07-08
Alface,1Dz,Hortaliças,CEASA-SP Campinas(SP),SP,30.0,2026-07-08
Alface,1Dz,Hortaliças,CEAGESP São Paulo(SP),SP,26.15,2026-07-08
Berinjela,1Kg,Hortaliças,CEASA-MT Cuiabá(MT),MT,3.64,2026-07-08
Berinjela,1Kg,Hortaliças,CEASA-PE Recife(PE),PE,4.0,2026-07-08
Berinjela,1Kg,Hortaliças,CEASA-PR Foz do Iguaçu(PR),PR,5.0,2026-07-08
Berinjela,1Kg,Hortaliças,CEASA-ES Vitória(ES),ES,3.0,2026-07-08
Berinjela,1Kg,Hortaliças,CEASA-RN Natal(RN),RN,5.0,2026-07-08
Berinjela,1Kg,Hortaliças,CEASA-BA Salvador(BA),BA,3.65,2026-07-08
Berinjela,1Kg,Hortaliças,CEASAMINAS Belo Horizonte(MG),MG,2.08,2026-07-08
Berinjela,1Kg,Hortaliças,CEASA-RJ Rio de Janeiro(RJ),RJ,3.0,2026-07-08
Berinjela,1Kg,Hortaliças,CEASA-CE Fortaleza(CE),CE,2.3,2026-07-08
Berinjela,1Kg,Hortaliças,CEASA-PR Curitiba(PR),PR,5.0,2026-07-08
Berinjela,1Kg,Hortaliças,CEASA-AL Maceió(AL),AL,3.0,2026-07-08
Berinjela,1Kg,Hortaliças,AMA-BA Juazeiro(BA),BA,4.29,2026-07-08
Berinjela,1Kg,Hortaliças,CEASA-MA São Luís(MA),MA,5.35,2026-07-08
Berinjela,1Kg,Hortaliças,CEASA-SP Campinas(SP),SP,4.09,2026-07-08
Berinjela,1Kg,Hortaliças,CEAGESP São Paulo(SP),SP,2.43,2026-07-08
Berinjela,1Kg,Hortaliças,CEAGESP Araraquara(SP),SP,4.36,2026-07-08
Beterraba,1Kg,Hortaliças,CEASA-MT Cuiabá(MT),MT,3.68,2026-07-08
Beterraba,1Kg,Hortaliças,CEASA-PE Recife(PE),PE,3.5,2026-07-08
Beterraba,1Kg,Hortaliças,CEASA-PR Foz do Iguaçu(PR),PR,4.0,2026-07-08
Beterraba,1Kg,Hortaliças,CEASA-ES Vitória(ES),ES,4.17,2026-07-08
Beterraba,1Kg,Hortaliças,CEASA-RN Natal(RN),RN,2.9,2026-07-08
Beterraba,1Kg,Hortaliças,CEASA-BA Salvador(BA),BA,3.0,2026-07-08
Beterraba,1Kg,Hortaliças,CEASAMINAS Belo Horizonte(MG),MG,3.42,2026-07-08
Beterraba,1Kg,Hortaliças,CEASA-RJ Rio de Janeiro(RJ),RJ,2.5,2026-07-08
Beterraba,1Kg,Hortaliças,CEASA-CE Fortaleza(CE),CE,4.5,2026-07-08
Beterraba,1Kg,Hortaliças,CEASA-PR Curitiba(PR),PR,2.25,2026-07-08
Beterraba,1Kg,Hortaliças,CEASA-AL Maceió(AL),AL,3.5,2026-07-08
Beterraba,1Kg,Hortaliças,AMA-BA Juazeiro(BA),BA,3.5,2026-07-08
Beterraba,1Kg,Hortaliças,CEASA-MA São Luís(MA),MA,7.23,2026-07-08
Beterraba,1Kg,Hortaliças,CEASA-SP Campinas(SP),SP,2.5,2026-07-08
Beterraba,1Kg,Hortaliças,CEAGESP São Paulo(SP),SP,1.81,2026-07-08
Beterraba,1Kg,Hortaliças,CEAGESP Araraquara(SP),SP,2.5,2026-07-08
Brócolis,1Kg,Hortaliças,CEASA-MT Cuiabá(MT),MT,23.64,2026-07-08
Brócolis,1Kg,Hortaliças,CEASA-PE Recife(PE),PE,8.57,2026-07-08
Brócolis,1Kg,Hortaliças,CEASA-PR Foz do Iguaçu(PR),PR,6.0,2026-07-08
Brócolis,1Kg,Hortaliças,CEASA-ES Vitória(ES),ES,5.26,2026-07-08
Brócolis,1Kg,Hortaliças,CEASA-RN Natal(RN),RN,26.0,2026-07-08
Brócolis,1Kg,Hortaliças,CEASA-BA Salvador(BA),BA,11.25,2026-07-08
Brócolis,1Kg,Hortaliças,CEASAMINAS Belo Horizonte(MG),MG,8.33,2026-07-08
Brócolis,1Kg,Hortaliças,CEASA-RJ Rio de Janeiro(RJ),RJ,5.0,2026-07-08
Brócolis,1Kg,Hortaliças,CEASA-CE Fortaleza(CE),CE,20.0,2026-07-08
Brócolis,1Kg,Hortaliças,CEASA-PR Curitiba(PR),PR,5.83,2026-07-08
Brócolis,1Kg,Hortaliças,CEASA-AL Maceió(AL),AL,27.0,2026-07-08
Brócolis,1Kg,Hortaliças,CEASA-MA São Luís(MA),MA,14.95,2026-07-08
Brócolis,1Kg,Hortaliças,CEASA-SP Campinas(SP),SP,5.71,2026-07-08
Brócolis,1Kg,Hortaliças,CEAGESP São Paulo(SP),SP,2.47,2026-07-08
Brócolis,1Kg,Hortaliças,CEAGESP Araraquara(SP),SP,3.69,2026-07-08
Cenoura,1Kg,Hortaliças,CEASA-MT Cuiabá(MT),MT,6.15,2026-07-08
Cenoura,1Kg,Hortaliças,CEASA-PE Recife(PE),PE,6.0,2026-07-08
Cenoura,1Kg,Hortaliças,CEASA-PR Foz do Iguaçu(PR),PR,7.0,2026-07-08
Cenoura,1Kg,Hortaliças,CEASA-ES Vitória(ES),ES,5.5,2026-07-08
Cenoura,1Kg,Hortaliças,CEASA-RN Natal(RN),RN,5.94,2026-07-08
Cenoura,1Kg,Hortaliças,CEASA-BA Salvador(BA),BA,5.5,2026-07-08
Cenoura,1Kg,Hortaliças,CEASAMINAS Belo Horizonte(MG),MG,4.25,2026-07-08
Cenoura,1Kg,Hortaliças,CEASA-RJ Rio de Janeiro(RJ),RJ,4.5,2026-07-08
Cenoura,1Kg,Hortaliças,CEASA-CE Fortaleza(CE),CE,6.25,2026-07-08
Cenoura,1Kg,Hortaliças,CEASA-PR Curitiba(PR),PR,4.5,2026-07-08
Cenoura,1Kg,Hortaliças,CEASA-AL Maceió(AL),AL,6.0,2026-07-08
Cenoura,1Kg,Hortaliças,AMA-BA Juazeiro(BA),BA,5.5,2026-07-08
Cenoura,1Kg,Hortaliças,CEASA-MA São Luís(MA),MA,9.25,2026-07-08
Cenoura,1Kg,Hortaliças,CEASA-SP Campinas(SP),SP,4.5,2026-07-08
Cenoura,1Kg,Hortaliças,CEAGESP São Paulo(SP),SP,4.35,2026-07-08
Cenoura,1Kg,Hortaliças,CEAGESP Araraquara(SP),SP,4.67,2026-07-08
Chuchu,1Kg,Hortaliças,CEASA-MT Cuiabá(MT),MT,3.11,2026-07-08
Chuchu,1Kg,Hortaliças,CEASA-PE Recife(PE),PE,2.0,2026-07-08
Chuchu,1Kg,Hortaliças,CEASA-PR Foz do Iguaçu(PR),PR,3.6,2026-07-08
Chuchu,1Kg,Hortaliças,CEASA-ES Vitória(ES),ES,1.22,2026-07-08
Chuchu,1Kg,Hortaliças,CEASA-RN Natal(RN),RN,3.3,2026-07-08
Chuchu,1Kg,Hortaliças,CEASA-BA Salvador(BA),BA,2.4,2026-07-08
Chuchu,1Kg,Hortaliças,CEASAMINAS Belo Horizonte(MG),MG,1.84,2026-07-08
Chuchu,1Kg,Hortaliças,CEASA-RJ Rio de Janeiro(RJ),RJ,1.39,2026-07-08
Chuchu,1Kg,Hortaliças,CEASA-CE Fortaleza(CE),CE,2.7,2026-07-08
Chuchu,1Kg,Hortaliças,CEASA-PR Curitiba(PR),PR,2.5,2026-07-08
Chuchu,1Kg,Hortaliças,CEASA-AL Maceió(AL),AL,2.0,2026-07-08
Chuchu,1Kg,Hortaliças,AMA-BA Juazeiro(BA),BA,4.0,2026-07-08
Chuchu,1Kg,Hortaliças,CEASA-MA São Luís(MA),MA,4.25,2026-07-08
Chuchu,1Kg,Hortaliças,CEASA-SP Campinas(SP),SP,1.4,2026-07-08
Chuchu,1Kg,Hortaliças,CEAGESP São Paulo(SP),SP,1.11,2026-07-08
Couve,1Kg,Hortaliças,CEASA-MT Cuiabá(MT),MT,13.33,2026-07-08
Couve,1Kg,Hortaliças,CEASA-PE Recife(PE),PE,10.0,2026-07-08
Couve,1Kg,Hortaliças,CEASA-PR Foz do Iguaçu(PR),PR,4.0,2026-07-08
Couve,1Kg,Hortaliças,CEASA-ES Vitória(ES),ES,4.55,2026-07-08
Couve,1Kg,Hortaliças,CEASA-RN Natal(RN),RN,18.0,2026-07-08
Couve,1Kg,Hortaliças,CEASAMINAS Belo Horizonte(MG),MG,11.76,2026-07-08
Couve,1Kg,Hortaliças,CEASA-RJ Rio de Janeiro(RJ),RJ,10.0,2026-07-08
Couve,1Kg,Hortaliças,CEASA-PR Curitiba(PR),PR,6.25,2026-07-08
Couve,1Kg,Hortaliças,CEASA-AL Maceió(AL),AL,5.0,2026-07-08
Couve,1Kg,Hortaliças,AMA-BA Juazeiro(BA),BA,5.0,2026-07-08
Couve,1Kg,Hortaliças,CEASA-MA São Luís(MA),MA,28.0,2026-07-08
Couve,1Kg,Hortaliças,CEASA-SP Campinas(SP),SP,6.25,2026-07-08
Couve,1Kg,Hortaliças,CEAGESP São Paulo(SP),SP,3.9,2026-07-08
Couve-Flor,1Un,Hortaliças,CEASA-MT Cuiabá(MT),MT,8.0,2026-07-08
Couve-Flor,1Un,Hortaliças,CEASA-PE Recife(PE),PE,7.0,2026-07-08
Couve-Flor,1Un,Hortaliças,CEASA-PR Foz do Iguaçu(PR),PR,8.0,2026-07-08
Couve-Flor,1Un,Hortaliças,CEASA-ES Vitória(ES),ES,2.9,2026-07-08
Couve-Flor,1Un,Hortaliças,CEASA-RN Natal(RN),RN,12.0,2026-07-08
Couve-Flor,1Un,Hortaliças,CEASA-BA Salvador(BA),BA,10.0,2026-07-08
Couve-Flor,1Un,Hortaliças,CEASAMINAS Belo Horizonte(MG),MG,5.0,2026-07-08
Couve-Flor,1Un,Hortaliças,CEASA-RJ Rio de Janeiro(RJ),RJ,2.19,2026-07-08
Couve-Flor,1Un,Hortaliças,CEASA-CE Fortaleza(CE),CE,2.0,2026-07-08
Couve-Flor,1Un,Hortaliças,CEASA-PR Curitiba(PR),PR,3.33,2026-07-08
Couve-Flor,1Un,Hortaliças,CEASA-AL Maceió(AL),AL,9.0,2026-07-08
Couve-Flor,1Un,Hortaliças,CEASA-MA São Luís(MA),MA,9.95,2026-07-08
Couve-Flor,1Un,Hortaliças,CEASA-SP Campinas(SP),SP,6.4,2026-07-08
Couve-Flor,1Un,Hortaliças,CEAGESP São Paulo(SP),SP,5.03,2026-07-08
Couve-Flor,1Un,Hortaliças,CEAGESP Araraquara(SP),SP,7.5,2026-07-08
Pepino,1Kg,Hortaliças,CEASA-MT Cuiabá(MT),MT,4.1,2026-07-08
Pepino,1Kg,Hortaliças,CEASA-PE Recife(PE),PE,1.0,2026-07-08
Pepino,1Kg,Hortaliças,CEASA-PR Foz do Iguaçu(PR),PR,7.5,2026-07-08
Pepino,1Kg,Hortaliças,CEASA-ES Vitória(ES),ES,2.41,2026-07-08
Pepino,1Kg,Hortaliças,CEASA-RN Natal(RN),RN,3.7,2026-07-08
Pepino,1Kg,Hortaliças,CEASA-BA Salvador(BA),BA,1.9,2026-07-08
Pepino,1Kg,Hortaliças,CEASAMINAS Belo Horizonte(MG),MG,1.84,2026-07-08
Pepino,1Kg,Hortaliças,CEASA-RJ Rio de Janeiro(RJ),RJ,1.76,2026-07-08
Pepino,1Kg,Hortaliças,CEASA-CE Fortaleza(CE),CE,1.8,2026-07-08
Pepino,1Kg,Hortaliças,CEASA-PR Curitiba(PR),PR,3.0,2026-07-08
Pepino,1Kg,Hortaliças,CEASA-AL Maceió(AL),AL,2.5,2026-07-08
Pepino,1Kg,Hortaliças,AMA-BA Juazeiro(BA),BA,3.5,2026-07-08
Pepino,1Kg,Hortaliças,CEASA-MA São Luís(MA),MA,3.6,2026-07-08
Pepino,1Kg,Hortaliças,CEASA-SP Campinas(SP),SP,2.75,2026-07-08
Pepino,1Kg,Hortaliças,CEAGESP São Paulo(SP),SP,2.64,2026-07-08
Pepino,1Kg,Hortaliças,CEAGESP Araraquara(SP),SP,5.53,2026-07-08
Pimentão Verde,1Kg,Hortaliças,CEASA-MT Cuiabá(MT),MT,9.47,2026-07-08
Pimentão Verde,1Kg,Hortaliças,CEASA-PE Recife(PE),PE,2.86,2026-07-08
Pimentão Verde,1Kg,Hortaliças,CEASA-PR Foz do Iguaçu(PR),PR,6.52,2026-07-08
Pimentão Verde,1Kg,Hortaliças,CEASA-ES Vitória(ES),ES,6.02,2026-07-08
Pimentão Verde,1Kg,Hortaliças,CEASA-RN Natal(RN),RN,3.5,2026-07-08
Pimentão Verde,1Kg,Hortaliças,CEASA-BA Salvador(BA),BA,5.6,2026-07-08
Pimentão Verde,1Kg,Hortaliças,CEASAMINAS Belo Horizonte(MG),MG,8.33,2026-07-08
Pimentão Verde,1Kg,Hortaliças,CEASA-RJ Rio de Janeiro(RJ),RJ,6.0,2026-07-08
Pimentão Verde,1Kg,Hortaliças,CEASA-CE Fortaleza(CE),CE,4.45,2026-07-08
Pimentão Verde,1Kg,Hortaliças,CEASA-PR Curitiba(PR),PR,7.08,2026-07-08
Pimentão Verde,1Kg,Hortaliças,CEASA-AL Maceió(AL),AL,3.6,2026-07-08
Pimentão Verde,1Kg,Hortaliças,AMA-BA Juazeiro(BA),BA,2.92,2026-07-08
Pimentão Verde,1Kg,Hortaliças,CEASA-MA São Luís(MA),MA,9.31,2026-07-08
Pimentão Verde,1Kg,Hortaliças,CEASA-SP Campinas(SP),SP,6.82,2026-07-08
Pimentão Verde,1Kg,Hortaliças,CEAGESP São Paulo(SP),SP,5.23,2026-07-08
Pimentão Verde,1Kg,Hortaliças,CEAGESP Araraquara(SP),SP,7.27,2026-07-08
Quiabo,1Kg,Hortaliças,CEASA-MT Cuiabá(MT),MT,13.64,2026-07-08
Quiabo,1Kg,Hortaliças,CEASA-PE Recife(PE),PE,10.0,2026-07-08
Quiabo,1Kg,Hortaliças,CEASA-PR Foz do Iguaçu(PR),PR,10.0,2026-07-08
Quiabo,1Kg,Hortaliças,CEASA-ES Vitória(ES),ES,9.09,2026-07-08
Quiabo,1Kg,Hortaliças,CEASA-RN Natal(RN),RN,8.0,2026-07-08
Quiabo,1Kg,Hortaliças,CEASA-BA Salvador(BA),BA,3.6,2026-07-08
Quiabo,1Kg,Hortaliças,CEASAMINAS Belo Horizonte(MG),MG,5.0,2026-07-08
Quiabo,1Kg,Hortaliças,CEASA-RJ Rio de Janeiro(RJ),RJ,4.17,2026-07-08
Quiabo,1Kg,Hortaliças,CEASA-CE Fortaleza(CE),CE,15.0,2026-07-08
Quiabo,1Kg,Hortaliças,CEASA-PR Curitiba(PR),PR,10.0,2026-07-08
Quiabo,1Kg,Hortaliças,CEASA-AL Maceió(AL),AL,5.0,2026-07-08
Quiabo,1Kg,Hortaliças,AMA-BA Juazeiro(BA),BA,6.5,2026-07-08
Quiabo,1Kg,Hortaliças,CEASA-MA São Luís(MA),MA,20.7,2026-07-08
Quiabo,1Kg,Hortaliças,CEASA-SP Campinas(SP),SP,10.36,2026-07-08
Quiabo,1Kg,Hortaliças,CEAGESP São Paulo(SP),SP,7.61,2026-07-08
Quiabo,1Kg,Hortaliças,CEAGESP Araraquara(SP),SP,17.08,2026-07-08
Repolho,1Kg,Hortaliças,CEASA-MT Cuiabá(MT),MT,3.56,2026-07-08
Repolho,1Kg,Hortaliças,CEASA-PE Recife(PE),PE,1.85,2026-07-08
Repolho,1Kg,Hortaliças,CEASA-PR Foz do Iguaçu(PR),PR,2.5,2026-07-08
Repolho,1Kg,Hortaliças,CEASA-ES Vitória(ES),ES,2.15,2026-07-08
Repolho,1Kg,Hortaliças,CEASA-RN Natal(RN),RN,4.0,2026-07-08
Repolho,1Kg,Hortaliças,CEASA-BA Salvador(BA),BA,3.5,2026-07-08
Repolho,1Kg,Hortaliças,CEASAMINAS Belo Horizonte(MG),MG,2.0,2026-07-08
Repolho,1Kg,Hortaliças,CEASA-RJ Rio de Janeiro(RJ),RJ,2.67,2026-07-08
Repolho,1Kg,Hortaliças,CEASA-CE Fortaleza(CE),CE,6.5,2026-07-08
Repolho,1Kg,Hortaliças,CEASA-PR Curitiba(PR),PR,1.6,2026-07-08
Repolho,1Kg,Hortaliças,CEASA-AL Maceió(AL),AL,2.0,2026-07-08
Repolho,1Kg,Hortaliças,AMA-BA Juazeiro(BA),BA,4.5,2026-07-08
Repolho,1Kg,Hortaliças,CEASA-MA São Luís(MA),MA,8.8,2026-07-08
Repolho,1Kg,Hortaliças,CEASA-SP Campinas(SP),SP,2.4,2026-07-08
Repolho,1Kg,Hortaliças,CEAGESP São Paulo(SP),SP,2.23,2026-07-08
Repolho,1Kg,Hortaliças,CEAGESP Araraquara(SP),SP,3.0,2026-07-08
Tomate,1Kg,Hortaliças,CEASA-MT Cuiabá(MT),MT,7.37,2026-07-08
Tomate,1Kg,Hortaliças,CEASA-PE Recife(PE),PE,1.54,2026-07-08
Tomate,1Kg,Hortaliças,CEASA-PR Foz do Iguaçu(PR),PR,6.0,2026-07-08
Tomate,1Kg,Hortaliças,CEASA-ES Vitória(ES),ES,3.94,2026-07-08
Tomate,1Kg,Hortaliças,CEASA-RN Natal(RN),RN,2.33,2026-07-08
Tomate,1Kg,Hortaliças,CEASA-BA Salvador(BA),BA,3.3,2026-07-08
Tomate,1Kg,Hortaliças,CEASAMINAS Belo Horizonte(MG),MG,3.25,2026-07-08
Tomate,1Kg,Hortaliças,CEASA-RJ Rio de Janeiro(RJ),RJ,4.44,2026-07-08
Tomate,1Kg,Hortaliças,CEASA-CE Fortaleza(CE),CE,4.5,2026-07-08
Tomate,1Kg,Hortaliças,CEASA-PR Curitiba(PR),PR,4.5,2026-07-08
Tomate,1Kg,Hortaliças,CEASA-AL Maceió(AL),AL,2.35,2026-07-08
Tomate,1Kg,Hortaliças,AMA-BA Juazeiro(BA),BA,1.15,2026-07-08
Tomate,1Kg,Hortaliças,CEASA-MA São Luís(MA),MA,23.43,2026-07-08
Tomate,1Kg,Hortaliças,CEASA-SP Campinas(SP),SP,4.75,2026-07-08
Tomate,1Kg,Hortaliças,CEAGESP São Paulo(SP),SP,3.2,2026-07-08
Tomate,1Kg,Hortaliças,CEAGESP Araraquara(SP),SP,4.33,2026-07-08
Vagem,1Kg,Hortaliças,CEASA-MT Cuiabá(MT),MT,12.73,2026-07-08
Vagem,1Kg,Hortaliças,CEASA-PE Recife(PE),PE,10.0,2026-07-08
Vagem,1Kg,Hortaliças,CEASA-PR Foz do Iguaçu(PR),PR,10.0,2026-07-08
Vagem,1Kg,Hortaliças,CEASA-ES Vitória(ES),ES,3.64,2026-07-08
Vagem,1Kg,Hortaliças,CEASA-RN Natal(RN),RN,10.0,2026-07-08
Vagem,1Kg,Hortaliças,CEASA-BA Salvador(BA),BA,8.0,2026-07-08
Vagem,1Kg,Hortaliças,CEASAMINAS Belo Horizonte(MG),MG,4.23,2026-07-08
Vagem,1Kg,Hortaliças,CEASA-RJ Rio de Janeiro(RJ),RJ,6.0,2026-07-08
Vagem,1Kg,Hortaliças,CEASA-CE Fortaleza(CE),CE,5.0,2026-07-08
Vagem,1Kg,Hortaliças,CEASA-PR Curitiba(PR),PR,8.0,2026-07-08
Vagem,1Kg,Hortaliças,CEASA-AL Maceió(AL),AL,6.0,2026-07-08
Vagem,1Kg,Hortaliças,AMA-BA Juazeiro(BA),BA,9.0,2026-07-08
Vagem,1Kg,Hortaliças,CEASA-MA São Luís(MA),MA,12.11,2026-07-08
Vagem,1Kg,Hortaliças,CEASA-SP Campinas(SP),SP,8.85,2026-07-08
Vagem,1Kg,Hortaliças,CEAGESP São Paulo(SP),SP,7.33,2026-07-08
Vagem,1Kg,Hortaliças,CEAGESP Araraquara(SP),SP,10.42,2026-07-08
Abóbora,1Kg,Hortaliças,CEAGESP Ribeirão Preto(SP),SP,2.9,2026-07-07
Abóbora,1Kg,Hortaliças,CEASA-MT Cuiabá(MT),MT,3.16,2026-07-07
Abóbora,1Kg,Hortaliças,CEASA-PE Recife(PE),PE,2.8,2026-07-07
Abóbora,1Kg,Hortaliças,CEASA-MS Campo Grande(MS),MS,4.5,2026-07-07
Abóbora,1Kg,Hortaliças,CEASA-PR Curitiba(PR),PR,2.0,2026-07-07
Abóbora,1Kg,Hortaliças,CEASA-ES Vitória(ES),ES,2.54,2026-07-07
Abóbora,1Kg,Hortaliças,CEASA-RN Natal(RN),RN,2.5,2026-07-07
Abóbora,1Kg,Hortaliças,CEASA-MA São Luís(MA),MA,3.43,2026-07-07
Abóbora,1Kg,Hortaliças,CEASA-PB Patos(PB),PB,3.5,2026-07-07
Abóbora,1Kg,Hortaliças,CEASA-RJ Rio de Janeiro(RJ),RJ,2.5,2026-07-07
Abóbora,1Kg,Hortaliças,CEASA-CE Fortaleza(CE),CE,4.15,2026-07-07
Abóbora,1Kg,Hortaliças,CEASA-CE Tianguá(CE),CE,3.0,2026-07-07
Abóbora,1Kg,Hortaliças,CEASA-AL Maceió(AL),AL,2.0,2026-07-07
Abóbora,1Kg,Hortaliças,AMA-BA Juazeiro(BA),BA,2.5,2026-07-07
Abóbora,1Kg,Hortaliças,CEASAMINAS Barbacena(MG),MG,2.25,2026-07-07
Abóbora,1Kg,Hortaliças,CEASA-PR Cascavel(PR),PR,3.2,2026-07-07
Abobrinha,1Kg,Hortaliças,CEAGESP Ribeirão Preto(SP),SP,3.68,2026-07-07
Abobrinha,1Kg,Hortaliças,CEASA-MT Cuiabá(MT),MT,5.88,2026-07-07
Abobrinha,1Kg,Hortaliças,CEASA-PE Recife(PE),PE,3.0,2026-07-07
Abobrinha,1Kg,Hortaliças,CEASA-MS Campo Grande(MS),MS,8.0,2026-07-07
Abobrinha,1Kg,Hortaliças,CEASA-PR Curitiba(PR),PR,3.5,2026-07-07
Abobrinha,1Kg,Hortaliças,CEASA-ES Vitória(ES),ES,2.69,2026-07-07
Abobrinha,1Kg,Hortaliças,CEASA-RN Natal(RN),RN,5.5,2026-07-07
Abobrinha,1Kg,Hortaliças,CEASA-MA São Luís(MA),MA,3.18,2026-07-07
Abobrinha,1Kg,Hortaliças,CEASA-PB Patos(PB),PB,4.33,2026-07-07
Abobrinha,1Kg,Hortaliças,CEASA-RJ Rio de Janeiro(RJ),RJ,1.88,2026-07-07
Abobrinha,1Kg,Hortaliças,CEASA-CE Fortaleza(CE),CE,3.75,2026-07-07
Abobrinha,1Kg,Hortaliças,CEASA-CE Tianguá(CE),CE,1.25,2026-07-07
Abobrinha,1Kg,Hortaliças,CEASA-AL Maceió(AL),AL,3.0,2026-07-07
Abobrinha,1Kg,Hortaliças,AMA-BA Juazeiro(BA),BA,3.33,2026-07-07
Abobrinha,1Kg,Hortaliças,CEASAMINAS Barbacena(MG),MG,3.88,2026-07-07
Abobrinha,1Kg,Hortaliças,CEASA-PR Cascavel(PR),PR,5.0,2026-07-07
Alface,1Dz,Hortaliças,CEAGESP Ribeirão Preto(SP),SP,26.8,2026-07-07
Alface,1Dz,Hortaliças,CEASA-MT Cuiabá(MT),MT,25.0,2026-07-07
Alface,1Dz,Hortaliças,CEASA-PE Recife(PE),PE,12.0,2026-07-07
Alface,1Dz,Hortaliças,CEASA-MS Campo Grande(MS),MS,5.7,2026-07-07
Alface,1Dz,Hortaliças,CEASA-PR Curitiba(PR),PR,40.0,2026-07-07
Alface,1Dz,Hortaliças,CEASA-ES Vitória(ES),ES,13.33,2026-07-07
Alface,1Dz,Hortaliças,CEASA-RN Natal(RN),RN,20.4,2026-07-07
Alface,1Dz,Hortaliças,CEASA-MA São Luís(MA),MA,26.18,2026-07-07
Alface,1Dz,Hortaliças,CEASA-PB Patos(PB),PB,24.0,2026-07-07
Alface,1Dz,Hortaliças,CEASA-RJ Rio de Janeiro(RJ),RJ,20.0,2026-07-07
Alface,1Dz,Hortaliças,CEASA-CE Fortaleza(CE),CE,36.0,2026-07-07
Alface,1Dz,Hortaliças,CEASA-CE Tianguá(CE),CE,5.29,2026-07-07
Alface,1Dz,Hortaliças,CEASA-AL Maceió(AL),AL,18.0,2026-07-07
Alface,1Dz,Hortaliças,AMA-BA Juazeiro(BA),BA,8.0,2026-07-07
Alface,1Dz,Hortaliças,CEASAMINAS Barbacena(MG),MG,15.0,2026-07-07
Alface,1Dz,Hortaliças,CEASA-PR Cascavel(PR),PR,48.0,2026-07-07
Berinjela,1Kg,Hortaliças,CEAGESP Ribeirão Preto(SP),SP,4.44,2026-07-07
Berinjela,1Kg,Hortaliças,CEASA-MT Cuiabá(MT),MT,3.64,2026-07-07
Berinjela,1Kg,Hortaliças,CEASA-PE Recife(PE),PE,4.0,2026-07-07
Berinjela,1Kg,Hortaliças,CEASA-MS Campo Grande(MS),MS,4.15,2026-07-07
Berinjela,1Kg,Hortaliças,CEASA-PR Curitiba(PR),PR,5.0,2026-07-07
Berinjela,1Kg,Hortaliças,CEASA-ES Vitória(ES),ES,3.0,2026-07-07
Berinjela,1Kg,Hortaliças,CEASA-RN Natal(RN),RN,5.0,2026-07-07
Berinjela,1Kg,Hortaliças,CEASA-MA São Luís(MA),MA,5.35,2026-07-07
Berinjela,1Kg,Hortaliças,CEASA-PB Patos(PB),PB,3.83,2026-07-07
Berinjela,1Kg,Hortaliças,CEASA-RJ Rio de Janeiro(RJ),RJ,3.0,2026-07-07
Berinjela,1Kg,Hortaliças,CEASA-CE Fortaleza(CE),CE,2.3,2026-07-07
Berinjela,1Kg,Hortaliças,CEASA-CE Tianguá(CE),CE,1.92,2026-07-07
Berinjela,1Kg,Hortaliças,CEASA-AL Maceió(AL),AL,3.0,2026-07-07
Berinjela,1Kg,Hortaliças,AMA-BA Juazeiro(BA),BA,4.29,2026-07-07
Berinjela,1Kg,Hortaliças,CEASAMINAS Barbacena(MG),MG,2.5,2026-07-07
Berinjela,1Kg,Hortaliças,CEASA-PR Cascavel(PR),PR,6.0,2026-07-07
Beterraba,1Kg,Hortaliças,CEAGESP Ribeirão Preto(SP),SP,2.5,2026-07-07
Beterraba,1Kg,Hortaliças,CEASA-MT Cuiabá(MT),MT,3.68,2026-07-07
Beterraba,1Kg,Hortaliças,CEASA-PE Recife(PE),PE,3.5,2026-07-07
Beterraba,1Kg,Hortaliças,CEASA-MS Campo Grande(MS),MS,3.4,2026-07-07
Beterraba,1Kg,Hortaliças,CEASA-PR Curitiba(PR),PR,2.25,2026-07-07
Beterraba,1Kg,Hortaliças,CEASA-ES Vitória(ES),ES,3.92,2026-07-07
Beterraba,1Kg,Hortaliças,CEASA-RN Natal(RN),RN,3.25,2026-07-07
Beterraba,1Kg,Hortaliças,CEASA-MA São Luís(MA),MA,7.23,2026-07-07
Beterraba,1Kg,Hortaliças,CEASA-PB Patos(PB),PB,2.75,2026-07-07
Beterraba,1Kg,Hortaliças,CEASA-RJ Rio de Janeiro(RJ),RJ,2.5,2026-07-07
Beterraba,1Kg,Hortaliças,CEASA-CE Fortaleza(CE),CE,4.25,2026-07-07
Beterraba,1Kg,Hortaliças,CEASA-CE Tianguá(CE),CE,3.25,2026-07-07
Beterraba,1Kg,Hortaliças,CEASA-AL Maceió(AL),AL,3.5,2026-07-07
Beterraba,1Kg,Hortaliças,AMA-BA Juazeiro(BA),BA,3.5,2026-07-07
Beterraba,1Kg,Hortaliças,CEASAMINAS Barbacena(MG),MG,3.94,2026-07-07
Beterraba,1Kg,Hortaliças,CEASA-PR Cascavel(PR),PR,3.8,2026-07-07
Brócolis,1Kg,Hortaliças,CEAGESP Ribeirão Preto(SP),SP,3.33,2026-07-07
Brócolis,1Kg,Hortaliças,CEASA-MT Cuiabá(MT),MT,23.64,2026-07-07
Brócolis,1Kg,Hortaliças,CEASA-PE Recife(PE),PE,8.57,2026-07-07
Brócolis,1Kg,Hortaliças,CEASA-MS Campo Grande(MS),MS,4.0,2026-07-07
Brócolis,1Kg,Hortaliças,CEASA-PR Curitiba(PR),PR,5.83,2026-07-07
Brócolis,1Kg,Hortaliças,CEASA-ES Vitória(ES),ES,7.89,2026-07-07
Brócolis,1Kg,Hortaliças,CEASA-RN Natal(RN),RN,26.0,2026-07-07
Brócolis,1Kg,Hortaliças,CEASA-MA São Luís(MA),MA,14.95,2026-07-07
Brócolis,1Kg,Hortaliças,CEASA-PB Patos(PB),PB,7.0,2026-07-07
Brócolis,1Kg,Hortaliças,CEASA-RJ Rio de Janeiro(RJ),RJ,5.0,2026-07-07
Brócolis,1Kg,Hortaliças,CEASA-CE Fortaleza(CE),CE,20.0,2026-07-07
Brócolis,1Kg,Hortaliças,CEASA-CE Tianguá(CE),CE,3.0,2026-07-07
Brócolis,1Kg,Hortaliças,CEASA-AL Maceió(AL),AL,27.0,2026-07-07
Brócolis,1Kg,Hortaliças,CEASAMINAS Barbacena(MG),MG,4.2,2026-07-07
Brócolis,1Kg,Hortaliças,CEASA-PR Cascavel(PR),PR,15.0,2026-07-07
Cenoura,1Kg,Hortaliças,CEAGESP Ribeirão Preto(SP),SP,5.75,2026-07-07
Cenoura,1Kg,Hortaliças,CEASA-MT Cuiabá(MT),MT,6.15,2026-07-07
Cenoura,1Kg,Hortaliças,CEASA-PE Recife(PE),PE,6.0,2026-07-07
Cenoura,1Kg,Hortaliças,CEASA-MS Campo Grande(MS),MS,5.2,2026-07-07
Cenoura,1Kg,Hortaliças,CEASA-PR Curitiba(PR),PR,4.5,2026-07-07
Cenoura,1Kg,Hortaliças,CEASA-ES Vitória(ES),ES,5.38,2026-07-07
Cenoura,1Kg,Hortaliças,CEASA-RN Natal(RN),RN,6.0,2026-07-07
Cenoura,1Kg,Hortaliças,CEASA-MA São Luís(MA),MA,9.25,2026-07-07
Cenoura,1Kg,Hortaliças,CEASA-PB Patos(PB),PB,4.0,2026-07-07
Cenoura,1Kg,Hortaliças,CEASA-RJ Rio de Janeiro(RJ),RJ,4.5,2026-07-07
Cenoura,1Kg,Hortaliças,CEASA-CE Fortaleza(CE),CE,7.0,2026-07-07
Cenoura,1Kg,Hortaliças,CEASA-CE Tianguá(CE),CE,6.0,2026-07-07
Cenoura,1Kg,Hortaliças,CEASA-AL Maceió(AL),AL,6.0,2026-07-07
Cenoura,1Kg,Hortaliças,AMA-BA Juazeiro(BA),BA,5.5,2026-07-07
Cenoura,1Kg,Hortaliças,CEASAMINAS Barbacena(MG),MG,5.0,2026-07-07
Cenoura,1Kg,Hortaliças,CEASA-PR Cascavel(PR),PR,6.5,2026-07-07
Chuchu,1Kg,Hortaliças,CEAGESP Ribeirão Preto(SP),SP,4.5,2026-07-07
Chuchu,1Kg,Hortaliças,CEASA-MT Cuiabá(MT),MT,3.11,2026-07-07
Chuchu,1Kg,Hortaliças,CEASA-PE Recife(PE),PE,2.25,2026-07-07
Chuchu,1Kg,Hortaliças,CEASA-MS Campo Grande(MS),MS,3.5,2026-07-07
Chuchu,1Kg,Hortaliças,CEASA-PR Curitiba(PR),PR,2.5,2026-07-07
Chuchu,1Kg,Hortaliças,CEASA-ES Vitória(ES),ES,1.5,2026-07-07
Chuchu,1Kg,Hortaliças,CEASA-RN Natal(RN),RN,3.0,2026-07-07
Chuchu,1Kg,Hortaliças,CEASA-MA São Luís(MA),MA,4.25,2026-07-07
Chuchu,1Kg,Hortaliças,CEASA-PB Patos(PB),PB,3.11,2026-07-07
Chuchu,1Kg,Hortaliças,CEASA-RJ Rio de Janeiro(RJ),RJ,1.39,2026-07-07
Chuchu,1Kg,Hortaliças,CEASA-CE Fortaleza(CE),CE,2.7,2026-07-07
Chuchu,1Kg,Hortaliças,CEASA-CE Tianguá(CE),CE,2.4,2026-07-07
Chuchu,1Kg,Hortaliças,CEASA-AL Maceió(AL),AL,2.0,2026-07-07
Chuchu,1Kg,Hortaliças,AMA-BA Juazeiro(BA),BA,4.0,2026-07-07
Chuchu,1Kg,Hortaliças,CEASAMINAS Barbacena(MG),MG,2.63,2026-07-07
Chuchu,1Kg,Hortaliças,CEASA-PR Cascavel(PR),PR,3.5,2026-07-07
Couve,1Kg,Hortaliças,CEAGESP Ribeirão Preto(SP),SP,6.0,2026-07-07
Couve,1Kg,Hortaliças,CEASA-MT Cuiabá(MT),MT,13.33,2026-07-07
Couve,1Kg,Hortaliças,CEASA-PE Recife(PE),PE,10.0,2026-07-07
Couve,1Kg,Hortaliças,CEASA-MS Campo Grande(MS),MS,2.5,2026-07-07
Couve,1Kg,Hortaliças,CEASA-PR Curitiba(PR),PR,6.25,2026-07-07
Couve,1Kg,Hortaliças,CEASA-ES Vitória(ES),ES,4.55,2026-07-07
Couve,1Kg,Hortaliças,CEASA-RN Natal(RN),RN,18.0,2026-07-07
Couve,1Kg,Hortaliças,CEASA-MA São Luís(MA),MA,28.0,2026-07-07
Couve,1Kg,Hortaliças,CEASA-PB Patos(PB),PB,9.33,2026-07-07
Couve,1Kg,Hortaliças,CEASA-RJ Rio de Janeiro(RJ),RJ,8.0,2026-07-07
Couve,1Kg,Hortaliças,CEASA-CE Tianguá(CE),CE,2.0,2026-07-07
Couve,1Kg,Hortaliças,CEASA-AL Maceió(AL),AL,5.0,2026-07-07
Couve,1Kg,Hortaliças,AMA-BA Juazeiro(BA),BA,5.0,2026-07-07
Couve,1Kg,Hortaliças,CEASAMINAS Barbacena(MG),MG,11.76,2026-07-07
Couve,1Kg,Hortaliças,CEASA-PR Cascavel(PR),PR,8.0,2026-07-07
Couve-Flor,1Un,Hortaliças,CEAGESP Ribeirão Preto(SP),SP,6.88,2026-07-07
Couve-Flor,1Un,Hortaliças,CEASA-MT Cuiabá(MT),MT,8.0,2026-07-07
Couve-Flor,1Un,Hortaliças,CEASA-PE Recife(PE),PE,7.0,2026-07-07
Couve-Flor,1Un,Hortaliças,CEASA-MS Campo Grande(MS),MS,5.5,2026-07-07
Couve-Flor,1Un,Hortaliças,CEASA-PR Curitiba(PR),PR,3.33,2026-07-07
Couve-Flor,1Un,Hortaliças,CEASA-ES Vitória(ES),ES,2.3,2026-07-07
Couve-Flor,1Un,Hortaliças,CEASA-RN Natal(RN),RN,12.0,2026-07-07
Couve-Flor,1Un,Hortaliças,CEASA-MA São Luís(MA),MA,9.95,2026-07-07
Couve-Flor,1Un,Hortaliças,CEASA-PB Patos(PB),PB,9.33,2026-07-07
Couve-Flor,1Un,Hortaliças,CEASA-RJ Rio de Janeiro(RJ),RJ,2.5,2026-07-07
Couve-Flor,1Un,Hortaliças,CEASA-CE Fortaleza(CE),CE,2.0,2026-07-07
Couve-Flor,1Un,Hortaliças,CEASA-CE Tianguá(CE),CE,3.0,2026-07-07
Couve-Flor,1Un,Hortaliças,CEASA-AL Maceió(AL),AL,9.0,2026-07-07
Couve-Flor,1Un,Hortaliças,CEASAMINAS Barbacena(MG),MG,3.13,2026-07-07
Couve-Flor,1Un,Hortaliças,CEASA-PR Cascavel(PR),PR,9.0,2026-07-07
Pepino,1Kg,Hortaliças,CEAGESP Ribeirão Preto(SP),SP,5.73,2026-07-07
Pepino,1Kg,Hortaliças,CEASA-MT Cuiabá(MT),MT,4.1,2026-07-07
Pepino,1Kg,Hortaliças,CEASA-PE Recife(PE),PE,1.0,2026-07-07
Pepino,1Kg,Hortaliças,CEASA-MS Campo Grande(MS),MS,4.15,2026-07-07
Pepino,1Kg,Hortaliças,CEASA-PR Curitiba(PR),PR,3.0,2026-07-07
Pepino,1Kg,Hortaliças,CEASA-ES Vitória(ES),ES,2.78,2026-07-07
Pepino,1Kg,Hortaliças,CEASA-RN Natal(RN),RN,4.0,2026-07-07
Pepino,1Kg,Hortaliças,CEASA-MA São Luís(MA),MA,3.6,2026-07-07
Pepino,1Kg,Hortaliças,CEASA-PB Patos(PB),PB,4.17,2026-07-07
Pepino,1Kg,Hortaliças,CEASA-RJ Rio de Janeiro(RJ),RJ,1.47,2026-07-07
Pepino,1Kg,Hortaliças,CEASA-CE Fortaleza(CE),CE,2.0,2026-07-07
Pepino,1Kg,Hortaliças,CEASA-CE Tianguá(CE),CE,1.0,2026-07-07
Pepino,1Kg,Hortaliças,CEASA-AL Maceió(AL),AL,2.5,2026-07-07
Pepino,1Kg,Hortaliças,AMA-BA Juazeiro(BA),BA,3.5,2026-07-07
Pepino,1Kg,Hortaliças,CEASAMINAS Barbacena(MG),MG,4.21,2026-07-07
Pepino,1Kg,Hortaliças,CEASA-PR Cascavel(PR),PR,5.5,2026-07-07
Pimentão Verde,1Kg,Hortaliças,CEAGESP Ribeirão Preto(SP),SP,6.0,2026-07-07
Pimentão Verde,1Kg,Hortaliças,CEASA-MT Cuiabá(MT),MT,9.47,2026-07-07
Pimentão Verde,1Kg,Hortaliças,CEASA-PE Recife(PE),PE,2.86,2026-07-07
Pimentão Verde,1Kg,Hortaliças,CEASA-MS Campo Grande(MS),MS,6.67,2026-07-07
Pimentão Verde,1Kg,Hortaliças,CEASA-PR Curitiba(PR),PR,7.08,2026-07-07
Pimentão Verde,1Kg,Hortaliças,CEASA-ES Vitória(ES),ES,6.03,2026-07-07
Pimentão Verde,1Kg,Hortaliças,CEASA-RN Natal(RN),RN,4.23,2026-07-07
Pimentão Verde,1Kg,Hortaliças,CEASA-MA São Luís(MA),MA,9.31,2026-07-07
Pimentão Verde,1Kg,Hortaliças,CEASA-PB Patos(PB),PB,3.31,2026-07-07
Pimentão Verde,1Kg,Hortaliças,CEASA-RJ Rio de Janeiro(RJ),RJ,6.0,2026-07-07
Pimentão Verde,1Kg,Hortaliças,CEASA-CE Fortaleza(CE),CE,5.0,2026-07-07
Pimentão Verde,1Kg,Hortaliças,CEASA-CE Tianguá(CE),CE,3.33,2026-07-07
Pimentão Verde,1Kg,Hortaliças,CEASA-AL Maceió(AL),AL,3.6,2026-07-07
Pimentão Verde,1Kg,Hortaliças,AMA-BA Juazeiro(BA),BA,2.92,2026-07-07
Pimentão Verde,1Kg,Hortaliças,CEASAMINAS Barbacena(MG),MG,6.67,2026-07-07
Pimentão Verde,1Kg,Hortaliças,CEASA-PR Cascavel(PR),PR,10.0,2026-07-07
Quiabo,1Kg,Hortaliças,CEAGESP Ribeirão Preto(SP),SP,11.56,2026-07-07
Quiabo,1Kg,Hortaliças,CEASA-MT Cuiabá(MT),MT,13.64,2026-07-07
Quiabo,1Kg,Hortaliças,CEASA-PE Recife(PE),PE,10.0,2026-07-07
Quiabo,1Kg,Hortaliças,CEASA-MS Campo Grande(MS),MS,13.35,2026-07-07
Quiabo,1Kg,Hortaliças,CEASA-PR Curitiba(PR),PR,10.0,2026-07-07
Quiabo,1Kg,Hortaliças,CEASA-ES Vitória(ES),ES,8.64,2026-07-07
Quiabo,1Kg,Hortaliças,CEASA-RN Natal(RN),RN,8.0,2026-07-07
Quiabo,1Kg,Hortaliças,CEASA-MA São Luís(MA),MA,20.7,2026-07-07
Quiabo,1Kg,Hortaliças,CEASA-PB Patos(PB),PB,7.0,2026-07-07
Quiabo,1Kg,Hortaliças,CEASA-RJ Rio de Janeiro(RJ),RJ,7.5,2026-07-07
Quiabo,1Kg,Hortaliças,CEASA-CE Fortaleza(CE),CE,15.0,2026-07-07
Quiabo,1Kg,Hortaliças,CEASA-CE Tianguá(CE),CE,6.0,2026-07-07
Quiabo,1Kg,Hortaliças,CEASA-AL Maceió(AL),AL,5.0,2026-07-07
Quiabo,1Kg,Hortaliças,AMA-BA Juazeiro(BA),BA,6.5,2026-07-07
Quiabo,1Kg,Hortaliças,CEASAMINAS Barbacena(MG),MG,7.5,2026-07-07
Quiabo,1Kg,Hortaliças,CEASA-PR Cascavel(PR),PR,17.0,2026-07-07
Repolho,1Kg,Hortaliças,CEAGESP Ribeirão Preto(SP),SP,3.0,2026-07-07
Repolho,1Kg,Hortaliças,CEASA-MT Cuiabá(MT),MT,3.56,2026-07-07
Repolho,1Kg,Hortaliças,CEASA-PE Recife(PE),PE,2.22,2026-07-07
Repolho,1Kg,Hortaliças,CEASA-MS Campo Grande(MS),MS,2.5,2026-07-07
Repolho,1Kg,Hortaliças,CEASA-PR Curitiba(PR),PR,1.8,2026-07-07
Repolho,1Kg,Hortaliças,CEASA-ES Vitória(ES),ES,2.3,2026-07-07
Repolho,1Kg,Hortaliças,CEASA-RN Natal(RN),RN,5.0,2026-07-07
Repolho,1Kg,Hortaliças,CEASA-MA São Luís(MA),MA,8.8,2026-07-07
Repolho,1Kg,Hortaliças,CEASA-PB Patos(PB),PB,3.83,2026-07-07
Repolho,1Kg,Hortaliças,CEASA-RJ Rio de Janeiro(RJ),RJ,2.67,2026-07-07
Repolho,1Kg,Hortaliças,CEASA-CE Fortaleza(CE),CE,7.75,2026-07-07
Repolho,1Kg,Hortaliças,CEASA-CE Tianguá(CE),CE,7.5,2026-07-07
Repolho,1Kg,Hortaliças,CEASA-AL Maceió(AL),AL,2.0,2026-07-07
Repolho,1Kg,Hortaliças,AMA-BA Juazeiro(BA),BA,4.5,2026-07-07
Repolho,1Kg,Hortaliças,CEASAMINAS Barbacena(MG),MG,1.74,2026-07-07
Repolho,1Kg,Hortaliças,CEASA-PR Cascavel(PR),PR,3.5,2026-07-07
Tomate,1Kg,Hortaliças,CEAGESP Ribeirão Preto(SP),SP,6.5,2026-07-07
Tomate,1Kg,Hortaliças,CEASA-MT Cuiabá(MT),MT,7.37,2026-07-07
Tomate,1Kg,Hortaliças,CEASA-PE Recife(PE),PE,2.69,2026-07-07
Tomate,1Kg,Hortaliças,CEASA-MS Campo Grande(MS),MS,5.6,2026-07-07
Tomate,1Kg,Hortaliças,CEASA-PR Curitiba(PR),PR,4.5,2026-07-07
Tomate,1Kg,Hortaliças,CEASA-ES Vitória(ES),ES,4.33,2026-07-07
Tomate,1Kg,Hortaliças,CEASA-RN Natal(RN),RN,3.0,2026-07-07
Tomate,1Kg,Hortaliças,CEASA-MA São Luís(MA),MA,23.43,2026-07-07
Tomate,1Kg,Hortaliças,CEASA-PB Patos(PB),PB,2.5,2026-07-07
Tomate,1Kg,Hortaliças,CEASA-RJ Rio de Janeiro(RJ),RJ,5.56,2026-07-07
Tomate,1Kg,Hortaliças,CEASA-CE Fortaleza(CE),CE,4.6,2026-07-07
Tomate,1Kg,Hortaliças,CEASA-CE Tianguá(CE),CE,3.6,2026-07-07
Tomate,1Kg,Hortaliças,CEASA-AL Maceió(AL),AL,2.35,2026-07-07
Tomate,1Kg,Hortaliças,AMA-BA Juazeiro(BA),BA,1.35,2026-07-07
Tomate,1Kg,Hortaliças,CEASAMINAS Barbacena(MG),MG,3.0,2026-07-07
Tomate,1Kg,Hortaliças,CEASA-PR Cascavel(PR),PR,5.5,2026-07-07
Vagem,1Kg,Hortaliças,CEAGESP Ribeirão Preto(SP),SP,11.67,2026-07-07
Vagem,1Kg,Hortaliças,CEASA-MT Cuiabá(MT),MT,12.73,2026-07-07
Vagem,1Kg,Hortaliças,CEASA-PE Recife(PE),PE,10.0,2026-07-07
Vagem,1Kg,Hortaliças,CEASA-MS Campo Grande(MS),MS,10.65,2026-07-07
Vagem,1Kg,Hortaliças,CEASA-PR Curitiba(PR),PR,6.67,2026-07-07
Vagem,1Kg,Hortaliças,CEASA-ES Vitória(ES),ES,4.85,2026-07-07
Vagem,1Kg,Hortaliças,CEASA-RN Natal(RN),RN,10.0,2026-07-07
Vagem,1Kg,Hortaliças,CEASA-MA São Luís(MA),MA,12.11,2026-07-07
Vagem,1Kg,Hortaliças,CEASA-PB Patos(PB),PB,10.0,2026-07-07
Vagem,1Kg,Hortaliças,CEASA-RJ Rio de Janeiro(RJ),RJ,6.0,2026-07-07
Vagem,1Kg,Hortaliças,CEASA-CE Fortaleza(CE),CE,5.0,2026-07-07
Vagem,1Kg,Hortaliças,CEASA-CE Tianguá(CE),CE,4.0,2026-07-07
Vagem,1Kg,Hortaliças,CEASA-AL Maceió(AL),AL,6.0,2026-07-07
Vagem,1Kg,Hortaliças,AMA-BA Juazeiro(BA),BA,9.0,2026-07-07
Vagem,1Kg,Hortaliças,CEASAMINAS Barbacena(MG),MG,6.15,2026-07-07
Vagem,1Kg,Hortaliças,CEASA-PR Cascavel(PR),PR,16.0,2026-07-07
Abóbora,1Kg,Hortaliças,CEAGESP Ribeirão Preto(SP),SP,2.9,2026-07-06
Abóbora,1Kg,Hortaliças,CEASA-SC Florianópolis(SC),SC,3.0,2026-07-06
Abóbora,1Kg,Hortaliças,CEASA-PE Recife(PE),PE,2.8,2026-07-06
Abóbora,1Kg,Hortaliças,CEASAMINAS Uberaba(MG),MG,2.25,2026-07-06
Abóbora,1Kg,Hortaliças,CEAGESP Sorocaba(SP),SP,2.87,2026-07-06
Abóbora,1Kg,Hortaliças,CEASA-CE Fortaleza(CE),CE,4.35,2026-07-06
Abóbora,1Kg,Hortaliças,CEASA-PR Curitiba(PR),PR,2.0,2026-07-06
Abóbora,1Kg,Hortaliças,CEASA-PR Foz do Iguaçu(PR),PR,3.5,2026-07-06
Abóbora,1Kg,Hortaliças,CEASA-ES Vitória(ES),ES,2.51,2026-07-06
Abóbora,1Kg,Hortaliças,CEASA-MA São Luís(MA),MA,3.43,2026-07-06
Abóbora,1Kg,Hortaliças,CEASA-MT Cuiabá(MT),MT,3.16,2026-07-06
Abóbora,1Kg,Hortaliças,CEASA-BA Salvador(BA),BA,3.0,2026-07-06
Abóbora,1Kg,Hortaliças,CEASA-PE Caruaru(PE),PE,3.0,2026-07-06
Abóbora,1Kg,Hortaliças,CEASAMINAS Belo Horizonte(MG),MG,2.0,2026-07-06
Abóbora,1Kg,Hortaliças,CEASA-RJ Rio de Janeiro(RJ),RJ,2.5,2026-07-06
Abóbora,1Kg,Hortaliças,CEASA-AL Maceió(AL),AL,2.0,2026-07-06
Abóbora,1Kg,Hortaliças,AMA-BA Juazeiro(BA),BA,2.5,2026-07-06
Abóbora,1Kg,Hortaliças,CEASA-PR Cascavel(PR),PR,3.1,2026-07-06
Abóbora,1Kg,Hortaliças,CEAGESP São Paulo(SP),SP,2.7,2026-07-06
Abóbora,1Kg,Hortaliças,CEAGESP São José dos Campos(SP),SP,2.8,2026-07-06
Abobrinha,1Kg,Hortaliças,CEAGESP Ribeirão Preto(SP),SP,3.68,2026-07-06
Abobrinha,1Kg,Hortaliças,CEASA-SC Florianópolis(SC),SC,3.33,2026-07-06
Abobrinha,1Kg,Hortaliças,CEASA-PE Recife(PE),PE,3.0,2026-07-06
Abobrinha,1Kg,Hortaliças,CEASAMINAS Uberaba(MG),MG,3.33,2026-07-06
Abobrinha,1Kg,Hortaliças,CEAGESP Sorocaba(SP),SP,3.7,2026-07-06
Abobrinha,1Kg,Hortaliças,CEASA-CE Fortaleza(CE),CE,3.9,2026-07-06
Abobrinha,1Kg,Hortaliças,CEASA-PR Curitiba(PR),PR,3.5,2026-07-06
Abobrinha,1Kg,Hortaliças,CEASA-PR Foz do Iguaçu(PR),PR,3.75,2026-07-06
Abobrinha,1Kg,Hortaliças,CEASA-ES Vitória(ES),ES,2.84,2026-07-06
Abobrinha,1Kg,Hortaliças,CEASA-MA São Luís(MA),MA,3.18,2026-07-06
Abobrinha,1Kg,Hortaliças,CEASA-MT Cuiabá(MT),MT,5.88,2026-07-06
Abobrinha,1Kg,Hortaliças,CEASA-BA Salvador(BA),BA,2.65,2026-07-06
Abobrinha,1Kg,Hortaliças,CEASA-PE Caruaru(PE),PE,3.0,2026-07-06
Abobrinha,1Kg,Hortaliças,CEASAMINAS Belo Horizonte(MG),MG,1.94,2026-07-06
Abobrinha,1Kg,Hortaliças,CEASA-RJ Rio de Janeiro(RJ),RJ,2.5,2026-07-06
Abobrinha,1Kg,Hortaliças,CEASA-AL Maceió(AL),AL,3.0,2026-07-06
Abobrinha,1Kg,Hortaliças,AMA-BA Juazeiro(BA),BA,2.92,2026-07-06
Abobrinha,1Kg,Hortaliças,CEASA-PR Cascavel(PR),PR,4.9,2026-07-06
Abobrinha,1Kg,Hortaliças,CEAGESP São Paulo(SP),SP,2.2,2026-07-06
Abobrinha,1Kg,Hortaliças,CEAGESP São José dos Campos(SP),SP,7.05,2026-07-06
Alface,1Dz,Hortaliças,CEAGESP Ribeirão Preto(SP),SP,26.8,2026-07-06
Alface,1Dz,Hortaliças,CEASA-SC Florianópolis(SC),SC,21.6,2026-07-06
Alface,1Dz,Hortaliças,CEASA-PE Recife(PE),PE,12.0,2026-07-06
Alface,1Dz,Hortaliças,CEASAMINAS Uberaba(MG),MG,16.66,2026-07-06
Alface,1Dz,Hortaliças,CEAGESP Sorocaba(SP),SP,13.68,2026-07-06
Alface,1Dz,Hortaliças,CEASA-CE Fortaleza(CE),CE,36.0,2026-07-06
Alface,1Dz,Hortaliças,CEASA-PR Curitiba(PR),PR,40.0,2026-07-06
Alface,1Dz,Hortaliças,CEASA-PR Foz do Iguaçu(PR),PR,20.0,2026-07-06
Alface,1Dz,Hortaliças,CEASA-ES Vitória(ES),ES,15.42,2026-07-06
Alface,1Dz,Hortaliças,CEASA-MA São Luís(MA),MA,26.18,2026-07-06
Alface,1Dz,Hortaliças,CEASA-MT Cuiabá(MT),MT,25.0,2026-07-06
Alface,1Dz,Hortaliças,CEASA-PE Caruaru(PE),PE,1.5,2026-07-06
Alface,1Dz,Hortaliças,CEASAMINAS Belo Horizonte(MG),MG,35.0,2026-07-06
Alface,1Dz,Hortaliças,CEASA-RJ Rio de Janeiro(RJ),RJ,20.0,2026-07-06
Alface,1Dz,Hortaliças,CEASA-AL Maceió(AL),AL,18.0,2026-07-06
Alface,1Dz,Hortaliças,AMA-BA Juazeiro(BA),BA,8.0,2026-07-06
Alface,1Dz,Hortaliças,CEASA-PR Cascavel(PR),PR,48.0,2026-07-06
Alface,1Dz,Hortaliças,CEAGESP São Paulo(SP),SP,26.41,2026-07-06
Alface,1Dz,Hortaliças,CEAGESP São José dos Campos(SP),SP,22.0,2026-07-06
Berinjela,1Kg,Hortaliças,CEAGESP Ribeirão Preto(SP),SP,4.44,2026-07-06
Berinjela,1Kg,Hortaliças,CEASA-SC Florianópolis(SC),SC,3.5,2026-07-06
Berinjela,1Kg,Hortaliças,CEASA-PE Recife(PE),PE,4.0,2026-07-06
Berinjela,1Kg,Hortaliças,CEASAMINAS Uberaba(MG),MG,3.33,2026-07-06
Berinjela,1Kg,Hortaliças,CEAGESP Sorocaba(SP),SP,3.67,2026-07-06
Berinjela,1Kg,Hortaliças,CEASA-CE Fortaleza(CE),CE,2.3,2026-07-06
Berinjela,1Kg,Hortaliças,CEASA-PR Curitiba(PR),PR,5.0,2026-07-06
Berinjela,1Kg,Hortaliças,CEASA-PR Foz do Iguaçu(PR),PR,6.0,2026-07-06
Berinjela,1Kg,Hortaliças,CEASA-ES Vitória(ES),ES,3.4,2026-07-06
Berinjela,1Kg,Hortaliças,CEASA-MA São Luís(MA),MA,5.35,2026-07-06
Berinjela,1Kg,Hortaliças,CEASA-MT Cuiabá(MT),MT,3.64,2026-07-06
Berinjela,1Kg,Hortaliças,CEASA-BA Salvador(BA),BA,3.65,2026-07-06
Berinjela,1Kg,Hortaliças,CEASA-PE Caruaru(PE),PE,3.0,2026-07-06
Berinjela,1Kg,Hortaliças,CEASAMINAS Belo Horizonte(MG),MG,2.08,2026-07-06
Berinjela,1Kg,Hortaliças,CEASA-RJ Rio de Janeiro(RJ),RJ,5.0,2026-07-06
Berinjela,1Kg,Hortaliças,CEASA-AL Maceió(AL),AL,3.0,2026-07-06
Berinjela,1Kg,Hortaliças,AMA-BA Juazeiro(BA),BA,4.11,2026-07-06
Berinjela,1Kg,Hortaliças,CEASA-PR Cascavel(PR),PR,6.5,2026-07-06
Berinjela,1Kg,Hortaliças,CEAGESP São Paulo(SP),SP,2.59,2026-07-06
Berinjela,1Kg,Hortaliças,CEAGESP São José dos Campos(SP),SP,5.5,2026-07-06
Beterraba,1Kg,Hortaliças,CEAGESP Ribeirão Preto(SP),SP,2.5,2026-07-06
Beterraba,1Kg,Hortaliças,CEASA-SC Florianópolis(SC),SC,2.75,2026-07-06
Beterraba,1Kg,Hortaliças,CEASA-PE Recife(PE),PE,3.5,2026-07-06
Beterraba,1Kg,Hortaliças,CEASAMINAS Uberaba(MG),MG,4.09,2026-07-06
Beterraba,1Kg,Hortaliças,CEAGESP Sorocaba(SP),SP,3.42,2026-07-06
Beterraba,1Kg,Hortaliças,CEASA-CE Fortaleza(CE),CE,4.25,2026-07-06
Beterraba,1Kg,Hortaliças,CEASA-PR Curitiba(PR),PR,2.25,2026-07-06
Beterraba,1Kg,Hortaliças,CEASA-PR Foz do Iguaçu(PR),PR,4.0,2026-07-06
Beterraba,1Kg,Hortaliças,CEASA-ES Vitória(ES),ES,4.17,2026-07-06
Beterraba,1Kg,Hortaliças,CEASA-MA São Luís(MA),MA,7.23,2026-07-06
Beterraba,1Kg,Hortaliças,CEASA-MT Cuiabá(MT),MT,3.68,2026-07-06
Beterraba,1Kg,Hortaliças,CEASA-BA Salvador(BA),BA,3.0,2026-07-06
Beterraba,1Kg,Hortaliças,CEASA-PE Caruaru(PE),PE,3.0,2026-07-06
Beterraba,1Kg,Hortaliças,CEASAMINAS Belo Horizonte(MG),MG,3.42,2026-07-06
Beterraba,1Kg,Hortaliças,CEASA-RJ Rio de Janeiro(RJ),RJ,3.0,2026-07-06
Beterraba,1Kg,Hortaliças,CEASA-AL Maceió(AL),AL,3.5,2026-07-06
Beterraba,1Kg,Hortaliças,AMA-BA Juazeiro(BA),BA,3.5,2026-07-06
Beterraba,1Kg,Hortaliças,CEASA-PR Cascavel(PR),PR,3.8,2026-07-06
Beterraba,1Kg,Hortaliças,CEAGESP São Paulo(SP),SP,1.99,2026-07-06
Beterraba,1Kg,Hortaliças,CEAGESP São José dos Campos(SP),SP,3.8,2026-07-06
Brócolis,1Kg,Hortaliças,CEAGESP Ribeirão Preto(SP),SP,3.33,2026-07-06
Brócolis,1Kg,Hortaliças,CEASA-SC Florianópolis(SC),SC,5.0,2026-07-06
Brócolis,1Kg,Hortaliças,CEASA-PE Recife(PE),PE,8.57,2026-07-06
Brócolis,1Kg,Hortaliças,CEASAMINAS Uberaba(MG),MG,7.2,2026-07-06
Brócolis,1Kg,Hortaliças,CEAGESP Sorocaba(SP),SP,7.1,2026-07-06
Brócolis,1Kg,Hortaliças,CEASA-CE Fortaleza(CE),CE,25.0,2026-07-06
Brócolis,1Kg,Hortaliças,CEASA-PR Curitiba(PR),PR,6.67,2026-07-06
Brócolis,1Kg,Hortaliças,CEASA-PR Foz do Iguaçu(PR),PR,6.0,2026-07-06
Brócolis,1Kg,Hortaliças,CEASA-ES Vitória(ES),ES,7.89,2026-07-06
Brócolis,1Kg,Hortaliças,CEASA-MA São Luís(MA),MA,14.95,2026-07-06
Brócolis,1Kg,Hortaliças,CEASA-MT Cuiabá(MT),MT,23.64,2026-07-06
Brócolis,1Kg,Hortaliças,CEASA-BA Salvador(BA),BA,11.25,2026-07-06
Brócolis,1Kg,Hortaliças,CEASA-PE Caruaru(PE),PE,15.0,2026-07-06
Brócolis,1Kg,Hortaliças,CEASAMINAS Belo Horizonte(MG),MG,8.33,2026-07-06
Brócolis,1Kg,Hortaliças,CEASA-RJ Rio de Janeiro(RJ),RJ,5.0,2026-07-06
Brócolis,1Kg,Hortaliças,CEASA-AL Maceió(AL),AL,27.0,2026-07-06
Brócolis,1Kg,Hortaliças,CEASA-PR Cascavel(PR),PR,15.0,2026-07-06
Brócolis,1Kg,Hortaliças,CEAGESP São Paulo(SP),SP,2.31,2026-07-06
Brócolis,1Kg,Hortaliças,CEAGESP São José dos Campos(SP),SP,4.3,2026-07-06
Cenoura,1Kg,Hortaliças,CEAGESP Ribeirão Preto(SP),SP,5.75,2026-07-06
Cenoura,1Kg,Hortaliças,CEASA-SC Florianópolis(SC),SC,5.5,2026-07-06
Cenoura,1Kg,Hortaliças,CEASA-PE Recife(PE),PE,6.0,2026-07-06
Cenoura,1Kg,Hortaliças,CEASAMINAS Uberaba(MG),MG,6.36,2026-07-06
Cenoura,1Kg,Hortaliças,CEAGESP Sorocaba(SP),SP,5.44,2026-07-06
Cenoura,1Kg,Hortaliças,CEASA-CE Fortaleza(CE),CE,7.0,2026-07-06
Cenoura,1Kg,Hortaliças,CEASA-PR Curitiba(PR),PR,4.5,2026-07-06
Cenoura,1Kg,Hortaliças,CEASA-PR Foz do Iguaçu(PR),PR,7.0,2026-07-06
Cenoura,1Kg,Hortaliças,CEASA-ES Vitória(ES),ES,5.83,2026-07-06
Cenoura,1Kg,Hortaliças,CEASA-MA São Luís(MA),MA,9.25,2026-07-06
Cenoura,1Kg,Hortaliças,CEASA-MT Cuiabá(MT),MT,6.15,2026-07-06
Cenoura,1Kg,Hortaliças,CEASA-BA Salvador(BA),BA,5.5,2026-07-06
Cenoura,1Kg,Hortaliças,CEASA-PE Caruaru(PE),PE,5.5,2026-07-06
Cenoura,1Kg,Hortaliças,CEASAMINAS Belo Horizonte(MG),MG,4.25,2026-07-06
Cenoura,1Kg,Hortaliças,CEASA-RJ Rio de Janeiro(RJ),RJ,5.5,2026-07-06
Cenoura,1Kg,Hortaliças,CEASA-AL Maceió(AL),AL,6.0,2026-07-06
Cenoura,1Kg,Hortaliças,AMA-BA Juazeiro(BA),BA,5.5,2026-07-06
Cenoura,1Kg,Hortaliças,CEASA-PR Cascavel(PR),PR,6.0,2026-07-06
Cenoura,1Kg,Hortaliças,CEAGESP São Paulo(SP),SP,4.27,2026-07-06
Cenoura,1Kg,Hortaliças,CEAGESP São José dos Campos(SP),SP,7.5,2026-07-06
Chuchu,1Kg,Hortaliças,CEAGESP Ribeirão Preto(SP),SP,4.5,2026-07-06
Chuchu,1Kg,Hortaliças,CEASA-SC Florianópolis(SC),SC,3.0,2026-07-06
Chuchu,1Kg,Hortaliças,CEASA-PE Recife(PE),PE,2.0,2026-07-06
Chuchu,1Kg,Hortaliças,CEAGESP São Paulo(SP),SP,1.27,2026-07-06
Chuchu,1Kg,Hortaliças,CEAGESP São José dos Campos(SP),SP,5.0,2026-07-06
Chuchu,1Kg,Hortaliças,CEAGESP Ribeirão Preto(SP),SP,4.5,2026-07-06
Chuchu,1Kg,Hortaliças,CEASA-SC Florianópolis(SC),SC,3.0,2026-07-06
Chuchu,1Kg,Hortaliças,CEASA-PE Recife(PE),PE,2.0,2026-07-06
Chuchu,1Kg,Hortaliças,CEASAMINAS Uberaba(MG),MG,2.72,2026-07-06
Chuchu,1Kg,Hortaliças,CEAGESP Sorocaba(SP),SP,1.83,2026-07-06
Chuchu,1Kg,Hortaliças,CEASA-CE Fortaleza(CE),CE,2.7,2026-07-06
Chuchu,1Kg,Hortaliças,CEASA-PR Curitiba(PR),PR,2.5,2026-07-06
Chuchu,1Kg,Hortaliças,CEASA-PR Foz do Iguaçu(PR),PR,3.6,2026-07-06
Chuchu,1Kg,Hortaliças,CEASA-ES Vitória(ES),ES,1.28,2026-07-06
Chuchu,1Kg,Hortaliças,CEASA-MA São Luís(MA),MA,4.25,2026-07-06
Chuchu,1Kg,Hortaliças,CEASA-MT Cuiabá(MT),MT,3.11,2026-07-06
Chuchu,1Kg,Hortaliças,CEASA-BA Salvador(BA),BA,2.4,2026-07-06
Chuchu,1Kg,Hortaliças,CEASA-PE Caruaru(PE),PE,2.0,2026-07-06
Chuchu,1Kg,Hortaliças,CEASAMINAS Belo Horizonte(MG),MG,1.15,2026-07-06
Chuchu,1Kg,Hortaliças,CEASA-RJ Rio de Janeiro(RJ),RJ,1.39,2026-07-06
Couve,1Kg,Hortaliças,CEAGESP Ribeirão Preto(SP),SP,6.0,2026-07-06
Couve,1Kg,Hortaliças,CEASA-SC Florianópolis(SC),SC,6.0,2026-07-06
Couve,1Kg,Hortaliças,CEASA-PE Recife(PE),PE,10.0,2026-07-06
Couve,1Kg,Hortaliças,CEASAMINAS Uberaba(MG),MG,16.66,2026-07-06
Couve,1Kg,Hortaliças,CEAGESP Sorocaba(SP),SP,2.32,2026-07-06
Couve,1Kg,Hortaliças,CEASA-PR Curitiba(PR),PR,6.25,2026-07-06
Couve,1Kg,Hortaliças,CEASA-PR Foz do Iguaçu(PR),PR,4.0,2026-07-06
Couve,1Kg,Hortaliças,CEASA-ES Vitória(ES),ES,4.55,2026-07-06
Couve,1Kg,Hortaliças,CEASA-MA São Luís(MA),MA,28.0,2026-07-06
Couve,1Kg,Hortaliças,CEASA-MT Cuiabá(MT),MT,13.33,2026-07-06
Couve,1Kg,Hortaliças,CEASA-PE Caruaru(PE),PE,8.0,2026-07-06
Couve,1Kg,Hortaliças,CEASAMINAS Belo Horizonte(MG),MG,17.65,2026-07-06
Couve,1Kg,Hortaliças,CEASA-RJ Rio de Janeiro(RJ),RJ,10.0,2026-07-06
Couve,1Kg,Hortaliças,CEASA-AL Maceió(AL),AL,5.0,2026-07-06
Couve,1Kg,Hortaliças,AMA-BA Juazeiro(BA),BA,5.0,2026-07-06
Couve,1Kg,Hortaliças,CEASA-PR Cascavel(PR),PR,8.0,2026-07-06
Couve,1Kg,Hortaliças,CEAGESP São Paulo(SP),SP,3.09,2026-07-06
Couve,1Kg,Hortaliças,CEAGESP São José dos Campos(SP),SP,4.38,2026-07-06
Couve-Flor,1Un,Hortaliças,CEAGESP Ribeirão Preto(SP),SP,6.88,2026-07-06
Couve-Flor,1Un,Hortaliças,CEASA-SC Florianópolis(SC),SC,3.0,2026-07-06
Couve-Flor,1Un,Hortaliças,CEASA-PE Recife(PE),PE,7.0,2026-07-06
Couve-Flor,1Un,Hortaliças,CEASAMINAS Uberaba(MG),MG,8.0,2026-07-06
Couve-Flor,1Un,Hortaliças,CEAGESP Sorocaba(SP),SP,10.28,2026-07-06
Couve-Flor,1Un,Hortaliças,CEASA-CE Fortaleza(CE),CE,2.0,2026-07-06
Couve-Flor,1Un,Hortaliças,CEASA-PR Curitiba(PR),PR,3.75,2026-07-06
Couve-Flor,1Un,Hortaliças,CEASA-PR Foz do Iguaçu(PR),PR,8.0,2026-07-06
Couve-Flor,1Un,Hortaliças,CEASA-ES Vitória(ES),ES,3.4,2026-07-06
Couve-Flor,1Un,Hortaliças,CEASA-MA São Luís(MA),MA,9.95,2026-07-06
Couve-Flor,1Un,Hortaliças,CEASA-MT Cuiabá(MT),MT,8.0,2026-07-06
Couve-Flor,1Un,Hortaliças,CEASA-BA Salvador(BA),BA,10.0,2026-07-06
Couve-Flor,1Un,Hortaliças,CEASA-PE Caruaru(PE),PE,6.0,2026-07-06
Couve-Flor,1Un,Hortaliças,CEASAMINAS Belo Horizonte(MG),MG,5.0,2026-07-06
Couve-Flor,1Un,Hortaliças,CEASA-RJ Rio de Janeiro(RJ),RJ,2.81,2026-07-06
Couve-Flor,1Un,Hortaliças,CEASA-AL Maceió(AL),AL,9.0,2026-07-06
Couve-Flor,1Un,Hortaliças,CEASA-PR Cascavel(PR),PR,9.0,2026-07-06
Couve-Flor,1Un,Hortaliças,CEAGESP São Paulo(SP),SP,5.24,2026-07-06
Couve-Flor,1Un,Hortaliças,CEAGESP São José dos Campos(SP),SP,6.3,2026-07-06
Pepino,1Kg,Hortaliças,CEAGESP Ribeirão Preto(SP),SP,5.73,2026-07-06
Pepino,1Kg,Hortaliças,CEASA-SC Florianópolis(SC),SC,6.5,2026-07-06
Pepino,1Kg,Hortaliças,CEASA-PE Recife(PE),PE,1.0,2026-07-06
Pepino,1Kg,Hortaliças,CEASAMINAS Uberaba(MG),MG,4.16,2026-07-06
Pepino,1Kg,Hortaliças,CEAGESP Sorocaba(SP),SP,4.99,2026-07-06
Pepino,1Kg,Hortaliças,CEASA-CE Fortaleza(CE),CE,1.6,2026-07-06
Pepino,1Kg,Hortaliças,CEASA-PR Curitiba(PR),PR,3.0,2026-07-06
Pepino,1Kg,Hortaliças,CEASA-PR Foz do Iguaçu(PR),PR,7.5,2026-07-06
Pepino,1Kg,Hortaliças,CEASA-ES Vitória(ES),ES,2.5,2026-07-06
Pepino,1Kg,Hortaliças,CEASA-MA São Luís(MA),MA,3.6,2026-07-06
Pepino,1Kg,Hortaliças,CEASA-MT Cuiabá(MT),MT,4.1,2026-07-06
Pepino,1Kg,Hortaliças,CEASA-BA Salvador(BA),BA,1.7,2026-07-06
Pepino,1Kg,Hortaliças,CEASA-PE Caruaru(PE),PE,4.0,2026-07-06
Pepino,1Kg,Hortaliças,CEASAMINAS Belo Horizonte(MG),MG,1.31,2026-07-06
Pepino,1Kg,Hortaliças,CEASA-RJ Rio de Janeiro(RJ),RJ,2.35,2026-07-06
Pepino,1Kg,Hortaliças,CEASA-AL Maceió(AL),AL,2.5,2026-07-06
Pepino,1Kg,Hortaliças,AMA-BA Juazeiro(BA),BA,3.5,2026-07-06
Pepino,1Kg,Hortaliças,CEASA-PR Cascavel(PR),PR,5.3,2026-07-06
Pepino,1Kg,Hortaliças,CEAGESP São Paulo(SP),SP,2.81,2026-07-06
Pepino,1Kg,Hortaliças,CEAGESP São José dos Campos(SP),SP,7.05,2026-07-06
Pimentão Verde,1Kg,Hortaliças,CEAGESP Ribeirão Preto(SP),SP,6.0,2026-07-06
Pimentão Verde,1Kg,Hortaliças,CEASA-SC Florianópolis(SC),SC,7.0,2026-07-06
Pimentão Verde,1Kg,Hortaliças,CEASA-PE Recife(PE),PE,2.86,2026-07-06
Pimentão Verde,1Kg,Hortaliças,CEASAMINAS Uberaba(MG),MG,4.54,2026-07-06
Pimentão Verde,1Kg,Hortaliças,CEAGESP Sorocaba(SP),SP,4.37,2026-07-06
Pimentão Verde,1Kg,Hortaliças,CEASA-CE Fortaleza(CE),CE,4.7,2026-07-06
Pimentão Verde,1Kg,Hortaliças,CEASA-PR Curitiba(PR),PR,6.67,2026-07-06
Pimentão Verde,1Kg,Hortaliças,CEASA-PR Foz do Iguaçu(PR),PR,6.52,2026-07-06
Pimentão Verde,1Kg,Hortaliças,CEASA-ES Vitória(ES),ES,5.21,2026-07-06
Pimentão Verde,1Kg,Hortaliças,CEASA-MA São Luís(MA),MA,9.31,2026-07-06
Pimentão Verde,1Kg,Hortaliças,CEASA-MT Cuiabá(MT),MT,9.47,2026-07-06
Pimentão Verde,1Kg,Hortaliças,CEASA-BA Salvador(BA),BA,5.6,2026-07-06
Pimentão Verde,1Kg,Hortaliças,CEASA-PE Caruaru(PE),PE,3.0,2026-07-06
Pimentão Verde,1Kg,Hortaliças,CEASAMINAS Belo Horizonte(MG),MG,8.33,2026-07-06
Pimentão Verde,1Kg,Hortaliças,CEASA-RJ Rio de Janeiro(RJ),RJ,6.0,2026-07-06
Pimentão Verde,1Kg,Hortaliças,CEASA-AL Maceió(AL),AL,3.6,2026-07-06
Pimentão Verde,1Kg,Hortaliças,AMA-BA Juazeiro(BA),BA,2.92,2026-07-06
Pimentão Verde,1Kg,Hortaliças,CEASA-PR Cascavel(PR),PR,9.0,2026-07-06
Pimentão Verde,1Kg,Hortaliças,CEAGESP São Paulo(SP),SP,6.58,2026-07-06
Pimentão Verde,1Kg,Hortaliças,CEAGESP São José dos Campos(SP),SP,6.1,2026-07-06
Quiabo,1Kg,Hortaliças,CEAGESP Ribeirão Preto(SP),SP,11.56,2026-07-06
Quiabo,1Kg,Hortaliças,CEASA-SC Florianópolis(SC),SC,18.0,2026-07-06
Quiabo,1Kg,Hortaliças,CEASA-PE Recife(PE),PE,10.0,2026-07-06
Quiabo,1Kg,Hortaliças,CEASAMINAS Uberaba(MG),MG,8.57,2026-07-06
Quiabo,1Kg,Hortaliças,CEAGESP Sorocaba(SP),SP,10.11,2026-07-06
Quiabo,1Kg,Hortaliças,CEASA-CE Fortaleza(CE),CE,15.0,2026-07-06
Quiabo,1Kg,Hortaliças,CEASA-PR Curitiba(PR),PR,10.0,2026-07-06
Quiabo,1Kg,Hortaliças,CEASA-PR Foz do Iguaçu(PR),PR,10.0,2026-07-06
Quiabo,1Kg,Hortaliças,CEASA-ES Vitória(ES),ES,10.73,2026-07-06
Quiabo,1Kg,Hortaliças,CEASA-MA São Luís(MA),MA,20.7,2026-07-06
Quiabo,1Kg,Hortaliças,CEASA-MT Cuiabá(MT),MT,13.64,2026-07-06
Quiabo,1Kg,Hortaliças,CEASA-BA Salvador(BA),BA,3.2,2026-07-06
Quiabo,1Kg,Hortaliças,CEASA-PE Caruaru(PE),PE,7.0,2026-07-06
Quiabo,1Kg,Hortaliças,CEASAMINAS Belo Horizonte(MG),MG,6.66,2026-07-06
Quiabo,1Kg,Hortaliças,CEASA-RJ Rio de Janeiro(RJ),RJ,9.17,2026-07-06
Quiabo,1Kg,Hortaliças,CEASA-AL Maceió(AL),AL,5.0,2026-07-06
Quiabo,1Kg,Hortaliças,AMA-BA Juazeiro(BA),BA,6.5,2026-07-06
Quiabo,1Kg,Hortaliças,CEASA-PR Cascavel(PR),PR,17.0,2026-07-06
Quiabo,1Kg,Hortaliças,CEAGESP São Paulo(SP),SP,7.45,2026-07-06
Quiabo,1Kg,Hortaliças,CEAGESP São José dos Campos(SP),SP,15.0,2026-07-06
Repolho,1Kg,Hortaliças,CEAGESP Ribeirão Preto(SP),SP,3.0,2026-07-06
Repolho,1Kg,Hortaliças,CEASA-SC Florianópolis(SC),SC,1.4,2026-07-06
Repolho,1Kg,Hortaliças,CEASA-PE Recife(PE),PE,2.22,2026-07-06
Repolho,1Kg,Hortaliças,CEASAMINAS Uberaba(MG),MG,2.33,2026-07-06
Repolho,1Kg,Hortaliças,CEAGESP Sorocaba(SP),SP,4.2,2026-07-06
Repolho,1Kg,Hortaliças,CEASA-CE Fortaleza(CE),CE,7.75,2026-07-06
Repolho,1Kg,Hortaliças,CEASA-PR Curitiba(PR),PR,1.8,2026-07-06
Repolho,1Kg,Hortaliças,CEASA-PR Foz do Iguaçu(PR),PR,2.5,2026-07-06
Repolho,1Kg,Hortaliças,CEASA-ES Vitória(ES),ES,2.56,2026-07-06
Repolho,1Kg,Hortaliças,CEASA-MA São Luís(MA),MA,8.8,2026-07-06
Repolho,1Kg,Hortaliças,CEASA-MT Cuiabá(MT),MT,3.56,2026-07-06
Repolho,1Kg,Hortaliças,CEASA-BA Salvador(BA),BA,3.5,2026-07-06
Repolho,1Kg,Hortaliças,CEASA-PE Caruaru(PE),PE,5.0,2026-07-06
Repolho,1Kg,Hortaliças,CEASAMINAS Belo Horizonte(MG),MG,2.25,2026-07-06
Repolho,1Kg,Hortaliças,CEASA-RJ Rio de Janeiro(RJ),RJ,3.33,2026-07-06
Repolho,1Kg,Hortaliças,CEASA-AL Maceió(AL),AL,2.0,2026-07-06
Repolho,1Kg,Hortaliças,AMA-BA Juazeiro(BA),BA,4.5,2026-07-06
Repolho,1Kg,Hortaliças,CEASA-PR Cascavel(PR),PR,3.5,2026-07-06
Repolho,1Kg,Hortaliças,CEAGESP São Paulo(SP),SP,2.16,2026-07-06
Repolho,1Kg,Hortaliças,CEAGESP São José dos Campos(SP),SP,2.7,2026-07-06
Tomate,1Kg,Hortaliças,CEAGESP Ribeirão Preto(SP),SP,6.5,2026-07-06
Tomate,1Kg,Hortaliças,CEASA-SC Florianópolis(SC),SC,6.0,2026-07-06
Tomate,1Kg,Hortaliças,CEASA-PE Recife(PE),PE,2.69,2026-07-06
Tomate,1Kg,Hortaliças,CEASAMINAS Uberaba(MG),MG,3.63,2026-07-06
Tomate,1Kg,Hortaliças,CEAGESP Sorocaba(SP),SP,5.77,2026-07-06
Tomate,1Kg,Hortaliças,CEASA-CE Fortaleza(CE),CE,4.8,2026-07-06
Tomate,1Kg,Hortaliças,CEASA-PR Curitiba(PR),PR,4.5,2026-07-06
Tomate,1Kg,Hortaliças,CEASA-PR Foz do Iguaçu(PR),PR,4.5,2026-07-06
Tomate,1Kg,Hortaliças,CEASA-ES Vitória(ES),ES,4.19,2026-07-06
Tomate,1Kg,Hortaliças,CEASA-MA São Luís(MA),MA,23.43,2026-07-06
Tomate,1Kg,Hortaliças,CEASA-MT Cuiabá(MT),MT,7.37,2026-07-06
Tomate,1Kg,Hortaliças,CEASA-BA Salvador(BA),BA,3.3,2026-07-06
Tomate,1Kg,Hortaliças,CEASA-PE Caruaru(PE),PE,2.3,2026-07-06
Tomate,1Kg,Hortaliças,CEASAMINAS Belo Horizonte(MG),MG,3.25,2026-07-06
Tomate,1Kg,Hortaliças,CEASA-RJ Rio de Janeiro(RJ),RJ,6.67,2026-07-06
Tomate,1Kg,Hortaliças,CEASA-AL Maceió(AL),AL,2.35,2026-07-06
Tomate,1Kg,Hortaliças,AMA-BA Juazeiro(BA),BA,1.35,2026-07-06
Tomate,1Kg,Hortaliças,CEASA-PR Cascavel(PR),PR,6.0,2026-07-06
Tomate,1Kg,Hortaliças,CEAGESP São Paulo(SP),SP,3.53,2026-07-06
Tomate,1Kg,Hortaliças,CEAGESP São José dos Campos(SP),SP,4.5,2026-07-06
Vagem,1Kg,Hortaliças,CEAGESP Ribeirão Preto(SP),SP,11.67,2026-07-06
Vagem,1Kg,Hortaliças,CEASA-SC Florianópolis(SC),SC,12.0,2026-07-06
Vagem,1Kg,Hortaliças,CEASA-PE Recife(PE),PE,10.0,2026-07-06
Vagem,1Kg,Hortaliças,CEASAMINAS Uberaba(MG),MG,9.23,2026-07-06
Vagem,1Kg,Hortaliças,CEAGESP Sorocaba(SP),SP,13.61,2026-07-06
Vagem,1Kg,Hortaliças,CEASA-CE Fortaleza(CE),CE,4.0,2026-07-06
Vagem,1Kg,Hortaliças,CEASA-PR Curitiba(PR),PR,6.67,2026-07-06
Vagem,1Kg,Hortaliças,CEASA-PR Foz do Iguaçu(PR),PR,10.0,2026-07-06
Vagem,1Kg,Hortaliças,CEASA-ES Vitória(ES),ES,4.32,2026-07-06
Vagem,1Kg,Hortaliças,CEASA-MA São Luís(MA),MA,12.11,2026-07-06
Vagem,1Kg,Hortaliças,CEASA-MT Cuiabá(MT),MT,12.73,2026-07-06
Vagem,1Kg,Hortaliças,CEASA-BA Salvador(BA),BA,8.0,2026-07-06
Vagem,1Kg,Hortaliças,CEASA-PE Caruaru(PE),PE,10.0,2026-07-06
Vagem,1Kg,Hortaliças,CEASAMINAS Belo Horizonte(MG),MG,3.84,2026-07-06
Vagem,1Kg,Hortaliças,CEASA-RJ Rio de Janeiro(RJ),RJ,6.0,2026-07-06
Vagem,1Kg,Hortaliças,CEASA-AL Maceió(AL),AL,6.0,2026-07-06
Vagem,1Kg,Hortaliças,AMA-BA Juazeiro(BA),BA,9.0,2026-07-06
Vagem,1Kg,Hortaliças,CEASA-PR Cascavel(PR),PR,16.0,2026-07-06
Vagem,1Kg,Hortaliças,CEAGESP São Paulo(SP),SP,7.21,2026-07-06
Vagem,1Kg,Hortaliças,CEAGESP São José dos Campos(SP),SP,13.0,2026-07-06
Abóbora,1Kg,Hortaliças,CEASA-MT Cuiabá(MT),MT,2.89,2026-07-05
Abobrinha,1Kg,Hortaliças,CEASA-MT Cuiabá(MT),MT,5.88,2026-07-05
Alface,1Dz,Hortaliças,CEASA-MT Cuiabá(MT),MT,25.0,2026-07-05
Berinjela,1Kg,Hortaliças,CEASA-MT Cuiabá(MT),MT,3.64,2026-07-05
Beterraba,1Kg,Hortaliças,CEASA-MT Cuiabá(MT),MT,3.68,2026-07-05
Brócolis,1Kg,Hortaliças,CEASA-MT Cuiabá(MT),MT,25.45,2026-07-05
Cenoura,1Kg,Hortaliças,CEASA-MT Cuiabá(MT),MT,6.15,2026-07-05
Chuchu,1Kg,Hortaliças,CEASA-MT Cuiabá(MT),MT,2.89,2026-07-05
Couve,1Kg,Hortaliças,CEASA-MT Cuiabá(MT),MT,13.33,2026-07-05
Couve-Flor,1Un,Hortaliças,CEASA-MT Cuiabá(MT),MT,12.0,2026-07-05
Pepino,1Kg,Hortaliças,CEASA-MT Cuiabá(MT),MT,3.59,2026-07-05
Pimentão Verde,1Kg,Hortaliças,CEASA-MT Cuiabá(MT),MT,8.42,2026-07-05
Quiabo,1Kg,Hortaliças,CEASA-MT Cuiabá(MT),MT,10.91,2026-07-05
Repolho,1Kg,Hortaliças,CEASA-MT Cuiabá(MT),MT,3.56,2026-07-05
Tomate,1Kg,Hortaliças,CEASA-MT Cuiabá(MT),MT,7.89,2026-07-05
Vagem,1Kg,Hortaliças,CEASA-MT Cuiabá(MT),MT,10.91,2026-07-05
Abacate,1Kg,Frutas,CEAGESP Ribeirão Preto(SP),SP,3.43,2026-08-03
Abacaxi,1Un,Frutas,CEAGESP Ribeirão Preto(SP),SP,5.5,2026-08-03
Banana Nanica,1Kg,Frutas,CEAGESP Ribeirão Preto(SP),SP,3.5,2026-08-03
Banana Prata,1Kg,Frutas,CEAGESP Ribeirão Preto(SP),SP,4.76,2026-08-03
Coco Verde,1unidade,Frutas,CEAGESP Ribeirão Preto(SP),SP,4.17,2026-08-03
Goiaba,1Kg,Frutas,CEAGESP Ribeirão Preto(SP),SP,8.72,2026-08-03
Laranja Pêra,1Kg,Frutas,CEAGESP Ribeirão Preto(SP),SP,2.25,2026-08-03
Limão Taiti,1Kg,Frutas,CEAGESP Ribeirão Preto(SP),SP,4.25,2026-08-03
Maçã Nacional,1Kg,Frutas,CEAGESP Ribeirão Preto(SP),SP,6.16,2026-08-03
Mamão Formosa,1Kg,Frutas,CEAGESP Ribeirão Preto(SP),SP,7.0,2026-08-03
Mamão Havaí,1Kg,Frutas,CEAGESP Ribeirão Preto(SP),SP,15.0,2026-08-03
Manga,1Kg,Frutas,CEAGESP Ribeirão Preto(SP),SP,7.5,2026-08-03
Maracujá Azedo,1Kg,Frutas,CEAGESP Ribeirão Preto(SP),SP,10.0,2026-08-03
Melancia,1Kg,Frutas,CEAGESP Ribeirão Preto(SP),SP,3.1,2026-08-03
Melão Amarelo,1Kg,Frutas,CEAGESP Ribeirão Preto(SP),SP,3.93,2026-08-03
Morango,1Kg,Frutas,CEAGESP Ribeirão Preto(SP),SP,30.0,2026-08-03
Pêra Estrangeira,1Kg,Frutas,CEAGESP Ribeirão Preto(SP),SP,9.35,2026-08-03
Tangerina,1Kg,Frutas,CEAGESP Ribeirão Preto(SP),SP,4.17,2026-08-03
Uva Itália,1Kg,Frutas,CEAGESP Ribeirão Preto(SP),SP,14.3,2026-08-03
Uva Niagara,1Kg,Frutas,CEAGESP Ribeirão Preto(SP),SP,18.01,2026-08-03
Uva Rubi,1Kg,Frutas,CEAGESP Ribeirão Preto(SP),SP,16.0,2026-08-03
Abacate,1Kg,Frutas,CEASA-MT Cuiabá(MT),MT,4.72,2026-08-02
Abacaxi,1Un,Frutas,CEASA-MT Cuiabá(MT),MT,7.67,2026-08-02
Banana Nanica,1Kg,Frutas,CEASA-MT Cuiabá(MT),MT,3.68,2026-08-02
Banana Prata,1Kg,Frutas,CEASA-MT Cuiabá(MT),MT,5.79,2026-08-02
Coco Verde,1unidade,Frutas,CEASA-MT Cuiabá(MT),MT,3.33,2026-08-02
Laranja Pêra,1Kg,Frutas,CEASA-MT Cuiabá(MT),MT,2.0,2026-08-02
Limão Taiti,1Kg,Frutas,CEASA-MT Cuiabá(MT),MT,4.0,2026-08-02
Maçã Nacional,1Kg,Frutas,CEASA-MT Cuiabá(MT),MT,7.22,2026-08-02
Mamão Formosa,1Kg,Frutas,CEASA-MT Cuiabá(MT),MT,3.68,2026-08-02
Mamão Havaí,1Kg,Frutas,CEASA-MT Cuiabá(MT),MT,14.5,2026-08-02
Manga,1Kg,Frutas,CEASA-MT Cuiabá(MT),MT,7.63,2026-08-02
Maracujá Azedo,1Kg,Frutas,CEASA-MT Cuiabá(MT),MT,10.0,2026-08-02
Melancia,1Kg,Frutas,CEASA-MT Cuiabá(MT),MT,3.6,2026-08-02
Melão Amarelo,1Kg,Frutas,CEASA-MT Cuiabá(MT),MT,4.44,2026-08-02
Morango,1Kg,Frutas,CEASA-MT Cuiabá(MT),MT,35.0,2026-08-02
Tangerina,1Kg,Frutas,CEASA-MT Cuiabá(MT),MT,3.0,2026-08-02
Uva Niagara,1Kg,Frutas,CEASA-MT Cuiabá(MT),MT,16.4,2026-08-02
Abacate,1Kg,Frutas,CEAGESP Presidente Prudente(SP),SP,3.63,2026-08-01
Abacaxi,1Un,Frutas,CEAGESP Presidente Prudente(SP),SP,10.0,2026-08-01
Banana Nanica,1Kg,Frutas,CEAGESP Presidente Prudente(SP),SP,4.25,2026-08-01
Banana Prata,1Kg,Frutas,CEAGESP Presidente Prudente(SP),SP,5.5,2026-08-01
Coco Verde,1unidade,Frutas,CEAGESP Presidente Prudente(SP),SP,4.0,2026-08-01
Goiaba,1Kg,Frutas,CEAGESP Presidente Prudente(SP),SP,7.0,2026-08-01
Laranja Pêra,1Kg,Frutas,CEAGESP Presidente Prudente(SP),SP,2.04,2026-08-01
Limão Taiti,1Kg,Frutas,CEAGESP Presidente Prudente(SP),SP,3.2,2026-08-01
Maçã Nacional,1Kg,Frutas,CEAGESP Presidente Prudente(SP),SP,5.55,2026-08-01
Mamão Formosa,1Kg,Frutas,CEAGESP Presidente Prudente(SP),SP,4.25,2026-08-01
Mamão Havaí,1Kg,Frutas,CEAGESP Presidente Prudente(SP),SP,8.5,2026-08-01
Manga,1Kg,Frutas,CEAGESP Presidente Prudente(SP),SP,7.22,2026-08-01
Maracujá Azedo,1Kg,Frutas,CEAGESP Presidente Prudente(SP),SP,8.18,2026-08-01
Melancia,1Kg,Frutas,CEAGESP Presidente Prudente(SP),SP,4.5,2026-08-01
Melão Amarelo,1Kg,Frutas,CEAGESP Presidente Prudente(SP),SP,4.61,2026-08-01
Morango,1Kg,Frutas,CEAGESP Presidente Prudente(SP),SP,35.0,2026-08-01
Pêra Estrangeira,1Kg,Frutas,CEAGESP Presidente Prudente(SP),SP,8.05,2026-08-01
Tangerina,1Kg,Frutas,CEAGESP Presidente Prudente(SP),SP,4.5,2026-08-01
Uva Itália,1Kg,Frutas,CEAGESP Presidente Prudente(SP),SP,10.0,2026-08-01
Uva Niagara,1Kg,Frutas,CEAGESP Presidente Prudente(SP),SP,11.0,2026-08-01
Uva Rubi,1Kg,Frutas,CEAGESP Presidente Prudente(SP),SP,10.0,2026-08-01
Abacate,1Kg,Frutas,CEAGESP Ribeirão Preto(SP),SP,3.43,2026-07-31
Abacate,1Kg,Frutas,CEASA-MT Cuiabá(MT),MT,4.72,2026-07-31
Abacate,1Kg,Frutas,CEASA-PE Recife(PE),PE,4.5,2026-07-31
Abacate,1Kg,Frutas,CEASA-CE Fortaleza(CE),CE,6.0,2026-07-31
Abacate,1Kg,Frutas,CEASA-PR Foz do Iguaçu(PR),PR,2.5,2026-07-31
Abacate,1Kg,Frutas,CEASA-TO Palmas(TO),TO,5.75,2026-07-31
Abacate,1Kg,Frutas,CEASA-ES Vitória(ES),ES,2.2,2026-07-31
Abacate,1Kg,Frutas,CEASA-SP Campinas(SP),SP,3.75,2026-07-31
Abacate,1Kg,Frutas,CEASAMINAS Belo Horizonte(MG),MG,2.77,2026-07-31
Abacate,1Kg,Frutas,CEASA-RJ Rio de Janeiro(RJ),RJ,4.0,2026-07-31
Abacate,1Kg,Frutas,CEASA-CE Tianguá(CE),CE,4.8,2026-07-31
Abacate,1Kg,Frutas,CEASA-PR Curitiba(PR),PR,4.0,2026-07-31
Abacate,1Kg,Frutas,CEASA-AL Maceió(AL),AL,6.6,2026-07-31
Abacate,1Kg,Frutas,CEASA-RN Natal(RN),RN,3.5,2026-07-31
Abacate,1Kg,Frutas,AMA-BA Juazeiro(BA),BA,3.65,2026-07-31
Abacate,1Kg,Frutas,CEASA-MA São Luís(MA),MA,8.25,2026-07-31
Abacaxi,1Un,Frutas,CEAGESP Ribeirão Preto(SP),SP,5.5,2026-07-31
Abacaxi,1Un,Frutas,CEASA-MT Cuiabá(MT),MT,7.67,2026-07-31
Abacaxi,1Un,Frutas,CEASA-PE Recife(PE),PE,3.0,2026-07-31
Abacaxi,1Un,Frutas,CEASA-CE Fortaleza(CE),CE,5.0,2026-07-31
Abacaxi,1Un,Frutas,CEASA-PR Foz do Iguaçu(PR),PR,8.75,2026-07-31
Abacaxi,1Un,Frutas,CEASA-TO Palmas(TO),TO,8.0,2026-07-31
Abacaxi,1Un,Frutas,CEASA-ES Vitória(ES),ES,6.67,2026-07-31
Abacaxi,1Un,Frutas,CEASA-SP Campinas(SP),SP,4.17,2026-07-31
Abacaxi,1Un,Frutas,CEASAMINAS Belo Horizonte(MG),MG,5.42,2026-07-31
Abacaxi,1Un,Frutas,CEASA-RJ Rio de Janeiro(RJ),RJ,5.0,2026-07-31
Abacaxi,1Un,Frutas,CEASA-CE Tianguá(CE),CE,6.0,2026-07-31
Abacaxi,1Un,Frutas,CEASA-PR Curitiba(PR),PR,7.5,2026-07-31
Abacaxi,1Un,Frutas,CEASA-AL Maceió(AL),AL,4.0,2026-07-31
Abacaxi,1Un,Frutas,CEASA-RN Natal(RN),RN,5.0,2026-07-31
Abacaxi,1Un,Frutas,AMA-BA Juazeiro(BA),BA,7.0,2026-07-31
Abacaxi,1Un,Frutas,CEASA-MA São Luís(MA),MA,9.67,2026-07-31
Banana Nanica,1Kg,Frutas,CEAGESP Ribeirão Preto(SP),SP,3.5,2026-07-31
Banana Nanica,1Kg,Frutas,CEASA-MT Cuiabá(MT),MT,3.68,2026-07-31
Banana Nanica,1Kg,Frutas,CEASA-CE Fortaleza(CE),CE,3.2,2026-07-31
Banana Nanica,1Kg,Frutas,CEASA-PR Foz do Iguaçu(PR),PR,3.3,2026-07-31
Banana Nanica,1Kg,Frutas,CEASA-TO Palmas(TO),TO,4.0,2026-07-31
Banana Nanica,1Kg,Frutas,CEASA-ES Vitória(ES),ES,4.0,2026-07-31
Banana Nanica,1Kg,Frutas,CEASA-SP Campinas(SP),SP,4.0,2026-07-31
Banana Nanica,1Kg,Frutas,CEASAMINAS Belo Horizonte(MG),MG,3.75,2026-07-31
Banana Nanica,1Kg,Frutas,CEASA-RJ Rio de Janeiro(RJ),RJ,3.5,2026-07-31
Banana Nanica,1Kg,Frutas,CEASA-CE Tianguá(CE),CE,4.38,2026-07-31
Banana Nanica,1Kg,Frutas,CEASA-PR Curitiba(PR),PR,2.5,2026-07-31
Banana Nanica,1Kg,Frutas,CEASA-RN Natal(RN),RN,4.5,2026-07-31
Banana Nanica,1Kg,Frutas,AMA-BA Juazeiro(BA),BA,2.5,2026-07-31
Banana Nanica,1Kg,Frutas,CEASA-MA São Luís(MA),MA,4.87,2026-07-31
Banana Prata,1Kg,Frutas,CEAGESP Ribeirão Preto(SP),SP,4.76,2026-07-31
Banana Prata,1Kg,Frutas,CEASA-MT Cuiabá(MT),MT,5.79,2026-07-31
Banana Prata,1Kg,Frutas,CEASA-PE Recife(PE),PE,2.27,2026-07-31
Banana Prata,1Kg,Frutas,CEASA-CE Fortaleza(CE),CE,4.0,2026-07-31
Banana Prata,1Kg,Frutas,CEASA-PR Foz do Iguaçu(PR),PR,5.0,2026-07-31
Banana Prata,1Kg,Frutas,CEASA-TO Palmas(TO),TO,5.0,2026-07-31
Banana Prata,1Kg,Frutas,CEASA-ES Vitória(ES),ES,5.0,2026-07-31
Banana Prata,1Kg,Frutas,CEASA-SP Campinas(SP),SP,4.75,2026-07-31
Banana Prata,1Kg,Frutas,CEASAMINAS Belo Horizonte(MG),MG,4.0,2026-07-31
Banana Prata,1Kg,Frutas,CEASA-RJ Rio de Janeiro(RJ),RJ,3.0,2026-07-31
Banana Prata,1Kg,Frutas,CEASA-CE Tianguá(CE),CE,3.0,2026-07-31
Banana Prata,1Kg,Frutas,CEASA-PR Curitiba(PR),PR,4.0,2026-07-31
Banana Prata,1Kg,Frutas,CEASA-AL Maceió(AL),AL,4.3,2026-07-31
Banana Prata,1Kg,Frutas,CEASA-RN Natal(RN),RN,2.75,2026-07-31
Banana Prata,1Kg,Frutas,AMA-BA Juazeiro(BA),BA,1.92,2026-07-31
Banana Prata,1Kg,Frutas,CEASA-MA São Luís(MA),MA,6.28,2026-07-31
Coco Verde,1unidade,Frutas,CEAGESP Ribeirão Preto(SP),SP,4.17,2026-07-31
Coco Verde,1unidade,Frutas,CEASA-MT Cuiabá(MT),MT,3.33,2026-07-31
Coco Verde,1unidade,Frutas,CEASA-PE Recife(PE),PE,1.5,2026-07-31
Coco Verde,1unidade,Frutas,CEASA-CE Fortaleza(CE),CE,2.3,2026-07-31
Coco Verde,1unidade,Frutas,CEASA-PR Foz do Iguaçu(PR),PR,6.0,2026-07-31
Coco Verde,1unidade,Frutas,CEASA-ES Vitória(ES),ES,3.0,2026-07-31
Coco Verde,1unidade,Frutas,CEASA-SP Campinas(SP),SP,3.25,2026-07-31
Coco Verde,1unidade,Frutas,CEASAMINAS Belo Horizonte(MG),MG,2.8,2026-07-31
Coco Verde,1unidade,Frutas,CEASA-RJ Rio de Janeiro(RJ),RJ,3.2,2026-07-31
Coco Verde,1unidade,Frutas,CEASA-CE Tianguá(CE),CE,1.78,2026-07-31
Coco Verde,1unidade,Frutas,CEASA-PR Curitiba(PR),PR,5.0,2026-07-31
Coco Verde,1unidade,Frutas,CEASA-AL Maceió(AL),AL,2.0,2026-07-31
Coco Verde,1unidade,Frutas,CEASA-RN Natal(RN),RN,2.5,2026-07-31
Coco Verde,1unidade,Frutas,AMA-BA Juazeiro(BA),BA,1.0,2026-07-31
Coco Verde,1unidade,Frutas,CEASA-MA São Luís(MA),MA,2.48,2026-07-31
Goiaba,1Kg,Frutas,CEAGESP Ribeirão Preto(SP),SP,8.72,2026-07-31
Goiaba,1Kg,Frutas,CEASA-PE Recife(PE),PE,3.2,2026-07-31
Goiaba,1Kg,Frutas,CEASA-CE Fortaleza(CE),CE,3.8,2026-07-31
Goiaba,1Kg,Frutas,CEASA-PR Foz do Iguaçu(PR),PR,9.5,2026-07-31
Goiaba,1Kg,Frutas,CEASA-ES Vitória(ES),ES,4.0,2026-07-31
Goiaba,1Kg,Frutas,CEASA-SP Campinas(SP),SP,6.33,2026-07-31
Goiaba,1Kg,Frutas,CEASAMINAS Belo Horizonte(MG),MG,5.83,2026-07-31
Goiaba,1Kg,Frutas,CEASA-RJ Rio de Janeiro(RJ),RJ,10.0,2026-07-31
Goiaba,1Kg,Frutas,CEASA-CE Tianguá(CE),CE,4.0,2026-07-31
Goiaba,1Kg,Frutas,CEASA-PR Curitiba(PR),PR,6.25,2026-07-31
Goiaba,1Kg,Frutas,CEASA-AL Maceió(AL),AL,2.84,2026-07-31
Goiaba,1Kg,Frutas,CEASA-RN Natal(RN),RN,3.6,2026-07-31
Goiaba,1Kg,Frutas,AMA-BA Juazeiro(BA),BA,2.25,2026-07-31
Goiaba,1Kg,Frutas,CEASA-MA São Luís(MA),MA,8.48,2026-07-31
Laranja Pêra,1Kg,Frutas,CEAGESP Ribeirão Preto(SP),SP,2.25,2026-07-31
Laranja Pêra,1Kg,Frutas,CEASA-MT Cuiabá(MT),MT,2.0,2026-07-31
Laranja Pêra,1Kg,Frutas,CEASA-PE Recife(PE),PE,1.75,2026-07-31
Laranja Pêra,1Kg,Frutas,CEASA-CE Fortaleza(CE),CE,2.5,2026-07-31
Laranja Pêra,1Kg,Frutas,CEASA-PR Foz do Iguaçu(PR),PR,2.0,2026-07-31
Laranja Pêra,1Kg,Frutas,CEASA-TO Palmas(TO),TO,2.0,2026-07-31
Laranja Pêra,1Kg,Frutas,CEASA-ES Vitória(ES),ES,1.58,2026-07-31
Laranja Pêra,1Kg,Frutas,CEASA-SP Campinas(SP),SP,2.2,2026-07-31
Laranja Pêra,1Kg,Frutas,CEASAMINAS Belo Horizonte(MG),MG,1.75,2026-07-31
Laranja Pêra,1Kg,Frutas,CEASA-RJ Rio de Janeiro(RJ),RJ,2.5,2026-07-31
Laranja Pêra,1Kg,Frutas,CEASA-CE Tianguá(CE),CE,1.75,2026-07-31
Laranja Pêra,1Kg,Frutas,CEASA-PR Curitiba(PR),PR,2.5,2026-07-31
Laranja Pêra,1Kg,Frutas,CEASA-AL Maceió(AL),AL,1.66,2026-07-31
Laranja Pêra,1Kg,Frutas,CEASA-RN Natal(RN),RN,2.0,2026-07-31
Laranja Pêra,1Kg,Frutas,AMA-BA Juazeiro(BA),BA,0.75,2026-07-31
Laranja Pêra,1Kg,Frutas,CEASA-MA São Luís(MA),MA,2.55,2026-07-31
Limão Taiti,1Kg,Frutas,CEAGESP Ribeirão Preto(SP),SP,4.25,2026-07-31
Limão Taiti,1Kg,Frutas,CEASA-MT Cuiabá(MT),MT,4.0,2026-07-31
Limão Taiti,1Kg,Frutas,CEASA-PE Recife(PE),PE,2.22,2026-07-31
Limão Taiti,1Kg,Frutas,CEASA-CE Fortaleza(CE),CE,6.0,2026-07-31
Limão Taiti,1Kg,Frutas,CEASA-PR Foz do Iguaçu(PR),PR,3.69,2026-07-31
Limão Taiti,1Kg,Frutas,CEASA-TO Palmas(TO),TO,8.0,2026-07-31
Limão Taiti,1Kg,Frutas,CEASA-ES Vitória(ES),ES,5.92,2026-07-31
Limão Taiti,1Kg,Frutas,CEASA-SP Campinas(SP),SP,6.0,2026-07-31
Limão Taiti,1Kg,Frutas,CEASAMINAS Belo Horizonte(MG),MG,6.0,2026-07-31
Limão Taiti,1Kg,Frutas,CEASA-RJ Rio de Janeiro(RJ),RJ,5.0,2026-07-31
Limão Taiti,1Kg,Frutas,CEASA-CE Tianguá(CE),CE,2.8,2026-07-31
Limão Taiti,1Kg,Frutas,CEASA-PR Curitiba(PR),PR,4.78,2026-07-31
Limão Taiti,1Kg,Frutas,CEASA-AL Maceió(AL),AL,2.5,2026-07-31
Limão Taiti,1Kg,Frutas,CEASA-RN Natal(RN),RN,3.0,2026-07-31
Limão Taiti,1Kg,Frutas,AMA-BA Juazeiro(BA),BA,2.25,2026-07-31
Limão Taiti,1Kg,Frutas,CEASA-MA São Luís(MA),MA,5.75,2026-07-31
Maçã Nacional,1Kg,Frutas,CEAGESP Ribeirão Preto(SP),SP,6.16,2026-07-31
Maçã Nacional,1Kg,Frutas,CEASA-MT Cuiabá(MT),MT,7.22,2026-07-31
Maçã Nacional,1Kg,Frutas,CEASA-PE Recife(PE),PE,6.67,2026-07-31
Maçã Nacional,1Kg,Frutas,CEASA-CE Fortaleza(CE),CE,10.4,2026-07-31
Maçã Nacional,1Kg,Frutas,CEASA-PR Foz do Iguaçu(PR),PR,7.11,2026-07-31
Maçã Nacional,1Kg,Frutas,CEASA-TO Palmas(TO),TO,5.28,2026-07-31
Maçã Nacional,1Kg,Frutas,CEASA-ES Vitória(ES),ES,5.22,2026-07-31
Maçã Nacional,1Kg,Frutas,CEASA-SP Campinas(SP),SP,6.39,2026-07-31
Maçã Nacional,1Kg,Frutas,CEASAMINAS Belo Horizonte(MG),MG,5.55,2026-07-31
Maçã Nacional,1Kg,Frutas,CEASA-RJ Rio de Janeiro(RJ),RJ,7.22,2026-07-31
Maçã Nacional,1Kg,Frutas,CEASA-CE Tianguá(CE),CE,7.22,2026-07-31
Maçã Nacional,1Kg,Frutas,CEASA-PR Curitiba(PR),PR,6.39,2026-07-31
Maçã Nacional,1Kg,Frutas,CEASA-AL Maceió(AL),AL,10.6,2026-07-31
Maçã Nacional,1Kg,Frutas,CEASA-RN Natal(RN),RN,7.0,2026-07-31
Maçã Nacional,1Kg,Frutas,AMA-BA Juazeiro(BA),BA,5.42,2026-07-31
Maçã Nacional,1Kg,Frutas,CEASA-MA São Luís(MA),MA,9.64,2026-07-31
Mamão Formosa,1Kg,Frutas,CEAGESP Ribeirão Preto(SP),SP,7.0,2026-07-31
Mamão Formosa,1Kg,Frutas,CEASA-MT Cuiabá(MT),MT,3.68,2026-07-31
Mamão Formosa,1Kg,Frutas,CEASA-PE Recife(PE),PE,3.5,2026-07-31
Mamão Formosa,1Kg,Frutas,CEASA-CE Fortaleza(CE),CE,3.5,2026-07-31
Mamão Formosa,1Kg,Frutas,CEASA-PR Foz do Iguaçu(PR),PR,8.0,2026-07-31
Mamão Formosa,1Kg,Frutas,CEASA-TO Palmas(TO),TO,5.38,2026-07-31
Mamão Formosa,1Kg,Frutas,CEASA-ES Vitória(ES),ES,5.67,2026-07-31
Mamão Formosa,1Kg,Frutas,CEASA-SP Campinas(SP),SP,5.56,2026-07-31
Mamão Formosa,1Kg,Frutas,CEASAMINAS Belo Horizonte(MG),MG,4.44,2026-07-31
Mamão Formosa,1Kg,Frutas,CEASA-RJ Rio de Janeiro(RJ),RJ,8.0,2026-07-31
Mamão Formosa,1Kg,Frutas,CEASA-CE Tianguá(CE),CE,2.05,2026-07-31
Mamão Formosa,1Kg,Frutas,CEASA-PR Curitiba(PR),PR,5.33,2026-07-31
Mamão Formosa,1Kg,Frutas,CEASA-AL Maceió(AL),AL,2.0,2026-07-31
Mamão Formosa,1Kg,Frutas,CEASA-RN Natal(RN),RN,3.5,2026-07-31
Mamão Formosa,1Kg,Frutas,AMA-BA Juazeiro(BA),BA,1.75,2026-07-31
Mamão Formosa,1Kg,Frutas,CEASA-MA São Luís(MA),MA,5.04,2026-07-31
Mamão Havaí,1Kg,Frutas,CEAGESP Ribeirão Preto(SP),SP,15.0,2026-07-31
Mamão Havaí,1Kg,Frutas,CEASA-MT Cuiabá(MT),MT,14.5,2026-07-31
Mamão Havaí,1Kg,Frutas,CEASA-PE Recife(PE),PE,5.0,2026-07-31
Mamão Havaí,1Kg,Frutas,CEASA-CE Fortaleza(CE),CE,7.0,2026-07-31
Mamão Havaí,1Kg,Frutas,CEASA-PR Foz do Iguaçu(PR),PR,8.0,2026-07-31
Mamão Havaí,1Kg,Frutas,CEASA-ES Vitória(ES),ES,4.03,2026-07-31
Mamão Havaí,1Kg,Frutas,CEASA-SP Campinas(SP),SP,6.25,2026-07-31
Mamão Havaí,1Kg,Frutas,CEASAMINAS Belo Horizonte(MG),MG,7.5,2026-07-31
Mamão Havaí,1Kg,Frutas,CEASA-RJ Rio de Janeiro(RJ),RJ,9.0,2026-07-31
Mamão Havaí,1Kg,Frutas,CEASA-CE Tianguá(CE),CE,3.64,2026-07-31
Mamão Havaí,1Kg,Frutas,CEASA-PR Curitiba(PR),PR,10.0,2026-07-31
Mamão Havaí,1Kg,Frutas,CEASA-AL Maceió(AL),AL,3.5,2026-07-31
Mamão Havaí,1Kg,Frutas,CEASA-RN Natal(RN),RN,6.0,2026-07-31
Mamão Havaí,1Kg,Frutas,AMA-BA Juazeiro(BA),BA,4.55,2026-07-31
Mamão Havaí,1Kg,Frutas,CEASA-MA São Luís(MA),MA,8.85,2026-07-31
Manga,1Kg,Frutas,CEAGESP Ribeirão Preto(SP),SP,7.5,2026-07-31
Manga,1Kg,Frutas,CEASA-MT Cuiabá(MT),MT,7.63,2026-07-31
Manga,1Kg,Frutas,CEASA-PE Recife(PE),PE,4.7,2026-07-31
Manga,1Kg,Frutas,CEASA-CE Fortaleza(CE),CE,5.35,2026-07-31
Manga,1Kg,Frutas,CEASA-PR Foz do Iguaçu(PR),PR,6.25,2026-07-31
Manga,1Kg,Frutas,CEASA-TO Palmas(TO),TO,7.0,2026-07-31
Manga,1Kg,Frutas,CEASA-ES Vitória(ES),ES,6.88,2026-07-31
Manga,1Kg,Frutas,CEASA-SP Campinas(SP),SP,5.56,2026-07-31
Manga,1Kg,Frutas,CEASAMINAS Belo Horizonte(MG),MG,5.55,2026-07-31
Manga,1Kg,Frutas,CEASA-RJ Rio de Janeiro(RJ),RJ,6.67,2026-07-31
Manga,1Kg,Frutas,CEASA-CE Tianguá(CE),CE,5.2,2026-07-31
Manga,1Kg,Frutas,CEASA-PR Curitiba(PR),PR,6.0,2026-07-31
Manga,1Kg,Frutas,CEASA-AL Maceió(AL),AL,2.4,2026-07-31
Manga,1Kg,Frutas,CEASA-RN Natal(RN),RN,4.2,2026-07-31
Manga,1Kg,Frutas,AMA-BA Juazeiro(BA),BA,3.85,2026-07-31
Manga,1Kg,Frutas,CEASA-MA São Luís(MA),MA,10.01,2026-07-31
Maracujá Azedo,1Kg,Frutas,CEAGESP Ribeirão Preto(SP),SP,10.0,2026-07-31
Maracujá Azedo,1Kg,Frutas,CEASA-MT Cuiabá(MT),MT,10.0,2026-07-31
Maracujá Azedo,1Kg,Frutas,CEASA-PE Recife(PE),PE,7.06,2026-07-31
Maracujá Azedo,1Kg,Frutas,CEASA-CE Fortaleza(CE),CE,6.25,2026-07-31
Maracujá Azedo,1Kg,Frutas,CEASA-PR Foz do Iguaçu(PR),PR,8.27,2026-07-31
Maracujá Azedo,1Kg,Frutas,CEASA-TO Palmas(TO),TO,7.5,2026-07-31
Maracujá Azedo,1Kg,Frutas,CEASA-ES Vitória(ES),ES,7.0,2026-07-31
Maracujá Azedo,1Kg,Frutas,CEASA-SP Campinas(SP),SP,7.27,2026-07-31
Maracujá Azedo,1Kg,Frutas,CEASAMINAS Belo Horizonte(MG),MG,6.66,2026-07-31
Maracujá Azedo,1Kg,Frutas,CEASA-RJ Rio de Janeiro(RJ),RJ,6.5,2026-07-31
Maracujá Azedo,1Kg,Frutas,CEASA-CE Tianguá(CE),CE,6.25,2026-07-31
Maracujá Azedo,1Kg,Frutas,CEASA-PR Curitiba(PR),PR,8.18,2026-07-31
Maracujá Azedo,1Kg,Frutas,CEASA-AL Maceió(AL),AL,5.33,2026-07-31
Maracujá Azedo,1Kg,Frutas,CEASA-RN Natal(RN),RN,6.8,2026-07-31
Maracujá Azedo,1Kg,Frutas,AMA-BA Juazeiro(BA),BA,4.06,2026-07-31
Maracujá Azedo,1Kg,Frutas,CEASA-MA São Luís(MA),MA,9.77,2026-07-31
Melancia,1Kg,Frutas,CEAGESP Ribeirão Preto(SP),SP,3.1,2026-07-31
Melancia,1Kg,Frutas,CEASA-MT Cuiabá(MT),MT,3.6,2026-07-31
Melancia,1Kg,Frutas,CEASA-PE Recife(PE),PE,2.5,2026-07-31
Melancia,1Kg,Frutas,CEASA-CE Fortaleza(CE),CE,3.0,2026-07-31
Melancia,1Kg,Frutas,CEASA-PR Foz do Iguaçu(PR),PR,3.7,2026-07-31
Melancia,1Kg,Frutas,CEASA-TO Palmas(TO),TO,2.4,2026-07-31
Melancia,1Kg,Frutas,CEASA-ES Vitória(ES),ES,3.47,2026-07-31
Melancia,1Kg,Frutas,CEASA-SP Campinas(SP),SP,3.7,2026-07-31
Melancia,1Kg,Frutas,CEASAMINAS Belo Horizonte(MG),MG,3.5,2026-07-31
Melancia,1Kg,Frutas,CEASA-RJ Rio de Janeiro(RJ),RJ,3.5,2026-07-31
Melancia,1Kg,Frutas,CEASA-CE Tianguá(CE),CE,2.2,2026-07-31
Melancia,1Kg,Frutas,CEASA-PR Curitiba(PR),PR,3.8,2026-07-31
Melancia,1Kg,Frutas,CEASA-AL Maceió(AL),AL,1.39,2026-07-31
Melancia,1Kg,Frutas,CEASA-RN Natal(RN),RN,2.2,2026-07-31
Melancia,1Kg,Frutas,AMA-BA Juazeiro(BA),BA,2.9,2026-07-31
Melancia,1Kg,Frutas,CEASA-MA São Luís(MA),MA,4.37,2026-07-31
Melão Amarelo,1Kg,Frutas,CEAGESP Ribeirão Preto(SP),SP,3.93,2026-07-31
Melão Amarelo,1Kg,Frutas,CEASA-MT Cuiabá(MT),MT,4.44,2026-07-31
Melão Amarelo,1Kg,Frutas,CEASA-PE Recife(PE),PE,2.5,2026-07-31
Melão Amarelo,1Kg,Frutas,CEASA-CE Fortaleza(CE),CE,3.5,2026-07-31
Melão Amarelo,1Kg,Frutas,CEASA-PR Foz do Iguaçu(PR),PR,4.2,2026-07-31
Melão Amarelo,1Kg,Frutas,CEASA-TO Palmas(TO),TO,4.95,2026-07-31
Melão Amarelo,1Kg,Frutas,CEASA-ES Vitória(ES),ES,6.6,2026-07-31
Melão Amarelo,1Kg,Frutas,CEASA-SP Campinas(SP),SP,4.0,2026-07-31
Melão Amarelo,1Kg,Frutas,CEASAMINAS Belo Horizonte(MG),MG,3.69,2026-07-31
Melão Amarelo,1Kg,Frutas,CEASA-RJ Rio de Janeiro(RJ),RJ,3.85,2026-07-31
Melão Amarelo,1Kg,Frutas,CEASA-CE Tianguá(CE),CE,3.18,2026-07-31
Melão Amarelo,1Kg,Frutas,CEASA-PR Curitiba(PR),PR,5.38,2026-07-31
Melão Amarelo,1Kg,Frutas,CEASA-AL Maceió(AL),AL,3.5,2026-07-31
Melão Amarelo,1Kg,Frutas,CEASA-RN Natal(RN),RN,3.5,2026-07-31
Melão Amarelo,1Kg,Frutas,AMA-BA Juazeiro(BA),BA,2.9,2026-07-31
Melão Amarelo,1Kg,Frutas,CEASA-MA São Luís(MA),MA,5.0,2026-07-31
Morango,1Kg,Frutas,CEAGESP Ribeirão Preto(SP),SP,30.0,2026-07-31
Morango,1Kg,Frutas,CEASA-MT Cuiabá(MT),MT,35.0,2026-07-31
Morango,1Kg,Frutas,CEASA-PE Recife(PE),PE,35.0,2026-07-31
Morango,1Kg,Frutas,CEASA-CE Fortaleza(CE),CE,35.0,2026-07-31
Morango,1Kg,Frutas,CEASA-PR Foz do Iguaçu(PR),PR,29.1,2026-07-31
Morango,1Kg,Frutas,CEASA-ES Vitória(ES),ES,20.61,2026-07-31
Morango,1Kg,Frutas,CEASA-SP Campinas(SP),SP,25.0,2026-07-31
Morango,1Kg,Frutas,CEASAMINAS Belo Horizonte(MG),MG,20.83,2026-07-31
Morango,1Kg,Frutas,CEASA-RJ Rio de Janeiro(RJ),RJ,16.67,2026-07-31
Morango,1Kg,Frutas,CEASA-CE Tianguá(CE),CE,42.0,2026-07-31
Morango,1Kg,Frutas,CEASA-PR Curitiba(PR),PR,20.0,2026-07-31
Morango,1Kg,Frutas,CEASA-AL Maceió(AL),AL,25.0,2026-07-31
Morango,1Kg,Frutas,CEASA-RN Natal(RN),RN,35.0,2026-07-31
Morango,1Kg,Frutas,AMA-BA Juazeiro(BA),BA,35.0,2026-07-31
Morango,1Kg,Frutas,CEASA-MA São Luís(MA),MA,58.37,2026-07-31
Pêra Estrangeira,1Kg,Frutas,CEAGESP Ribeirão Preto(SP),SP,9.35,2026-07-31
Pêra Estrangeira,1Kg,Frutas,CEASA-PE Recife(PE),PE,8.5,2026-07-31
Pêra Estrangeira,1Kg,Frutas,CEASA-CE Fortaleza(CE),CE,12.8,2026-07-31
Pêra Estrangeira,1Kg,Frutas,CEASA-PR Foz do Iguaçu(PR),PR,7.78,2026-07-31
Pêra Estrangeira,1Kg,Frutas,CEASA-TO Palmas(TO),TO,10.56,2026-07-31
Pêra Estrangeira,1Kg,Frutas,CEASA-ES Vitória(ES),ES,9.8,2026-07-31
Pêra Estrangeira,1Kg,Frutas,CEASA-SP Campinas(SP),SP,7.78,2026-07-31
Pêra Estrangeira,1Kg,Frutas,CEASAMINAS Belo Horizonte(MG),MG,8.0,2026-07-31
Pêra Estrangeira,1Kg,Frutas,CEASA-RJ Rio de Janeiro(RJ),RJ,14.0,2026-07-31
Pêra Estrangeira,1Kg,Frutas,CEASA-PR Curitiba(PR),PR,8.33,2026-07-31
Pêra Estrangeira,1Kg,Frutas,CEASA-AL Maceió(AL),AL,9.75,2026-07-31
Pêra Estrangeira,1Kg,Frutas,CEASA-RN Natal(RN),RN,9.5,2026-07-31
Pêra Estrangeira,1Kg,Frutas,AMA-BA Juazeiro(BA),BA,9.17,2026-07-31
Pêra Estrangeira,1Kg,Frutas,CEASA-MA São Luís(MA),MA,15.48,2026-07-31
Tangerina,1Kg,Frutas,CEAGESP Ribeirão Preto(SP),SP,4.17,2026-07-31
Tangerina,1Kg,Frutas,CEASA-MT Cuiabá(MT),MT,3.0,2026-07-31
Tangerina,1Kg,Frutas,CEASA-PE Recife(PE),PE,3.2,2026-07-31
Tangerina,1Kg,Frutas,CEASA-CE Fortaleza(CE),CE,6.0,2026-07-31
Tangerina,1Kg,Frutas,CEASA-PR Foz do Iguaçu(PR),PR,4.0,2026-07-31
Tangerina,1Kg,Frutas,CEASA-TO Palmas(TO),TO,4.0,2026-07-31
Tangerina,1Kg,Frutas,CEASA-ES Vitória(ES),ES,2.78,2026-07-31
Tangerina,1Kg,Frutas,CEASA-SP Campinas(SP),SP,2.75,2026-07-31
Tangerina,1Kg,Frutas,CEASAMINAS Belo Horizonte(MG),MG,2.77,2026-07-31
Tangerina,1Kg,Frutas,CEASA-RJ Rio de Janeiro(RJ),RJ,5.56,2026-07-31
Tangerina,1Kg,Frutas,CEASA-CE Tianguá(CE),CE,5.2,2026-07-31
Tangerina,1Kg,Frutas,CEASA-PR Curitiba(PR),PR,2.0,2026-07-31
Tangerina,1Kg,Frutas,CEASA-AL Maceió(AL),AL,3.33,2026-07-31
Tangerina,1Kg,Frutas,CEASA-RN Natal(RN),RN,4.0,2026-07-31
Tangerina,1Kg,Frutas,AMA-BA Juazeiro(BA),BA,5.56,2026-07-31
Tangerina,1Kg,Frutas,CEASA-MA São Luís(MA),MA,3.75,2026-07-31
Uva Itália,1Kg,Frutas,CEAGESP Ribeirão Preto(SP),SP,14.3,2026-07-31
Uva Itália,1Kg,Frutas,CEASA-PE Recife(PE),PE,6.1,2026-07-31
Uva Itália,1Kg,Frutas,CEASA-CE Fortaleza(CE),CE,7.5,2026-07-31
Uva Itália,1Kg,Frutas,CEASA-PR Foz do Iguaçu(PR),PR,10.0,2026-07-31
Uva Itália,1Kg,Frutas,CEASA-ES Vitória(ES),ES,13.52,2026-07-31
Uva Itália,1Kg,Frutas,CEASA-SP Campinas(SP),SP,11.0,2026-07-31
Uva Itália,1Kg,Frutas,CEASAMINAS Belo Horizonte(MG),MG,12.5,2026-07-31
Uva Itália,1Kg,Frutas,CEASA-RJ Rio de Janeiro(RJ),RJ,10.0,2026-07-31
Uva Itália,1Kg,Frutas,CEASA-CE Tianguá(CE),CE,8.0,2026-07-31
Uva Itália,1Kg,Frutas,CEASA-PR Curitiba(PR),PR,10.0,2026-07-31
Uva Itália,1Kg,Frutas,CEASA-AL Maceió(AL),AL,5.45,2026-07-31
Uva Itália,1Kg,Frutas,CEASA-RN Natal(RN),RN,7.5,2026-07-31
Uva Itália,1Kg,Frutas,AMA-BA Juazeiro(BA),BA,7.0,2026-07-31
Uva Itália,1Kg,Frutas,CEASA-MA São Luís(MA),MA,20.95,2026-07-31
Uva Niagara,1Kg,Frutas,CEAGESP Ribeirão Preto(SP),SP,18.01,2026-07-31
Uva Niagara,1Kg,Frutas,CEASA-MT Cuiabá(MT),MT,16.4,2026-07-31
Uva Niagara,1Kg,Frutas,CEASA-PR Foz do Iguaçu(PR),PR,10.0,2026-07-31
Uva Niagara,1Kg,Frutas,CEASA-ES Vitória(ES),ES,14.33,2026-07-31
Uva Niagara,1Kg,Frutas,CEASA-SP Campinas(SP),SP,9.0,2026-07-31
Uva Niagara,1Kg,Frutas,CEASAMINAS Belo Horizonte(MG),MG,8.0,2026-07-31
Uva Niagara,1Kg,Frutas,CEASA-RJ Rio de Janeiro(RJ),RJ,8.0,2026-07-31
Uva Niagara,1Kg,Frutas,CEASA-PR Curitiba(PR),PR,9.38,2026-07-31
Uva Rubi,1Kg,Frutas,CEAGESP Ribeirão Preto(SP),SP,16.0,2026-07-31
Uva Rubi,1Kg,Frutas,CEASA-PR Foz do Iguaçu(PR),PR,10.0,2026-07-31
Uva Rubi,1Kg,Frutas,CEASA-SP Campinas(SP),SP,12.0,2026-07-31
Uva Rubi,1Kg,Frutas,CEASA-RJ Rio de Janeiro(RJ),RJ,10.0,2026-07-31
Uva Rubi,1Kg,Frutas,CEASA-CE Tianguá(CE),CE,9.25,2026-07-31
Uva Rubi,1Kg,Frutas,CEASA-PR Curitiba(PR),PR,10.0,2026-07-31
Uva Rubi,1Kg,Frutas,CEASA-AL Maceió(AL),AL,6.5,2026-07-31
Uva Rubi,1Kg,Frutas,CEASA-RN Natal(RN),RN,11.0,2026-07-31
Abacate,1Kg,Frutas,CEAGESP Ribeirão Preto(SP),SP,2.0,2026-07-30
Abacate,1Kg,Frutas,CEASA-MT Cuiabá(MT),MT,4.72,2026-07-30
Abacate,1Kg,Frutas,CEASA-PE Recife(PE),PE,4.0,2026-07-30
Abacate,1Kg,Frutas,CEASA-CE Fortaleza(CE),CE,6.0,2026-07-30
Abacate,1Kg,Frutas,CEASA-PR Foz do Iguaçu(PR),PR,2.5,2026-07-30
Abacate,1Kg,Frutas,CEASA-ES Vitória(ES),ES,2.44,2026-07-30
Abacate,1Kg,Frutas,CEASA-MA São Luís(MA),MA,7.9,2026-07-30
Abacate,1Kg,Frutas,CEASA-RJ Rio de Janeiro(RJ),RJ,4.0,2026-07-30
Abacate,1Kg,Frutas,CEASA-PR Curitiba(PR),PR,4.0,2026-07-30
Abacate,1Kg,Frutas,CEASA-AL Maceió(AL),AL,6.6,2026-07-30
Abacate,1Kg,Frutas,AMA-BA Juazeiro(BA),BA,3.65,2026-07-30
Abacaxi,1Un,Frutas,CEAGESP Ribeirão Preto(SP),SP,6.33,2026-07-30
Abacaxi,1Un,Frutas,CEASA-MT Cuiabá(MT),MT,7.67,2026-07-30
Abacaxi,1Un,Frutas,CEASA-PE Recife(PE),PE,3.0,2026-07-30
Abacaxi,1Un,Frutas,CEASA-CE Fortaleza(CE),CE,5.0,2026-07-30
Abacaxi,1Un,Frutas,CEASA-PR Foz do Iguaçu(PR),PR,8.75,2026-07-30
Abacaxi,1Un,Frutas,CEASA-ES Vitória(ES),ES,6.92,2026-07-30
Abacaxi,1Un,Frutas,CEASA-MA São Luís(MA),MA,9.75,2026-07-30
Abacaxi,1Un,Frutas,CEASA-RJ Rio de Janeiro(RJ),RJ,5.0,2026-07-30
Abacaxi,1Un,Frutas,CEASA-PR Curitiba(PR),PR,7.5,2026-07-30
Abacaxi,1Un,Frutas,CEASA-AL Maceió(AL),AL,4.0,2026-07-30
Abacaxi,1Un,Frutas,AMA-BA Juazeiro(BA),BA,7.0,2026-07-30
Banana Nanica,1Kg,Frutas,CEAGESP Ribeirão Preto(SP),SP,3.07,2026-07-30
Banana Nanica,1Kg,Frutas,CEASA-MT Cuiabá(MT),MT,3.68,2026-07-30
Banana Nanica,1Kg,Frutas,CEASA-CE Fortaleza(CE),CE,3.2,2026-07-30
Banana Nanica,1Kg,Frutas,CEASA-PR Foz do Iguaçu(PR),PR,3.3,2026-07-30
Banana Nanica,1Kg,Frutas,CEASA-ES Vitória(ES),ES,4.0,2026-07-30
Banana Nanica,1Kg,Frutas,CEASA-MA São Luís(MA),MA,4.87,2026-07-30
Banana Nanica,1Kg,Frutas,CEASA-RJ Rio de Janeiro(RJ),RJ,3.5,2026-07-30
Banana Nanica,1Kg,Frutas,CEASA-PR Curitiba(PR),PR,2.5,2026-07-30
Banana Nanica,1Kg,Frutas,AMA-BA Juazeiro(BA),BA,2.5,2026-07-30
Banana Prata,1Kg,Frutas,CEAGESP Ribeirão Preto(SP),SP,4.76,2026-07-30
Banana Prata,1Kg,Frutas,CEASA-MT Cuiabá(MT),MT,5.79,2026-07-30
Banana Prata,1Kg,Frutas,CEASA-PE Recife(PE),PE,2.27,2026-07-30
Banana Prata,1Kg,Frutas,CEASA-CE Fortaleza(CE),CE,4.0,2026-07-30
Banana Prata,1Kg,Frutas,CEASA-PR Foz do Iguaçu(PR),PR,5.0,2026-07-30
Banana Prata,1Kg,Frutas,CEASA-ES Vitória(ES),ES,5.0,2026-07-30
Banana Prata,1Kg,Frutas,CEASA-MA São Luís(MA),MA,5.23,2026-07-30
Banana Prata,1Kg,Frutas,CEASA-RJ Rio de Janeiro(RJ),RJ,3.0,2026-07-30
Banana Prata,1Kg,Frutas,CEASA-PR Curitiba(PR),PR,4.0,2026-07-30
Banana Prata,1Kg,Frutas,CEASA-AL Maceió(AL),AL,4.3,2026-07-30
Banana Prata,1Kg,Frutas,AMA-BA Juazeiro(BA),BA,1.92,2026-07-30
Coco Verde,1unidade,Frutas,CEAGESP Ribeirão Preto(SP),SP,3.5,2026-07-30
Coco Verde,1unidade,Frutas,CEASA-MT Cuiabá(MT),MT,3.33,2026-07-30
Coco Verde,1unidade,Frutas,CEASA-PE Recife(PE),PE,1.5,2026-07-30
Coco Verde,1unidade,Frutas,CEASA-CE Fortaleza(CE),CE,2.3,2026-07-30
Coco Verde,1unidade,Frutas,CEASA-PR Foz do Iguaçu(PR),PR,6.0,2026-07-30
Coco Verde,1unidade,Frutas,CEASA-ES Vitória(ES),ES,3.0,2026-07-30
Coco Verde,1unidade,Frutas,CEASA-MA São Luís(MA),MA,3.6,2026-07-30
Coco Verde,1unidade,Frutas,CEASA-RJ Rio de Janeiro(RJ),RJ,3.2,2026-07-30
Coco Verde,1unidade,Frutas,CEASA-PR Curitiba(PR),PR,5.0,2026-07-30
Coco Verde,1unidade,Frutas,CEASA-AL Maceió(AL),AL,2.0,2026-07-30
Coco Verde,1unidade,Frutas,AMA-BA Juazeiro(BA),BA,1.0,2026-07-30
Goiaba,1Kg,Frutas,CEAGESP Ribeirão Preto(SP),SP,7.89,2026-07-30
Goiaba,1Kg,Frutas,CEASA-PE Recife(PE),PE,3.04,2026-07-30
Goiaba,1Kg,Frutas,CEASA-CE Fortaleza(CE),CE,3.7,2026-07-30
Goiaba,1Kg,Frutas,CEASA-PR Foz do Iguaçu(PR),PR,9.5,2026-07-30
Goiaba,1Kg,Frutas,CEASA-ES Vitória(ES),ES,4.0,2026-07-30
Goiaba,1Kg,Frutas,CEASA-MA São Luís(MA),MA,6.67,2026-07-30
Goiaba,1Kg,Frutas,CEASA-RJ Rio de Janeiro(RJ),RJ,10.0,2026-07-30
Goiaba,1Kg,Frutas,CEASA-PR Curitiba(PR),PR,6.25,2026-07-30
Goiaba,1Kg,Frutas,CEASA-AL Maceió(AL),AL,2.84,2026-07-30
Goiaba,1Kg,Frutas,AMA-BA Juazeiro(BA),BA,2.25,2026-07-30
Laranja Pêra,1Kg,Frutas,CEAGESP Ribeirão Preto(SP),SP,2.9,2026-07-30
Laranja Pêra,1Kg,Frutas,CEASA-MT Cuiabá(MT),MT,2.0,2026-07-30
Laranja Pêra,1Kg,Frutas,CEASA-PE Recife(PE),PE,1.75,2026-07-30
Laranja Pêra,1Kg,Frutas,CEASA-CE Fortaleza(CE),CE,2.5,2026-07-30
Laranja Pêra,1Kg,Frutas,CEASA-PR Foz do Iguaçu(PR),PR,2.0,2026-07-30
Laranja Pêra,1Kg,Frutas,CEASA-ES Vitória(ES),ES,1.66,2026-07-30
Laranja Pêra,1Kg,Frutas,CEASA-MA São Luís(MA),MA,2.68,2026-07-30
Laranja Pêra,1Kg,Frutas,CEASA-RJ Rio de Janeiro(RJ),RJ,2.5,2026-07-30
Laranja Pêra,1Kg,Frutas,CEASA-PR Curitiba(PR),PR,2.5,2026-07-30
Laranja Pêra,1Kg,Frutas,CEASA-AL Maceió(AL),AL,1.66,2026-07-30
Laranja Pêra,1Kg,Frutas,AMA-BA Juazeiro(BA),BA,0.75,2026-07-30
Limão Taiti,1Kg,Frutas,CEAGESP Ribeirão Preto(SP),SP,2.01,2026-07-30
Limão Taiti,1Kg,Frutas,CEASA-MT Cuiabá(MT),MT,4.0,2026-07-30
Limão Taiti,1Kg,Frutas,CEASA-PE Recife(PE),PE,2.22,2026-07-30
Limão Taiti,1Kg,Frutas,CEASA-CE Fortaleza(CE),CE,6.0,2026-07-30
Limão Taiti,1Kg,Frutas,CEASA-PR Foz do Iguaçu(PR),PR,3.69,2026-07-30
Limão Taiti,1Kg,Frutas,CEASA-ES Vitória(ES),ES,5.5,2026-07-30
Limão Taiti,1Kg,Frutas,CEASA-MA São Luís(MA),MA,4.5,2026-07-30
Limão Taiti,1Kg,Frutas,CEASA-RJ Rio de Janeiro(RJ),RJ,5.0,2026-07-30
Limão Taiti,1Kg,Frutas,CEASA-PR Curitiba(PR),PR,4.35,2026-07-30
Limão Taiti,1Kg,Frutas,CEASA-AL Maceió(AL),AL,2.5,2026-07-30
Limão Taiti,1Kg,Frutas,AMA-BA Juazeiro(BA),BA,2.25,2026-07-30
Maçã Nacional,1Kg,Frutas,CEAGESP Ribeirão Preto(SP),SP,9.39,2026-07-30
Maçã Nacional,1Kg,Frutas,CEASA-MT Cuiabá(MT),MT,7.22,2026-07-30
Maçã Nacional,1Kg,Frutas,CEASA-PE Recife(PE),PE,6.67,2026-07-30
Maçã Nacional,1Kg,Frutas,CEASA-CE Fortaleza(CE),CE,10.4,2026-07-30
Maçã Nacional,1Kg,Frutas,CEASA-PR Foz do Iguaçu(PR),PR,7.11,2026-07-30
Maçã Nacional,1Kg,Frutas,CEASA-ES Vitória(ES),ES,5.46,2026-07-30
Maçã Nacional,1Kg,Frutas,CEASA-MA São Luís(MA),MA,11.58,2026-07-30
Maçã Nacional,1Kg,Frutas,CEASA-RJ Rio de Janeiro(RJ),RJ,7.22,2026-07-30
Maçã Nacional,1Kg,Frutas,CEASA-PR Curitiba(PR),PR,6.39,2026-07-30
Maçã Nacional,1Kg,Frutas,CEASA-AL Maceió(AL),AL,10.6,2026-07-30
Maçã Nacional,1Kg,Frutas,AMA-BA Juazeiro(BA),BA,5.42,2026-07-30
Mamão Formosa,1Kg,Frutas,CEAGESP Ribeirão Preto(SP),SP,3.53,2026-07-30
Mamão Formosa,1Kg,Frutas,CEASA-MT Cuiabá(MT),MT,3.68,2026-07-30
Mamão Formosa,1Kg,Frutas,CEASA-PE Recife(PE),PE,3.5,2026-07-30
Mamão Formosa,1Kg,Frutas,CEASA-CE Fortaleza(CE),CE,4.0,2026-07-30
Mamão Formosa,1Kg,Frutas,CEASA-PR Foz do Iguaçu(PR),PR,8.0,2026-07-30
Mamão Formosa,1Kg,Frutas,CEASA-ES Vitória(ES),ES,6.33,2026-07-30
Mamão Formosa,1Kg,Frutas,CEASA-MA São Luís(MA),MA,5.24,2026-07-30
Mamão Formosa,1Kg,Frutas,CEASA-RJ Rio de Janeiro(RJ),RJ,8.0,2026-07-30
Mamão Formosa,1Kg,Frutas,CEASA-PR Curitiba(PR),PR,4.67,2026-07-30
Mamão Formosa,1Kg,Frutas,CEASA-AL Maceió(AL),AL,2.0,2026-07-30
Mamão Formosa,1Kg,Frutas,AMA-BA Juazeiro(BA),BA,1.75,2026-07-30
Mamão Havaí,1Kg,Frutas,CEAGESP Ribeirão Preto(SP),SP,7.43,2026-07-30
Mamão Havaí,1Kg,Frutas,CEASA-MT Cuiabá(MT),MT,14.5,2026-07-30
Mamão Havaí,1Kg,Frutas,CEASA-PE Recife(PE),PE,5.0,2026-07-30
Mamão Havaí,1Kg,Frutas,CEASA-CE Fortaleza(CE),CE,7.0,2026-07-30
Mamão Havaí,1Kg,Frutas,CEASA-PR Foz do Iguaçu(PR),PR,8.0,2026-07-30
Mamão Havaí,1Kg,Frutas,CEASA-ES Vitória(ES),ES,4.67,2026-07-30
Mamão Havaí,1Kg,Frutas,CEASA-MA São Luís(MA),MA,7.73,2026-07-30
Mamão Havaí,1Kg,Frutas,CEASA-RJ Rio de Janeiro(RJ),RJ,9.0,2026-07-30
Mamão Havaí,1Kg,Frutas,CEASA-PR Curitiba(PR),PR,10.0,2026-07-30
Mamão Havaí,1Kg,Frutas,CEASA-AL Maceió(AL),AL,3.5,2026-07-30
Mamão Havaí,1Kg,Frutas,AMA-BA Juazeiro(BA),BA,4.55,2026-07-30
Manga,1Kg,Frutas,CEAGESP Ribeirão Preto(SP),SP,7.08,2026-07-30
Manga,1Kg,Frutas,CEASA-MT Cuiabá(MT),MT,7.63,2026-07-30
Manga,1Kg,Frutas,CEASA-PE Recife(PE),PE,4.7,2026-07-30
Manga,1Kg,Frutas,CEASA-CE Fortaleza(CE),CE,5.6,2026-07-30
Manga,1Kg,Frutas,CEASA-PR Foz do Iguaçu(PR),PR,6.25,2026-07-30
Manga,1Kg,Frutas,CEASA-ES Vitória(ES),ES,6.55,2026-07-30
Manga,1Kg,Frutas,CEASA-MA São Luís(MA),MA,10.98,2026-07-30
Manga,1Kg,Frutas,CEASA-RJ Rio de Janeiro(RJ),RJ,6.67,2026-07-30
Manga,1Kg,Frutas,CEASA-PR Curitiba(PR),PR,6.0,2026-07-30
Manga,1Kg,Frutas,CEASA-AL Maceió(AL),AL,2.4,2026-07-30
Manga,1Kg,Frutas,AMA-BA Juazeiro(BA),BA,3.85,2026-07-30
Maracujá Azedo,1Kg,Frutas,CEAGESP Ribeirão Preto(SP),SP,7.24,2026-07-30
Maracujá Azedo,1Kg,Frutas,CEASA-MT Cuiabá(MT),MT,10.0,2026-07-30
Maracujá Azedo,1Kg,Frutas,CEASA-PE Recife(PE),PE,5.88,2026-07-30
Maracujá Azedo,1Kg,Frutas,CEASA-CE Fortaleza(CE),CE,6.9,2026-07-30
Maracujá Azedo,1Kg,Frutas,CEASA-PR Foz do Iguaçu(PR),PR,8.27,2026-07-30
Maracujá Azedo,1Kg,Frutas,CEASA-ES Vitória(ES),ES,7.0,2026-07-30
Maracujá Azedo,1Kg,Frutas,CEASA-MA São Luís(MA),MA,9.46,2026-07-30
Maracujá Azedo,1Kg,Frutas,CEASA-RJ Rio de Janeiro(RJ),RJ,6.5,2026-07-30
Maracujá Azedo,1Kg,Frutas,CEASA-PR Curitiba(PR),PR,8.18,2026-07-30
Maracujá Azedo,1Kg,Frutas,CEASA-AL Maceió(AL),AL,5.33,2026-07-30
Maracujá Azedo,1Kg,Frutas,AMA-BA Juazeiro(BA),BA,4.06,2026-07-30
Melancia,1Kg,Frutas,CEAGESP Ribeirão Preto(SP),SP,2.72,2026-07-30
Melancia,1Kg,Frutas,CEASA-MT Cuiabá(MT),MT,3.6,2026-07-30
Melancia,1Kg,Frutas,CEASA-PE Recife(PE),PE,2.5,2026-07-30
Melancia,1Kg,Frutas,CEASA-CE Fortaleza(CE),CE,3.0,2026-07-30
Melancia,1Kg,Frutas,CEASA-PR Foz do Iguaçu(PR),PR,3.7,2026-07-30
Melancia,1Kg,Frutas,CEASA-ES Vitória(ES),ES,3.5,2026-07-30
Melancia,1Kg,Frutas,CEASA-MA São Luís(MA),MA,3.92,2026-07-30
Melancia,1Kg,Frutas,CEASA-RJ Rio de Janeiro(RJ),RJ,3.5,2026-07-30
Melancia,1Kg,Frutas,CEASA-PR Curitiba(PR),PR,3.8,2026-07-30
Melancia,1Kg,Frutas,CEASA-AL Maceió(AL),AL,1.39,2026-07-30
Melancia,1Kg,Frutas,AMA-BA Juazeiro(BA),BA,1.9,2026-07-30
Melão Amarelo,1Kg,Frutas,CEAGESP Ribeirão Preto(SP),SP,10.0,2026-07-30
Melão Amarelo,1Kg,Frutas,CEASA-MT Cuiabá(MT),MT,4.44,2026-07-30
Melão Amarelo,1Kg,Frutas,CEASA-PE Recife(PE),PE,2.5,2026-07-30
Melão Amarelo,1Kg,Frutas,CEASA-CE Fortaleza(CE),CE,4.0,2026-07-30
Melão Amarelo,1Kg,Frutas,CEASA-PR Foz do Iguaçu(PR),PR,4.2,2026-07-30
Melão Amarelo,1Kg,Frutas,CEASA-ES Vitória(ES),ES,6.78,2026-07-30
Melão Amarelo,1Kg,Frutas,CEASA-MA São Luís(MA),MA,4.75,2026-07-30
Melão Amarelo,1Kg,Frutas,CEASA-RJ Rio de Janeiro(RJ),RJ,3.85,2026-07-30
Melão Amarelo,1Kg,Frutas,CEASA-PR Curitiba(PR),PR,5.38,2026-07-30
Melão Amarelo,1Kg,Frutas,CEASA-AL Maceió(AL),AL,3.5,2026-07-30
Melão Amarelo,1Kg,Frutas,AMA-BA Juazeiro(BA),BA,2.9,2026-07-30
Morango,1Kg,Frutas,CEAGESP Ribeirão Preto(SP),SP,40.0,2026-07-30
Morango,1Kg,Frutas,CEASA-MT Cuiabá(MT),MT,35.0,2026-07-30
Morango,1Kg,Frutas,CEASA-PE Recife(PE),PE,35.0,2026-07-30
Morango,1Kg,Frutas,CEASA-CE Fortaleza(CE),CE,38.0,2026-07-30
Morango,1Kg,Frutas,CEASA-PR Foz do Iguaçu(PR),PR,29.1,2026-07-30
Morango,1Kg,Frutas,CEASA-ES Vitória(ES),ES,18.31,2026-07-30
Morango,1Kg,Frutas,CEASA-MA São Luís(MA),MA,58.37,2026-07-30
Morango,1Kg,Frutas,CEASA-RJ Rio de Janeiro(RJ),RJ,16.67,2026-07-30
Morango,1Kg,Frutas,CEASA-PR Curitiba(PR),PR,20.0,2026-07-30
Morango,1Kg,Frutas,CEASA-AL Maceió(AL),AL,25.0,2026-07-30
Morango,1Kg,Frutas,AMA-BA Juazeiro(BA),BA,30.0,2026-07-30
Pêra Estrangeira,1Kg,Frutas,CEAGESP Ribeirão Preto(SP),SP,11.67,2026-07-30
Pêra Estrangeira,1Kg,Frutas,CEASA-PE Recife(PE),PE,8.5,2026-07-30
Pêra Estrangeira,1Kg,Frutas,CEASA-CE Fortaleza(CE),CE,14.45,2026-07-30
Pêra Estrangeira,1Kg,Frutas,CEASA-PR Foz do Iguaçu(PR),PR,7.78,2026-07-30
Pêra Estrangeira,1Kg,Frutas,CEASA-ES Vitória(ES),ES,10.01,2026-07-30
Pêra Estrangeira,1Kg,Frutas,CEASA-MA São Luís(MA),MA,16.73,2026-07-30
Pêra Estrangeira,1Kg,Frutas,CEASA-RJ Rio de Janeiro(RJ),RJ,14.0,2026-07-30
Pêra Estrangeira,1Kg,Frutas,CEASA-PR Curitiba(PR),PR,8.33,2026-07-30
Pêra Estrangeira,1Kg,Frutas,CEASA-AL Maceió(AL),AL,9.75,2026-07-30
Pêra Estrangeira,1Kg,Frutas,AMA-BA Juazeiro(BA),BA,9.17,2026-07-30
Tangerina,1Kg,Frutas,CEAGESP Ribeirão Preto(SP),SP,3.16,2026-07-30
Tangerina,1Kg,Frutas,CEASA-MT Cuiabá(MT),MT,3.0,2026-07-30
Tangerina,1Kg,Frutas,CEASA-PE Recife(PE),PE,2.8,2026-07-30
Tangerina,1Kg,Frutas,CEASA-CE Fortaleza(CE),CE,7.0,2026-07-30
Tangerina,1Kg,Frutas,CEASA-PR Foz do Iguaçu(PR),PR,4.0,2026-07-30
Tangerina,1Kg,Frutas,CEASA-ES Vitória(ES),ES,2.78,2026-07-30
Tangerina,1Kg,Frutas,CEASA-MA São Luís(MA),MA,3.88,2026-07-30
Tangerina,1Kg,Frutas,CEASA-RJ Rio de Janeiro(RJ),RJ,5.56,2026-07-30
Tangerina,1Kg,Frutas,CEASA-PR Curitiba(PR),PR,2.0,2026-07-30
Tangerina,1Kg,Frutas,CEASA-AL Maceió(AL),AL,3.33,2026-07-30
Tangerina,1Kg,Frutas,AMA-BA Juazeiro(BA),BA,5.56,2026-07-30
Uva Itália,1Kg,Frutas,CEAGESP Ribeirão Preto(SP),SP,14.3,2026-07-30
Uva Itália,1Kg,Frutas,CEASA-PE Recife(PE),PE,5.56,2026-07-30
Uva Itália,1Kg,Frutas,CEASA-CE Fortaleza(CE),CE,7.5,2026-07-30
Uva Itália,1Kg,Frutas,CEASA-PR Foz do Iguaçu(PR),PR,10.0,2026-07-30
Uva Itália,1Kg,Frutas,CEASA-ES Vitória(ES),ES,12.5,2026-07-30
Uva Itália,1Kg,Frutas,CEASA-MA São Luís(MA),MA,20.95,2026-07-30
Uva Itália,1Kg,Frutas,CEASA-RJ Rio de Janeiro(RJ),RJ,10.0,2026-07-30
Uva Itália,1Kg,Frutas,CEASA-PR Curitiba(PR),PR,10.0,2026-07-30
Uva Itália,1Kg,Frutas,CEASA-AL Maceió(AL),AL,5.45,2026-07-30
Uva Itália,1Kg,Frutas,AMA-BA Juazeiro(BA),BA,7.0,2026-07-30
Uva Niagara,1Kg,Frutas,CEAGESP Ribeirão Preto(SP),SP,14.0,2026-07-30
Uva Niagara,1Kg,Frutas,CEASA-MT Cuiabá(MT),MT,16.4,2026-07-30
Uva Niagara,1Kg,Frutas,CEASA-PR Foz do Iguaçu(PR),PR,10.0,2026-07-30
Uva Niagara,1Kg,Frutas,CEASA-ES Vitória(ES),ES,15.05,2026-07-30
Uva Niagara,1Kg,Frutas,CEASA-RJ Rio de Janeiro(RJ),RJ,8.0,2026-07-30
Uva Niagara,1Kg,Frutas,CEASA-PR Curitiba(PR),PR,9.38,2026-07-30
Uva Rubi,1Kg,Frutas,CEAGESP Ribeirão Preto(SP),SP,16.0,2026-07-30
Uva Rubi,1Kg,Frutas,CEASA-PR Foz do Iguaçu(PR),PR,10.0,2026-07-30
Uva Rubi,1Kg,Frutas,CEASA-RJ Rio de Janeiro(RJ),RJ,10.0,2026-07-30
Uva Rubi,1Kg,Frutas,CEASA-PR Curitiba(PR),PR,10.0,2026-07-30
Uva Rubi,1Kg,Frutas,CEASA-AL Maceió(AL),AL,6.5,2026-07-30
Abacate,1Kg,Frutas,CEAGESP Ribeirão Preto(SP),SP,2.0,2026-07-29
Abacate,1Kg,Frutas,CEASA-MT Cuiabá(MT),MT,4.72,2026-07-29
Abacate,1Kg,Frutas,CEASA-PE Recife(PE),PE,4.0,2026-07-29
Abacate,1Kg,Frutas,CEASA-RS Caxias do Sul(RS),RS,4.25,2026-07-29
Abacate,1Kg,Frutas,CEASA-PR Foz do Iguaçu(PR),PR,2.5,2026-07-29
Abacate,1Kg,Frutas,CEASA-ES Vitória(ES),ES,2.19,2026-07-29
Abacate,1Kg,Frutas,CEASA-RN Natal(RN),RN,3.5,2026-07-29
Abacate,1Kg,Frutas,CEASA-BA Salvador(BA),BA,4.5,2026-07-29
Abacate,1Kg,Frutas,CEASAMINAS Belo Horizonte(MG),MG,2.77,2026-07-29
Abacate,1Kg,Frutas,CEASA-RJ Rio de Janeiro(RJ),RJ,4.0,2026-07-29
Abacate,1Kg,Frutas,CEASA-CE Fortaleza(CE),CE,5.6,2026-07-29
Abacate,1Kg,Frutas,CEASA-PR Curitiba(PR),PR,4.0,2026-07-29
Abacate,1Kg,Frutas,CEASA-AL Maceió(AL),AL,6.6,2026-07-29
Abacate,1Kg,Frutas,AMA-BA Juazeiro(BA),BA,3.65,2026-07-29
Abacate,1Kg,Frutas,CEASA-SP Campinas(SP),SP,3.5,2026-07-29
Abacate,1Kg,Frutas,CEAGESP São Paulo(SP),SP,3.49,2026-07-29
Abacaxi,1Un,Frutas,CEAGESP Ribeirão Preto(SP),SP,6.33,2026-07-29
Abacaxi,1Un,Frutas,CEASA-MT Cuiabá(MT),MT,7.67,2026-07-29
Abacaxi,1Un,Frutas,CEASA-PE Recife(PE),PE,3.0,2026-07-29
Abacaxi,1Un,Frutas,CEASA-RS Caxias do Sul(RS),RS,6.69,2026-07-29
Abacaxi,1Un,Frutas,CEASA-PR Foz do Iguaçu(PR),PR,8.75,2026-07-29
Abacaxi,1Un,Frutas,CEASA-ES Vitória(ES),ES,6.54,2026-07-29
Abacaxi,1Un,Frutas,CEASA-RN Natal(RN),RN,5.0,2026-07-29
Abacaxi,1Un,Frutas,CEASA-BA Salvador(BA),BA,5.0,2026-07-29
Abacaxi,1Un,Frutas,CEASAMINAS Belo Horizonte(MG),MG,5.42,2026-07-29
Abacaxi,1Un,Frutas,CEASA-RJ Rio de Janeiro(RJ),RJ,5.0,2026-07-29
Abacaxi,1Un,Frutas,CEASA-CE Fortaleza(CE),CE,5.0,2026-07-29
Abacaxi,1Un,Frutas,CEASA-PR Curitiba(PR),PR,7.5,2026-07-29
Abacaxi,1Un,Frutas,CEASA-AL Maceió(AL),AL,4.0,2026-07-29
Abacaxi,1Un,Frutas,AMA-BA Juazeiro(BA),BA,7.0,2026-07-29
Abacaxi,1Un,Frutas,CEASA-SP Campinas(SP),SP,4.17,2026-07-29
Abacaxi,1Un,Frutas,CEAGESP São Paulo(SP),SP,5.39,2026-07-29
Banana Nanica,1Kg,Frutas,CEAGESP Ribeirão Preto(SP),SP,3.07,2026-07-29
Banana Nanica,1Kg,Frutas,CEASA-MT Cuiabá(MT),MT,3.68,2026-07-29
Banana Nanica,1Kg,Frutas,CEASA-RS Caxias do Sul(RS),RS,2.87,2026-07-29
Banana Nanica,1Kg,Frutas,CEASA-PR Foz do Iguaçu(PR),PR,3.3,2026-07-29
Banana Nanica,1Kg,Frutas,CEASA-ES Vitória(ES),ES,4.0,2026-07-29
Banana Nanica,1Kg,Frutas,CEASA-RN Natal(RN),RN,4.5,2026-07-29
Banana Nanica,1Kg,Frutas,CEASAMINAS Belo Horizonte(MG),MG,3.75,2026-07-29
Banana Nanica,1Kg,Frutas,CEASA-RJ Rio de Janeiro(RJ),RJ,3.5,2026-07-29
Banana Nanica,1Kg,Frutas,CEASA-CE Fortaleza(CE),CE,2.8,2026-07-29
Banana Nanica,1Kg,Frutas,CEASA-PR Curitiba(PR),PR,2.5,2026-07-29
Banana Nanica,1Kg,Frutas,AMA-BA Juazeiro(BA),BA,2.5,2026-07-29
Banana Nanica,1Kg,Frutas,CEASA-SP Campinas(SP),SP,4.0,2026-07-29
Banana Nanica,1Kg,Frutas,CEAGESP São Paulo(SP),SP,3.55,2026-07-29
Banana Prata,1Kg,Frutas,CEAGESP Ribeirão Preto(SP),SP,4.76,2026-07-29
Banana Prata,1Kg,Frutas,CEASA-MT Cuiabá(MT),MT,5.79,2026-07-29
Banana Prata,1Kg,Frutas,CEASA-PE Recife(PE),PE,2.27,2026-07-29
Banana Prata,1Kg,Frutas,CEASA-RS Caxias do Sul(RS),RS,3.87,2026-07-29
Banana Prata,1Kg,Frutas,CEASA-PR Foz do Iguaçu(PR),PR,5.0,2026-07-29
Banana Prata,1Kg,Frutas,CEASA-ES Vitória(ES),ES,5.0,2026-07-29
Banana Prata,1Kg,Frutas,CEASA-RN Natal(RN),RN,2.75,2026-07-29
Banana Prata,1Kg,Frutas,CEASA-BA Salvador(BA),BA,2.9,2026-07-29
Banana Prata,1Kg,Frutas,CEASAMINAS Belo Horizonte(MG),MG,4.0,2026-07-29
Banana Prata,1Kg,Frutas,CEASA-RJ Rio de Janeiro(RJ),RJ,3.0,2026-07-29
Banana Prata,1Kg,Frutas,CEASA-CE Fortaleza(CE),CE,4.0,2026-07-29
Banana Prata,1Kg,Frutas,CEASA-PR Curitiba(PR),PR,4.0,2026-07-29
Banana Prata,1Kg,Frutas,CEASA-AL Maceió(AL),AL,4.3,2026-07-29
Banana Prata,1Kg,Frutas,AMA-BA Juazeiro(BA),BA,1.92,2026-07-29
Banana Prata,1Kg,Frutas,CEASA-SP Campinas(SP),SP,4.75,2026-07-29
Banana Prata,1Kg,Frutas,CEAGESP São Paulo(SP),SP,4.49,2026-07-29
Coco Verde,1unidade,Frutas,CEAGESP Ribeirão Preto(SP),SP,3.5,2026-07-29
Coco Verde,1unidade,Frutas,CEASA-MT Cuiabá(MT),MT,3.33,2026-07-29
Coco Verde,1unidade,Frutas,CEASA-PE Recife(PE),PE,1.5,2026-07-29
Coco Verde,1unidade,Frutas,CEASA-RS Caxias do Sul(RS),RS,6.25,2026-07-29
Coco Verde,1unidade,Frutas,CEASA-PR Foz do Iguaçu(PR),PR,6.0,2026-07-29
Coco Verde,1unidade,Frutas,CEASA-ES Vitória(ES),ES,3.5,2026-07-29
Coco Verde,1unidade,Frutas,CEASA-RN Natal(RN),RN,2.5,2026-07-29
Coco Verde,1unidade,Frutas,CEASA-BA Salvador(BA),BA,1.7,2026-07-29
Coco Verde,1unidade,Frutas,CEASAMINAS Belo Horizonte(MG),MG,2.8,2026-07-29
Coco Verde,1unidade,Frutas,CEASA-RJ Rio de Janeiro(RJ),RJ,3.2,2026-07-29
Coco Verde,1unidade,Frutas,CEASA-CE Fortaleza(CE),CE,2.3,2026-07-29
Coco Verde,1unidade,Frutas,CEASA-PR Curitiba(PR),PR,5.0,2026-07-29
Coco Verde,1unidade,Frutas,CEASA-AL Maceió(AL),AL,2.0,2026-07-29
Coco Verde,1unidade,Frutas,AMA-BA Juazeiro(BA),BA,1.0,2026-07-29
Coco Verde,1unidade,Frutas,CEASA-SP Campinas(SP),SP,3.25,2026-07-29
Coco Verde,1unidade,Frutas,CEAGESP São Paulo(SP),SP,2.8,2026-07-29
Goiaba,1Kg,Frutas,CEAGESP Ribeirão Preto(SP),SP,7.89,2026-07-29
Goiaba,1Kg,Frutas,CEASA-PE Recife(PE),PE,3.04,2026-07-29
Goiaba,1Kg,Frutas,CEASA-RS Caxias do Sul(RS),RS,7.0,2026-07-29
Goiaba,1Kg,Frutas,CEASA-PR Foz do Iguaçu(PR),PR,9.0,2026-07-29
Goiaba,1Kg,Frutas,CEASA-ES Vitória(ES),ES,3.85,2026-07-29
Goiaba,1Kg,Frutas,CEASA-RN Natal(RN),RN,3.6,2026-07-29
Goiaba,1Kg,Frutas,CEASA-BA Salvador(BA),BA,2.92,2026-07-29
Goiaba,1Kg,Frutas,CEASAMINAS Belo Horizonte(MG),MG,5.83,2026-07-29
Goiaba,1Kg,Frutas,CEASA-RJ Rio de Janeiro(RJ),RJ,10.0,2026-07-29
Goiaba,1Kg,Frutas,CEASA-CE Fortaleza(CE),CE,3.6,2026-07-29
Goiaba,1Kg,Frutas,CEASA-PR Curitiba(PR),PR,6.25,2026-07-29
Goiaba,1Kg,Frutas,CEASA-AL Maceió(AL),AL,2.84,2026-07-29
Goiaba,1Kg,Frutas,AMA-BA Juazeiro(BA),BA,2.25,2026-07-29
Goiaba,1Kg,Frutas,CEASA-SP Campinas(SP),SP,6.33,2026-07-29
Goiaba,1Kg,Frutas,CEAGESP São Paulo(SP),SP,5.58,2026-07-29
Laranja Pêra,1Kg,Frutas,CEAGESP Ribeirão Preto(SP),SP,2.9,2026-07-29
Laranja Pêra,1Kg,Frutas,CEASA-MT Cuiabá(MT),MT,2.0,2026-07-29
Laranja Pêra,1Kg,Frutas,CEASA-PE Recife(PE),PE,1.75,2026-07-29
Laranja Pêra,1Kg,Frutas,CEASA-RS Caxias do Sul(RS),RS,2.0,2026-07-29
Laranja Pêra,1Kg,Frutas,CEASA-PR Foz do Iguaçu(PR),PR,2.0,2026-07-29
Laranja Pêra,1Kg,Frutas,CEASA-ES Vitória(ES),ES,1.59,2026-07-29
Laranja Pêra,1Kg,Frutas,CEASA-RN Natal(RN),RN,2.0,2026-07-29
Laranja Pêra,1Kg,Frutas,CEASA-BA Salvador(BA),BA,1.2,2026-07-29
Laranja Pêra,1Kg,Frutas,CEASAMINAS Belo Horizonte(MG),MG,1.75,2026-07-29
Laranja Pêra,1Kg,Frutas,CEASA-RJ Rio de Janeiro(RJ),RJ,2.5,2026-07-29
Laranja Pêra,1Kg,Frutas,CEASA-CE Fortaleza(CE),CE,2.5,2026-07-29
Laranja Pêra,1Kg,Frutas,CEASA-PR Curitiba(PR),PR,2.5,2026-07-29
Laranja Pêra,1Kg,Frutas,CEASA-AL Maceió(AL),AL,1.66,2026-07-29
Laranja Pêra,1Kg,Frutas,AMA-BA Juazeiro(BA),BA,0.75,2026-07-29
Laranja Pêra,1Kg,Frutas,CEASA-SP Campinas(SP),SP,2.2,2026-07-29
Laranja Pêra,1Kg,Frutas,CEAGESP São Paulo(SP),SP,1.75,2026-07-29
Limão Taiti,1Kg,Frutas,CEAGESP Ribeirão Preto(SP),SP,2.01,2026-07-29
Limão Taiti,1Kg,Frutas,CEASA-MT Cuiabá(MT),MT,4.0,2026-07-29
Limão Taiti,1Kg,Frutas,CEASA-PE Recife(PE),PE,2.6,2026-07-29
Limão Taiti,1Kg,Frutas,CEASA-RS Caxias do Sul(RS),RS,4.21,2026-07-29
Limão Taiti,1Kg,Frutas,CEASA-PR Foz do Iguaçu(PR),PR,3.69,2026-07-29
Limão Taiti,1Kg,Frutas,CEASA-ES Vitória(ES),ES,4.5,2026-07-29
Limão Taiti,1Kg,Frutas,CEASA-RN Natal(RN),RN,2.75,2026-07-29
Limão Taiti,1Kg,Frutas,CEASA-BA Salvador(BA),BA,4.0,2026-07-29
Limão Taiti,1Kg,Frutas,CEASAMINAS Belo Horizonte(MG),MG,6.0,2026-07-29
Limão Taiti,1Kg,Frutas,CEASA-RJ Rio de Janeiro(RJ),RJ,5.0,2026-07-29
Limão Taiti,1Kg,Frutas,CEASA-CE Fortaleza(CE),CE,6.0,2026-07-29
Limão Taiti,1Kg,Frutas,CEASA-PR Curitiba(PR),PR,4.35,2026-07-29
Limão Taiti,1Kg,Frutas,CEASA-AL Maceió(AL),AL,2.5,2026-07-29
Limão Taiti,1Kg,Frutas,AMA-BA Juazeiro(BA),BA,2.0,2026-07-29
Limão Taiti,1Kg,Frutas,CEASA-SP Campinas(SP),SP,5.5,2026-07-29
Limão Taiti,1Kg,Frutas,CEAGESP São Paulo(SP),SP,3.49,2026-07-29
Maçã Nacional,1Kg,Frutas,CEAGESP Ribeirão Preto(SP),SP,9.39,2026-07-29
Maçã Nacional,1Kg,Frutas,CEASA-MT Cuiabá(MT),MT,7.22,2026-07-29
Maçã Nacional,1Kg,Frutas,CEASA-PE Recife(PE),PE,6.67,2026-07-29
Maçã Nacional,1Kg,Frutas,CEASA-RS Caxias do Sul(RS),RS,5.09,2026-07-29
Maçã Nacional,1Kg,Frutas,CEASA-PR Foz do Iguaçu(PR),PR,7.11,2026-07-29
Maçã Nacional,1Kg,Frutas,CEASA-ES Vitória(ES),ES,5.29,2026-07-29
Maçã Nacional,1Kg,Frutas,CEASA-RN Natal(RN),RN,7.0,2026-07-29
Maçã Nacional,1Kg,Frutas,CEASA-BA Salvador(BA),BA,6.6,2026-07-29
Maçã Nacional,1Kg,Frutas,CEASAMINAS Belo Horizonte(MG),MG,5.55,2026-07-29
Maçã Nacional,1Kg,Frutas,CEASA-RJ Rio de Janeiro(RJ),RJ,7.22,2026-07-29
Maçã Nacional,1Kg,Frutas,CEASA-CE Fortaleza(CE),CE,10.4,2026-07-29
Maçã Nacional,1Kg,Frutas,CEASA-PR Curitiba(PR),PR,6.39,2026-07-29
Maçã Nacional,1Kg,Frutas,CEASA-AL Maceió(AL),AL,10.6,2026-07-29
Maçã Nacional,1Kg,Frutas,AMA-BA Juazeiro(BA),BA,5.42,2026-07-29
Maçã Nacional,1Kg,Frutas,CEASA-SP Campinas(SP),SP,6.39,2026-07-29
Maçã Nacional,1Kg,Frutas,CEAGESP São Paulo(SP),SP,5.84,2026-07-29
Mamão Formosa,1Kg,Frutas,CEAGESP Ribeirão Preto(SP),SP,3.53,2026-07-29
Mamão Formosa,1Kg,Frutas,CEASA-MT Cuiabá(MT),MT,3.68,2026-07-29
Mamão Formosa,1Kg,Frutas,CEASA-PE Recife(PE),PE,3.5,2026-07-29
Mamão Formosa,1Kg,Frutas,CEASA-RS Caxias do Sul(RS),RS,7.63,2026-07-29
Mamão Formosa,1Kg,Frutas,CEASA-PR Foz do Iguaçu(PR),PR,8.0,2026-07-29
Mamão Formosa,1Kg,Frutas,CEASA-ES Vitória(ES),ES,4.67,2026-07-29
Mamão Formosa,1Kg,Frutas,CEASA-RN Natal(RN),RN,3.5,2026-07-29
Mamão Formosa,1Kg,Frutas,CEASA-BA Salvador(BA),BA,3.5,2026-07-29
Mamão Formosa,1Kg,Frutas,CEASAMINAS Belo Horizonte(MG),MG,4.44,2026-07-29
Mamão Formosa,1Kg,Frutas,CEASA-RJ Rio de Janeiro(RJ),RJ,8.0,2026-07-29
Mamão Formosa,1Kg,Frutas,CEASA-CE Fortaleza(CE),CE,4.0,2026-07-29
Mamão Formosa,1Kg,Frutas,CEASA-PR Curitiba(PR),PR,4.67,2026-07-29
Mamão Formosa,1Kg,Frutas,CEASA-AL Maceió(AL),AL,2.0,2026-07-29
Mamão Formosa,1Kg,Frutas,AMA-BA Juazeiro(BA),BA,1.75,2026-07-29
Mamão Formosa,1Kg,Frutas,CEASA-SP Campinas(SP),SP,6.67,2026-07-29
Mamão Formosa,1Kg,Frutas,CEAGESP São Paulo(SP),SP,6.91,2026-07-29
Mamão Havaí,1Kg,Frutas,CEAGESP Ribeirão Preto(SP),SP,7.43,2026-07-29
Mamão Havaí,1Kg,Frutas,CEASA-MT Cuiabá(MT),MT,14.5,2026-07-29
Mamão Havaí,1Kg,Frutas,CEASA-PE Recife(PE),PE,5.0,2026-07-29
Mamão Havaí,1Kg,Frutas,CEASA-RS Caxias do Sul(RS),RS,15.0,2026-07-29
Mamão Havaí,1Kg,Frutas,CEASA-PR Foz do Iguaçu(PR),PR,8.0,2026-07-29
Mamão Havaí,1Kg,Frutas,CEASA-ES Vitória(ES),ES,5.13,2026-07-29
Mamão Havaí,1Kg,Frutas,CEASA-RN Natal(RN),RN,5.0,2026-07-29
Mamão Havaí,1Kg,Frutas,CEASA-BA Salvador(BA),BA,5.0,2026-07-29
Mamão Havaí,1Kg,Frutas,CEASAMINAS Belo Horizonte(MG),MG,7.5,2026-07-29
Mamão Havaí,1Kg,Frutas,CEASA-RJ Rio de Janeiro(RJ),RJ,9.0,2026-07-29
Mamão Havaí,1Kg,Frutas,CEASA-CE Fortaleza(CE),CE,6.5,2026-07-29
Mamão Havaí,1Kg,Frutas,CEASA-PR Curitiba(PR),PR,10.0,2026-07-29
Mamão Havaí,1Kg,Frutas,CEASA-AL Maceió(AL),AL,3.5,2026-07-29
Mamão Havaí,1Kg,Frutas,AMA-BA Juazeiro(BA),BA,4.55,2026-07-29
Mamão Havaí,1Kg,Frutas,CEASA-SP Campinas(SP),SP,6.88,2026-07-29
Mamão Havaí,1Kg,Frutas,CEAGESP São Paulo(SP),SP,4.51,2026-07-29
Manga,1Kg,Frutas,CEAGESP Ribeirão Preto(SP),SP,7.08,2026-07-29
Manga,1Kg,Frutas,CEASA-MT Cuiabá(MT),MT,7.63,2026-07-29
Manga,1Kg,Frutas,CEASA-PE Recife(PE),PE,4.8,2026-07-29
Manga,1Kg,Frutas,CEASA-RS Caxias do Sul(RS),RS,6.85,2026-07-29
Manga,1Kg,Frutas,CEASA-PR Foz do Iguaçu(PR),PR,6.25,2026-07-29
Manga,1Kg,Frutas,CEASA-ES Vitória(ES),ES,6.65,2026-07-29
Manga,1Kg,Frutas,CEASA-RN Natal(RN),RN,4.0,2026-07-29
Manga,1Kg,Frutas,CEASA-BA Salvador(BA),BA,6.0,2026-07-29
Manga,1Kg,Frutas,CEASAMINAS Belo Horizonte(MG),MG,5.55,2026-07-29
Manga,1Kg,Frutas,CEASA-RJ Rio de Janeiro(RJ),RJ,6.67,2026-07-29
Manga,1Kg,Frutas,CEASA-CE Fortaleza(CE),CE,4.9,2026-07-29
Manga,1Kg,Frutas,CEASA-PR Curitiba(PR),PR,6.5,2026-07-29
Manga,1Kg,Frutas,CEASA-AL Maceió(AL),AL,2.4,2026-07-29
Manga,1Kg,Frutas,AMA-BA Juazeiro(BA),BA,3.85,2026-07-29
Manga,1Kg,Frutas,CEASA-SP Campinas(SP),SP,5.56,2026-07-29
Manga,1Kg,Frutas,CEAGESP São Paulo(SP),SP,5.9,2026-07-29
Maracujá Azedo,1Kg,Frutas,CEAGESP Ribeirão Preto(SP),SP,7.24,2026-07-29
Maracujá Azedo,1Kg,Frutas,CEASA-MT Cuiabá(MT),MT,10.0,2026-07-29
Maracujá Azedo,1Kg,Frutas,CEASA-PE Recife(PE),PE,5.88,2026-07-29
Maracujá Azedo,1Kg,Frutas,CEASA-RS Caxias do Sul(RS),RS,10.3,2026-07-29
Maracujá Azedo,1Kg,Frutas,CEASA-PR Foz do Iguaçu(PR),PR,8.27,2026-07-29
Maracujá Azedo,1Kg,Frutas,CEASA-ES Vitória(ES),ES,7.0,2026-07-29
Maracujá Azedo,1Kg,Frutas,CEASA-RN Natal(RN),RN,6.0,2026-07-29
Maracujá Azedo,1Kg,Frutas,CEASA-BA Salvador(BA),BA,6.7,2026-07-29
Maracujá Azedo,1Kg,Frutas,CEASAMINAS Belo Horizonte(MG),MG,5.41,2026-07-29
Maracujá Azedo,1Kg,Frutas,CEASA-RJ Rio de Janeiro(RJ),RJ,6.5,2026-07-29
Maracujá Azedo,1Kg,Frutas,CEASA-CE Fortaleza(CE),CE,6.25,2026-07-29
Maracujá Azedo,1Kg,Frutas,CEASA-PR Curitiba(PR),PR,8.18,2026-07-29
Maracujá Azedo,1Kg,Frutas,CEASA-AL Maceió(AL),AL,5.33,2026-07-29
Maracujá Azedo,1Kg,Frutas,AMA-BA Juazeiro(BA),BA,4.06,2026-07-29
Maracujá Azedo,1Kg,Frutas,CEASA-SP Campinas(SP),SP,6.82,2026-07-29
Maracujá Azedo,1Kg,Frutas,CEAGESP São Paulo(SP),SP,6.32,2026-07-29
Melancia,1Kg,Frutas,CEAGESP Ribeirão Preto(SP),SP,2.72,2026-07-29
Melancia,1Kg,Frutas,CEASA-MT Cuiabá(MT),MT,3.6,2026-07-29
Melancia,1Kg,Frutas,CEASA-PE Recife(PE),PE,2.2,2026-07-29
Melancia,1Kg,Frutas,CEASA-RS Caxias do Sul(RS),RS,4.0,2026-07-29
Melancia,1Kg,Frutas,CEASA-PR Foz do Iguaçu(PR),PR,3.9,2026-07-29
Melancia,1Kg,Frutas,CEASA-ES Vitória(ES),ES,3.5,2026-07-29
Melancia,1Kg,Frutas,CEASA-RN Natal(RN),RN,2.2,2026-07-29
Melancia,1Kg,Frutas,CEASA-BA Salvador(BA),BA,2.3,2026-07-29
Melancia,1Kg,Frutas,CEASAMINAS Belo Horizonte(MG),MG,3.5,2026-07-29
Melancia,1Kg,Frutas,CEASA-RJ Rio de Janeiro(RJ),RJ,3.5,2026-07-29
Melancia,1Kg,Frutas,CEASA-CE Fortaleza(CE),CE,3.0,2026-07-29
Melancia,1Kg,Frutas,CEASA-PR Curitiba(PR),PR,3.8,2026-07-29
Melancia,1Kg,Frutas,CEASA-AL Maceió(AL),AL,1.39,2026-07-29
Melancia,1Kg,Frutas,AMA-BA Juazeiro(BA),BA,1.9,2026-07-29
Melancia,1Kg,Frutas,CEASA-SP Campinas(SP),SP,3.7,2026-07-29
Melancia,1Kg,Frutas,CEAGESP São Paulo(SP),SP,2.83,2026-07-29
Melão Amarelo,1Kg,Frutas,CEAGESP Ribeirão Preto(SP),SP,10.0,2026-07-29
Melão Amarelo,1Kg,Frutas,CEASA-MT Cuiabá(MT),MT,4.44,2026-07-29
Melão Amarelo,1Kg,Frutas,CEASA-PE Recife(PE),PE,2.5,2026-07-29
Melão Amarelo,1Kg,Frutas,CEASA-RS Caxias do Sul(RS),RS,4.39,2026-07-29
Melão Amarelo,1Kg,Frutas,CEASA-PR Foz do Iguaçu(PR),PR,3.7,2026-07-29
Melão Amarelo,1Kg,Frutas,CEASA-ES Vitória(ES),ES,6.89,2026-07-29
Melão Amarelo,1Kg,Frutas,CEASA-RN Natal(RN),RN,3.5,2026-07-29
Melão Amarelo,1Kg,Frutas,CEASA-BA Salvador(BA),BA,3.0,2026-07-29
Melão Amarelo,1Kg,Frutas,CEASAMINAS Belo Horizonte(MG),MG,3.69,2026-07-29
Melão Amarelo,1Kg,Frutas,CEASA-RJ Rio de Janeiro(RJ),RJ,3.85,2026-07-29
Melão Amarelo,1Kg,Frutas,CEASA-CE Fortaleza(CE),CE,3.5,2026-07-29
Melão Amarelo,1Kg,Frutas,CEASA-PR Curitiba(PR),PR,5.38,2026-07-29
Melão Amarelo,1Kg,Frutas,CEASA-AL Maceió(AL),AL,3.5,2026-07-29
Melão Amarelo,1Kg,Frutas,AMA-BA Juazeiro(BA),BA,2.1,2026-07-29
Melão Amarelo,1Kg,Frutas,CEASA-SP Campinas(SP),SP,4.0,2026-07-29
Melão Amarelo,1Kg,Frutas,CEAGESP São Paulo(SP),SP,3.63,2026-07-29
Morango,1Kg,Frutas,CEAGESP Ribeirão Preto(SP),SP,40.0,2026-07-29
Morango,1Kg,Frutas,CEASA-MT Cuiabá(MT),MT,35.0,2026-07-29
Morango,1Kg,Frutas,CEASA-PE Recife(PE),PE,35.0,2026-07-29
Morango,1Kg,Frutas,CEASA-RS Caxias do Sul(RS),RS,6.75,2026-07-29
Morango,1Kg,Frutas,CEASA-PR Foz do Iguaçu(PR),PR,33.0,2026-07-29
Morango,1Kg,Frutas,CEASA-ES Vitória(ES),ES,20.94,2026-07-29
Morango,1Kg,Frutas,CEASA-RN Natal(RN),RN,40.0,2026-07-29
Morango,1Kg,Frutas,CEASA-BA Salvador(BA),BA,40.0,2026-07-29
Morango,1Kg,Frutas,CEASAMINAS Belo Horizonte(MG),MG,20.83,2026-07-29
Morango,1Kg,Frutas,CEASA-RJ Rio de Janeiro(RJ),RJ,16.67,2026-07-29
Morango,1Kg,Frutas,CEASA-CE Fortaleza(CE),CE,37.0,2026-07-29
Morango,1Kg,Frutas,CEASA-PR Curitiba(PR),PR,20.0,2026-07-29
Morango,1Kg,Frutas,CEASA-AL Maceió(AL),AL,25.0,2026-07-29
Morango,1Kg,Frutas,AMA-BA Juazeiro(BA),BA,30.0,2026-07-29
Morango,1Kg,Frutas,CEASA-SP Campinas(SP),SP,25.0,2026-07-29
Morango,1Kg,Frutas,CEAGESP São Paulo(SP),SP,20.49,2026-07-29
Pêra Estrangeira,1Kg,Frutas,CEAGESP Ribeirão Preto(SP),SP,11.67,2026-07-29
Pêra Estrangeira,1Kg,Frutas,CEASA-PE Recife(PE),PE,8.5,2026-07-29
Pêra Estrangeira,1Kg,Frutas,CEASA-RS Caxias do Sul(RS),RS,8.06,2026-07-29
Pêra Estrangeira,1Kg,Frutas,CEASA-PR Foz do Iguaçu(PR),PR,7.78,2026-07-29
Pêra Estrangeira,1Kg,Frutas,CEASA-ES Vitória(ES),ES,10.09,2026-07-29
Pêra Estrangeira,1Kg,Frutas,CEASA-RN Natal(RN),RN,10.0,2026-07-29
Pêra Estrangeira,1Kg,Frutas,CEASA-BA Salvador(BA),BA,8.15,2026-07-29
Pêra Estrangeira,1Kg,Frutas,CEASAMINAS Belo Horizonte(MG),MG,8.0,2026-07-29
Pêra Estrangeira,1Kg,Frutas,CEASA-RJ Rio de Janeiro(RJ),RJ,14.5,2026-07-29
Pêra Estrangeira,1Kg,Frutas,CEASA-CE Fortaleza(CE),CE,14.45,2026-07-29
Pêra Estrangeira,1Kg,Frutas,CEASA-PR Curitiba(PR),PR,8.33,2026-07-29
Pêra Estrangeira,1Kg,Frutas,CEASA-AL Maceió(AL),AL,9.75,2026-07-29
Pêra Estrangeira,1Kg,Frutas,AMA-BA Juazeiro(BA),BA,9.17,2026-07-29
Pêra Estrangeira,1Kg,Frutas,CEASA-SP Campinas(SP),SP,7.78,2026-07-29
Pêra Estrangeira,1Kg,Frutas,CEAGESP São Paulo(SP),SP,7.85,2026-07-29
Tangerina,1Kg,Frutas,CEAGESP Ribeirão Preto(SP),SP,3.16,2026-07-29
Tangerina,1Kg,Frutas,CEASA-MT Cuiabá(MT),MT,3.0,2026-07-29
Tangerina,1Kg,Frutas,CEASA-PE Recife(PE),PE,2.8,2026-07-29
Tangerina,1Kg,Frutas,CEASA-RS Caxias do Sul(RS),RS,2.38,2026-07-29
Tangerina,1Kg,Frutas,CEASA-PR Foz do Iguaçu(PR),PR,3.5,2026-07-29
Tangerina,1Kg,Frutas,CEASA-ES Vitória(ES),ES,3.02,2026-07-29
Tangerina,1Kg,Frutas,CEASA-RN Natal(RN),RN,3.6,2026-07-29
Tangerina,1Kg,Frutas,CEASA-BA Salvador(BA),BA,2.8,2026-07-29
Tangerina,1Kg,Frutas,CEASAMINAS Belo Horizonte(MG),MG,2.77,2026-07-29
Tangerina,1Kg,Frutas,CEASA-RJ Rio de Janeiro(RJ),RJ,5.56,2026-07-29
Tangerina,1Kg,Frutas,CEASA-CE Fortaleza(CE),CE,7.0,2026-07-29
Tangerina,1Kg,Frutas,CEASA-PR Curitiba(PR),PR,2.0,2026-07-29
Tangerina,1Kg,Frutas,CEASA-AL Maceió(AL),AL,3.33,2026-07-29
Tangerina,1Kg,Frutas,AMA-BA Juazeiro(BA),BA,5.56,2026-07-29
Tangerina,1Kg,Frutas,CEASA-SP Campinas(SP),SP,2.75,2026-07-29
Tangerina,1Kg,Frutas,CEAGESP São Paulo(SP),SP,2.4,2026-07-29
Uva Itália,1Kg,Frutas,CEAGESP Ribeirão Preto(SP),SP,14.3,2026-07-29
Uva Itália,1Kg,Frutas,CEASA-PE Recife(PE),PE,5.56,2026-07-29
Uva Itália,1Kg,Frutas,CEASA-RS Caxias do Sul(RS),RS,10.63,2026-07-29
Uva Itália,1Kg,Frutas,CEASA-PR Foz do Iguaçu(PR),PR,11.0,2026-07-29
Uva Itália,1Kg,Frutas,CEASA-ES Vitória(ES),ES,13.33,2026-07-29
Uva Itália,1Kg,Frutas,CEASA-RN Natal(RN),RN,7.5,2026-07-29
Uva Itália,1Kg,Frutas,CEASA-BA Salvador(BA),BA,7.0,2026-07-29
Uva Itália,1Kg,Frutas,CEASAMINAS Belo Horizonte(MG),MG,12.5,2026-07-29
Uva Itália,1Kg,Frutas,CEASA-RJ Rio de Janeiro(RJ),RJ,10.0,2026-07-29
Uva Itália,1Kg,Frutas,CEASA-CE Fortaleza(CE),CE,8.0,2026-07-29
Uva Itália,1Kg,Frutas,CEASA-PR Curitiba(PR),PR,10.63,2026-07-29
Uva Itália,1Kg,Frutas,CEASA-AL Maceió(AL),AL,5.45,2026-07-29
Uva Itália,1Kg,Frutas,AMA-BA Juazeiro(BA),BA,7.0,2026-07-29
Uva Itália,1Kg,Frutas,CEASA-SP Campinas(SP),SP,11.0,2026-07-29
Uva Itália,1Kg,Frutas,CEAGESP São Paulo(SP),SP,11.19,2026-07-29
Uva Niagara,1Kg,Frutas,CEAGESP Ribeirão Preto(SP),SP,14.0,2026-07-29
Uva Niagara,1Kg,Frutas,CEASA-MT Cuiabá(MT),MT,16.4,2026-07-29
Uva Niagara,1Kg,Frutas,CEASA-RS Caxias do Sul(RS),RS,8.0,2026-07-29
Uva Niagara,1Kg,Frutas,CEASA-PR Foz do Iguaçu(PR),PR,11.0,2026-07-29
Uva Niagara,1Kg,Frutas,CEASA-ES Vitória(ES),ES,15.0,2026-07-29
Uva Niagara,1Kg,Frutas,CEASAMINAS Belo Horizonte(MG),MG,8.0,2026-07-29
Uva Niagara,1Kg,Frutas,CEASA-RJ Rio de Janeiro(RJ),RJ,8.0,2026-07-29
Uva Niagara,1Kg,Frutas,CEASA-PR Curitiba(PR),PR,10.0,2026-07-29
Uva Niagara,1Kg,Frutas,CEASA-SP Campinas(SP),SP,9.0,2026-07-29
Uva Niagara,1Kg,Frutas,CEAGESP São Paulo(SP),SP,9.67,2026-07-29
Uva Rubi,1Kg,Frutas,CEAGESP Ribeirão Preto(SP),SP,16.0,2026-07-29
Uva Rubi,1Kg,Frutas,CEASA-RS Caxias do Sul(RS),RS,10.63,2026-07-29
Uva Rubi,1Kg,Frutas,CEASA-PR Foz do Iguaçu(PR),PR,11.0,2026-07-29
Uva Rubi,1Kg,Frutas,CEASA-RN Natal(RN),RN,11.0,2026-07-29
Uva Rubi,1Kg,Frutas,CEASA-RJ Rio de Janeiro(RJ),RJ,10.0,2026-07-29
Uva Rubi,1Kg,Frutas,CEASA-PR Curitiba(PR),PR,10.63,2026-07-29
Uva Rubi,1Kg,Frutas,CEASA-AL Maceió(AL),AL,6.5,2026-07-29
Uva Rubi,1Kg,Frutas,CEASA-SP Campinas(SP),SP,12.0,2026-07-29
Abacate,1Kg,Frutas,CEASA-SC Florianópolis(SC),SC,4.0,2026-07-28
Abacate,1Kg,Frutas,CEAGESP Ribeirão Preto(SP),SP,2.0,2026-07-28
Abacate,1Kg,Frutas,CEASA-MT Cuiabá(MT),MT,4.72,2026-07-28
Abacate,1Kg,Frutas,CEASA-PE Recife(PE),PE,4.0,2026-07-28
Abacate,1Kg,Frutas,CEASA-MS Campo Grande(MS),MS,4.25,2026-07-28
Abacate,1Kg,Frutas,CEASA-CE Tianguá(CE),CE,4.8,2026-07-28
Abacate,1Kg,Frutas,CEASA-PR Curitiba(PR),PR,4.0,2026-07-28
Abacate,1Kg,Frutas,CEASA-PR Foz do Iguaçu(PR),PR,2.5,2026-07-28
Abacate,1Kg,Frutas,CEASA-ES Vitória(ES),ES,2.19,2026-07-28
Abacate,1Kg,Frutas,CEASA-RN Natal(RN),RN,3.5,2026-07-28
Abacate,1Kg,Frutas,CEASA-PB Patos(PB),PB,4.36,2026-07-28
Abacate,1Kg,Frutas,CEASA-RJ Rio de Janeiro(RJ),RJ,4.0,2026-07-28
Abacate,1Kg,Frutas,CEASA-CE Fortaleza(CE),CE,5.75,2026-07-28
Abacate,1Kg,Frutas,CEASA-AL Maceió(AL),AL,6.6,2026-07-28
Abacate,1Kg,Frutas,AMA-BA Juazeiro(BA),BA,3.65,2026-07-28
Abacate,1Kg,Frutas,CEASA-PR Cascavel(PR),PR,3.0,2026-07-28
Abacate,1Kg,Frutas,CEASAMINAS Barbacena(MG),MG,3.33,2026-07-28
Abacate,1Kg,Frutas,CEASA-RS Porto Alegre(RS),RS,4.0,2026-07-28
Abacaxi,1Un,Frutas,CEASA-SC Florianópolis(SC),SC,8.0,2026-07-28
Abacaxi,1Un,Frutas,CEAGESP Ribeirão Preto(SP),SP,6.33,2026-07-28
Abacaxi,1Un,Frutas,CEASA-MT Cuiabá(MT),MT,7.67,2026-07-28
Abacaxi,1Un,Frutas,CEASA-PE Recife(PE),PE,3.0,2026-07-28
Abacaxi,1Un,Frutas,CEASA-MS Campo Grande(MS),MS,8.35,2026-07-28
Abacaxi,1Un,Frutas,CEASA-CE Tianguá(CE),CE,6.0,2026-07-28
Abacaxi,1Un,Frutas,CEASA-PR Curitiba(PR),PR,7.5,2026-07-28
Abacaxi,1Un,Frutas,CEASA-PR Foz do Iguaçu(PR),PR,8.75,2026-07-28
Abacaxi,1Un,Frutas,CEASA-ES Vitória(ES),ES,6.92,2026-07-28
Abacaxi,1Un,Frutas,CEASA-RN Natal(RN),RN,5.0,2026-07-28
Abacaxi,1Un,Frutas,CEASA-PB Patos(PB),PB,5.0,2026-07-28
Abacaxi,1Un,Frutas,CEASA-RJ Rio de Janeiro(RJ),RJ,5.0,2026-07-28
Abacaxi,1Un,Frutas,CEASA-CE Fortaleza(CE),CE,5.0,2026-07-28
Abacaxi,1Un,Frutas,CEASA-AL Maceió(AL),AL,4.0,2026-07-28
Abacaxi,1Un,Frutas,AMA-BA Juazeiro(BA),BA,7.0,2026-07-28
Abacaxi,1Un,Frutas,CEASA-PR Cascavel(PR),PR,8.8,2026-07-28
Abacaxi,1Un,Frutas,CEASAMINAS Barbacena(MG),MG,7.0,2026-07-28
Abacaxi,1Un,Frutas,CEASA-RS Porto Alegre(RS),RS,6.5,2026-07-28
Banana Nanica,1Kg,Frutas,CEASA-SC Florianópolis(SC),SC,2.75,2026-07-28
Banana Nanica,1Kg,Frutas,CEAGESP Ribeirão Preto(SP),SP,3.07,2026-07-28
Banana Nanica,1Kg,Frutas,CEASA-MT Cuiabá(MT),MT,3.68,2026-07-28
Banana Nanica,1Kg,Frutas,CEASA-MS Campo Grande(MS),MS,4.35,2026-07-28
Banana Nanica,1Kg,Frutas,CEASA-CE Tianguá(CE),CE,4.38,2026-07-28
Banana Nanica,1Kg,Frutas,CEASA-PR Curitiba(PR),PR,2.5,2026-07-28
Banana Nanica,1Kg,Frutas,CEASA-PR Foz do Iguaçu(PR),PR,3.3,2026-07-28
Banana Nanica,1Kg,Frutas,CEASA-ES Vitória(ES),ES,3.81,2026-07-28
Banana Nanica,1Kg,Frutas,CEASA-RN Natal(RN),RN,4.5,2026-07-28
Banana Nanica,1Kg,Frutas,CEASA-PB Patos(PB),PB,2.97,2026-07-28
Banana Nanica,1Kg,Frutas,CEASA-RJ Rio de Janeiro(RJ),RJ,3.5,2026-07-28
Banana Nanica,1Kg,Frutas,CEASA-CE Fortaleza(CE),CE,3.2,2026-07-28
Banana Nanica,1Kg,Frutas,AMA-BA Juazeiro(BA),BA,2.5,2026-07-28
Banana Nanica,1Kg,Frutas,CEASA-PR Cascavel(PR),PR,3.9,2026-07-28
Banana Nanica,1Kg,Frutas,CEASAMINAS Barbacena(MG),MG,2.5,2026-07-28
Banana Nanica,1Kg,Frutas,CEASA-RS Porto Alegre(RS),RS,3.25,2026-07-28
Banana Prata,1Kg,Frutas,CEASA-SC Florianópolis(SC),SC,3.5,2026-07-28
Banana Prata,1Kg,Frutas,CEAGESP Ribeirão Preto(SP),SP,4.76,2026-07-28
Banana Prata,1Kg,Frutas,CEASA-MT Cuiabá(MT),MT,5.79,2026-07-28
Banana Prata,1Kg,Frutas,CEASA-PE Recife(PE),PE,2.27,2026-07-28
Banana Prata,1Kg,Frutas,CEASA-MS Campo Grande(MS),MS,7.4,2026-07-28
Banana Prata,1Kg,Frutas,CEASA-CE Tianguá(CE),CE,3.13,2026-07-28
Banana Prata,1Kg,Frutas,CEASA-PR Curitiba(PR),PR,4.0,2026-07-28
Banana Prata,1Kg,Frutas,CEASA-PR Foz do Iguaçu(PR),PR,5.0,2026-07-28
Banana Prata,1Kg,Frutas,CEASA-ES Vitória(ES),ES,5.0,2026-07-28
Banana Prata,1Kg,Frutas,CEASA-RN Natal(RN),RN,3.0,2026-07-28
Banana Prata,1Kg,Frutas,CEASA-PB Patos(PB),PB,3.42,2026-07-28
Banana Prata,1Kg,Frutas,CEASA-RJ Rio de Janeiro(RJ),RJ,3.0,2026-07-28
Banana Prata,1Kg,Frutas,CEASA-CE Fortaleza(CE),CE,4.0,2026-07-28
Banana Prata,1Kg,Frutas,CEASA-AL Maceió(AL),AL,4.3,2026-07-28
Banana Prata,1Kg,Frutas,AMA-BA Juazeiro(BA),BA,1.92,2026-07-28
Banana Prata,1Kg,Frutas,CEASA-PR Cascavel(PR),PR,6.5,2026-07-28
Banana Prata,1Kg,Frutas,CEASAMINAS Barbacena(MG),MG,3.88,2026-07-28
Banana Prata,1Kg,Frutas,CEASA-RS Porto Alegre(RS),RS,4.5,2026-07-28
Coco Verde,1unidade,Frutas,CEASA-SC Florianópolis(SC),SC,4.8,2026-07-28
Coco Verde,1unidade,Frutas,CEAGESP Ribeirão Preto(SP),SP,3.5,2026-07-28
Coco Verde,1unidade,Frutas,CEASA-MT Cuiabá(MT),MT,3.33,2026-07-28
Coco Verde,1unidade,Frutas,CEASA-PE Recife(PE),PE,1.5,2026-07-28
Coco Verde,1unidade,Frutas,CEASA-MS Campo Grande(MS),MS,5.0,2026-07-28
Coco Verde,1unidade,Frutas,CEASA-CE Tianguá(CE),CE,2.0,2026-07-28
Coco Verde,1unidade,Frutas,CEASA-PR Curitiba(PR),PR,5.0,2026-07-28
Coco Verde,1unidade,Frutas,CEASA-PR Foz do Iguaçu(PR),PR,6.0,2026-07-28
Coco Verde,1unidade,Frutas,CEASA-ES Vitória(ES),ES,3.3,2026-07-28
Coco Verde,1unidade,Frutas,CEASA-RN Natal(RN),RN,3.0,2026-07-28
Coco Verde,1unidade,Frutas,CEASA-PB Patos(PB),PB,0.69,2026-07-28
Coco Verde,1unidade,Frutas,CEASA-RJ Rio de Janeiro(RJ),RJ,3.2,2026-07-28
Coco Verde,1unidade,Frutas,CEASA-CE Fortaleza(CE),CE,2.3,2026-07-28
Coco Verde,1unidade,Frutas,CEASA-AL Maceió(AL),AL,2.0,2026-07-28
Coco Verde,1unidade,Frutas,AMA-BA Juazeiro(BA),BA,1.0,2026-07-28
Coco Verde,1unidade,Frutas,CEASA-PR Cascavel(PR),PR,5.5,2026-07-28
Coco Verde,1unidade,Frutas,CEASAMINAS Barbacena(MG),MG,4.0,2026-07-28
Coco Verde,1unidade,Frutas,CEASA-RS Porto Alegre(RS),RS,6.0,2026-07-28
Goiaba,1Kg,Frutas,CEASA-SC Florianópolis(SC),SC,6.5,2026-07-28
Goiaba,1Kg,Frutas,CEAGESP Ribeirão Preto(SP),SP,7.89,2026-07-28
Goiaba,1Kg,Frutas,CEASA-PE Recife(PE),PE,3.2,2026-07-28
Goiaba,1Kg,Frutas,CEASA-MS Campo Grande(MS),MS,5.5,2026-07-28
Goiaba,1Kg,Frutas,CEASA-CE Tianguá(CE),CE,4.4,2026-07-28
Goiaba,1Kg,Frutas,CEASA-PR Curitiba(PR),PR,6.25,2026-07-28
Goiaba,1Kg,Frutas,CEASA-PR Foz do Iguaçu(PR),PR,9.0,2026-07-28
Goiaba,1Kg,Frutas,CEASA-ES Vitória(ES),ES,4.25,2026-07-28
Goiaba,1Kg,Frutas,CEASA-RN Natal(RN),RN,3.6,2026-07-28
Goiaba,1Kg,Frutas,CEASA-PB Patos(PB),PB,2.62,2026-07-28
Goiaba,1Kg,Frutas,CEASA-RJ Rio de Janeiro(RJ),RJ,10.0,2026-07-28
Goiaba,1Kg,Frutas,CEASA-CE Fortaleza(CE),CE,3.8,2026-07-28
Goiaba,1Kg,Frutas,CEASA-AL Maceió(AL),AL,2.84,2026-07-28
Goiaba,1Kg,Frutas,AMA-BA Juazeiro(BA),BA,2.25,2026-07-28
Goiaba,1Kg,Frutas,CEASA-PR Cascavel(PR),PR,7.5,2026-07-28
Goiaba,1Kg,Frutas,CEASAMINAS Barbacena(MG),MG,4.0,2026-07-28
Goiaba,1Kg,Frutas,CEASA-RS Porto Alegre(RS),RS,9.15,2026-07-28
Laranja Pêra,1Kg,Frutas,CEASA-SC Florianópolis(SC),SC,2.5,2026-07-28
Laranja Pêra,1Kg,Frutas,CEAGESP Ribeirão Preto(SP),SP,2.9,2026-07-28
Laranja Pêra,1Kg,Frutas,CEASA-MT Cuiabá(MT),MT,2.0,2026-07-28
Laranja Pêra,1Kg,Frutas,CEASA-PE Recife(PE),PE,1.75,2026-07-28
Laranja Pêra,1Kg,Frutas,CEASA-MS Campo Grande(MS),MS,1.6,2026-07-28
Laranja Pêra,1Kg,Frutas,CEASA-CE Tianguá(CE),CE,1.75,2026-07-28
Laranja Pêra,1Kg,Frutas,CEASA-PR Curitiba(PR),PR,2.5,2026-07-28
Laranja Pêra,1Kg,Frutas,CEASA-PR Foz do Iguaçu(PR),PR,2.0,2026-07-28
Laranja Pêra,1Kg,Frutas,CEASA-ES Vitória(ES),ES,1.64,2026-07-28
Laranja Pêra,1Kg,Frutas,CEASA-RN Natal(RN),RN,2.0,2026-07-28
Laranja Pêra,1Kg,Frutas,CEASA-PB Patos(PB),PB,2.15,2026-07-28
Laranja Pêra,1Kg,Frutas,CEASA-RJ Rio de Janeiro(RJ),RJ,2.5,2026-07-28
Laranja Pêra,1Kg,Frutas,CEASA-CE Fortaleza(CE),CE,2.5,2026-07-28
Laranja Pêra,1Kg,Frutas,CEASA-AL Maceió(AL),AL,1.66,2026-07-28
Laranja Pêra,1Kg,Frutas,AMA-BA Juazeiro(BA),BA,0.75,2026-07-28
Laranja Pêra,1Kg,Frutas,CEASA-PR Cascavel(PR),PR,2.7,2026-07-28
Laranja Pêra,1Kg,Frutas,CEASAMINAS Barbacena(MG),MG,2.2,2026-07-28
Laranja Pêra,1Kg,Frutas,CEASA-RS Porto Alegre(RS),RS,2.22,2026-07-28
Limão Taiti,1Kg,Frutas,CEASA-SC Florianópolis(SC),SC,4.25,2026-07-28
Limão Taiti,1Kg,Frutas,CEAGESP Ribeirão Preto(SP),SP,2.01,2026-07-28
Limão Taiti,1Kg,Frutas,CEASA-MT Cuiabá(MT),MT,4.0,2026-07-28
Limão Taiti,1Kg,Frutas,CEASA-PE Recife(PE),PE,2.6,2026-07-28
Limão Taiti,1Kg,Frutas,CEASA-MS Campo Grande(MS),MS,3.0,2026-07-28
Limão Taiti,1Kg,Frutas,CEASA-CE Tianguá(CE),CE,2.4,2026-07-28
Limão Taiti,1Kg,Frutas,CEASA-PR Curitiba(PR),PR,4.35,2026-07-28
Limão Taiti,1Kg,Frutas,CEASA-PR Foz do Iguaçu(PR),PR,3.69,2026-07-28
Limão Taiti,1Kg,Frutas,CEASA-ES Vitória(ES),ES,4.83,2026-07-28
Limão Taiti,1Kg,Frutas,CEASA-RN Natal(RN),RN,2.5,2026-07-28
Limão Taiti,1Kg,Frutas,CEASA-PB Patos(PB),PB,3.58,2026-07-28
Limão Taiti,1Kg,Frutas,CEASA-RJ Rio de Janeiro(RJ),RJ,5.0,2026-07-28
Limão Taiti,1Kg,Frutas,CEASA-CE Fortaleza(CE),CE,6.0,2026-07-28
Limão Taiti,1Kg,Frutas,CEASA-AL Maceió(AL),AL,2.5,2026-07-28
Limão Taiti,1Kg,Frutas,AMA-BA Juazeiro(BA),BA,2.0,2026-07-28
Limão Taiti,1Kg,Frutas,CEASA-PR Cascavel(PR),PR,5.5,2026-07-28
Limão Taiti,1Kg,Frutas,CEASAMINAS Barbacena(MG),MG,5.25,2026-07-28
Limão Taiti,1Kg,Frutas,CEASA-RS Porto Alegre(RS),RS,4.44,2026-07-28
Maçã Nacional,1Kg,Frutas,CEASA-SC Florianópolis(SC),SC,5.56,2026-07-28
Maçã Nacional,1Kg,Frutas,CEAGESP Ribeirão Preto(SP),SP,9.39,2026-07-28
Maçã Nacional,1Kg,Frutas,CEASA-MT Cuiabá(MT),MT,7.22,2026-07-28
Maçã Nacional,1Kg,Frutas,CEASA-PE Recife(PE),PE,6.67,2026-07-28
Maçã Nacional,1Kg,Frutas,CEASA-MS Campo Grande(MS),MS,6.1,2026-07-28
Maçã Nacional,1Kg,Frutas,CEASA-CE Tianguá(CE),CE,6.94,2026-07-28
Maçã Nacional,1Kg,Frutas,CEASA-PR Curitiba(PR),PR,6.39,2026-07-28
Maçã Nacional,1Kg,Frutas,CEASA-PR Foz do Iguaçu(PR),PR,7.11,2026-07-28
Maçã Nacional,1Kg,Frutas,CEASA-ES Vitória(ES),ES,5.08,2026-07-28
Maçã Nacional,1Kg,Frutas,CEASA-RN Natal(RN),RN,7.5,2026-07-28
Maçã Nacional,1Kg,Frutas,CEASA-PB Patos(PB),PB,7.22,2026-07-28
Maçã Nacional,1Kg,Frutas,CEASA-RJ Rio de Janeiro(RJ),RJ,7.22,2026-07-28
Maçã Nacional,1Kg,Frutas,CEASA-CE Fortaleza(CE),CE,10.55,2026-07-28
Maçã Nacional,1Kg,Frutas,CEASA-AL Maceió(AL),AL,10.6,2026-07-28
Maçã Nacional,1Kg,Frutas,AMA-BA Juazeiro(BA),BA,5.42,2026-07-28
Maçã Nacional,1Kg,Frutas,CEASA-PR Cascavel(PR),PR,6.5,2026-07-28
Maçã Nacional,1Kg,Frutas,CEASAMINAS Barbacena(MG),MG,5.56,2026-07-28
Maçã Nacional,1Kg,Frutas,CEASA-RS Porto Alegre(RS),RS,4.5,2026-07-28
Mamão Formosa,1Kg,Frutas,CEASA-SC Florianópolis(SC),SC,6.5,2026-07-28
Mamão Formosa,1Kg,Frutas,CEAGESP Ribeirão Preto(SP),SP,3.53,2026-07-28
Mamão Formosa,1Kg,Frutas,CEASA-MT Cuiabá(MT),MT,3.68,2026-07-28
Mamão Formosa,1Kg,Frutas,CEASA-PE Recife(PE),PE,3.5,2026-07-28
Mamão Formosa,1Kg,Frutas,CEASA-MS Campo Grande(MS),MS,4.0,2026-07-28
Mamão Formosa,1Kg,Frutas,CEASA-CE Tianguá(CE),CE,2.05,2026-07-28
Mamão Formosa,1Kg,Frutas,CEASA-PR Curitiba(PR),PR,4.67,2026-07-28
Mamão Formosa,1Kg,Frutas,CEASA-PR Foz do Iguaçu(PR),PR,6.0,2026-07-28
Mamão Formosa,1Kg,Frutas,CEASA-ES Vitória(ES),ES,5.67,2026-07-28
Mamão Formosa,1Kg,Frutas,CEASA-RN Natal(RN),RN,3.5,2026-07-28
Mamão Formosa,1Kg,Frutas,CEASA-PB Patos(PB),PB,2.08,2026-07-28
Mamão Formosa,1Kg,Frutas,CEASA-RJ Rio de Janeiro(RJ),RJ,8.0,2026-07-28
Mamão Formosa,1Kg,Frutas,CEASA-CE Fortaleza(CE),CE,4.0,2026-07-28
Mamão Formosa,1Kg,Frutas,CEASA-AL Maceió(AL),AL,2.0,2026-07-28
Mamão Formosa,1Kg,Frutas,AMA-BA Juazeiro(BA),BA,1.75,2026-07-28
Mamão Formosa,1Kg,Frutas,CEASA-PR Cascavel(PR),PR,8.0,2026-07-28
Mamão Formosa,1Kg,Frutas,CEASAMINAS Barbacena(MG),MG,3.33,2026-07-28
Mamão Formosa,1Kg,Frutas,CEASA-RS Porto Alegre(RS),RS,8.0,2026-07-28
Mamão Havaí,1Kg,Frutas,CEASA-SC Florianópolis(SC),SC,13.33,2026-07-28
Mamão Havaí,1Kg,Frutas,CEAGESP Ribeirão Preto(SP),SP,7.43,2026-07-28
Mamão Havaí,1Kg,Frutas,CEASA-MT Cuiabá(MT),MT,14.5,2026-07-28
Mamão Havaí,1Kg,Frutas,CEASA-PE Recife(PE),PE,5.0,2026-07-28
Mamão Havaí,1Kg,Frutas,CEASA-MS Campo Grande(MS),MS,12.0,2026-07-28
Mamão Havaí,1Kg,Frutas,CEASA-CE Tianguá(CE),CE,3.64,2026-07-28
Mamão Havaí,1Kg,Frutas,CEASA-PR Curitiba(PR),PR,10.0,2026-07-28
Mamão Havaí,1Kg,Frutas,CEASA-PR Foz do Iguaçu(PR),PR,7.0,2026-07-28
Mamão Havaí,1Kg,Frutas,CEASA-ES Vitória(ES),ES,3.83,2026-07-28
Mamão Havaí,1Kg,Frutas,CEASA-RN Natal(RN),RN,4.5,2026-07-28
Mamão Havaí,1Kg,Frutas,CEASA-PB Patos(PB),PB,6.08,2026-07-28
Mamão Havaí,1Kg,Frutas,CEASA-RJ Rio de Janeiro(RJ),RJ,9.0,2026-07-28
Mamão Havaí,1Kg,Frutas,CEASA-CE Fortaleza(CE),CE,7.0,2026-07-28
Mamão Havaí,1Kg,Frutas,CEASA-AL Maceió(AL),AL,3.5,2026-07-28
Mamão Havaí,1Kg,Frutas,AMA-BA Juazeiro(BA),BA,4.55,2026-07-28
Mamão Havaí,1Kg,Frutas,CEASA-PR Cascavel(PR),PR,14.0,2026-07-28
Mamão Havaí,1Kg,Frutas,CEASAMINAS Barbacena(MG),MG,10.0,2026-07-28
Mamão Havaí,1Kg,Frutas,CEASA-RS Porto Alegre(RS),RS,12.0,2026-07-28
Manga,1Kg,Frutas,CEASA-SC Florianópolis(SC),SC,6.5,2026-07-28
Manga,1Kg,Frutas,CEAGESP Ribeirão Preto(SP),SP,7.08,2026-07-28
Manga,1Kg,Frutas,CEASA-MT Cuiabá(MT),MT,7.63,2026-07-28
Manga,1Kg,Frutas,CEASA-PE Recife(PE),PE,4.8,2026-07-28
Manga,1Kg,Frutas,CEASA-MS Campo Grande(MS),MS,10.8,2026-07-28
Manga,1Kg,Frutas,CEASA-CE Tianguá(CE),CE,6.0,2026-07-28
Manga,1Kg,Frutas,CEASA-PR Curitiba(PR),PR,6.5,2026-07-28
Manga,1Kg,Frutas,CEASA-PR Foz do Iguaçu(PR),PR,6.25,2026-07-28
Manga,1Kg,Frutas,CEASA-ES Vitória(ES),ES,6.75,2026-07-28
Manga,1Kg,Frutas,CEASA-RN Natal(RN),RN,4.2,2026-07-28
Manga,1Kg,Frutas,CEASA-PB Patos(PB),PB,2.56,2026-07-28
Manga,1Kg,Frutas,CEASA-RJ Rio de Janeiro(RJ),RJ,6.67,2026-07-28
Manga,1Kg,Frutas,CEASA-CE Fortaleza(CE),CE,5.5,2026-07-28
Manga,1Kg,Frutas,CEASA-AL Maceió(AL),AL,2.4,2026-07-28
Manga,1Kg,Frutas,AMA-BA Juazeiro(BA),BA,4.06,2026-07-28
Manga,1Kg,Frutas,CEASA-PR Cascavel(PR),PR,9.0,2026-07-28
Manga,1Kg,Frutas,CEASAMINAS Barbacena(MG),MG,5.5,2026-07-28
Manga,1Kg,Frutas,CEASA-RS Porto Alegre(RS),RS,8.33,2026-07-28
Maracujá Azedo,1Kg,Frutas,CEASA-SC Florianópolis(SC),SC,7.73,2026-07-28
Maracujá Azedo,1Kg,Frutas,CEAGESP Ribeirão Preto(SP),SP,7.24,2026-07-28
Maracujá Azedo,1Kg,Frutas,CEASA-MT Cuiabá(MT),MT,10.0,2026-07-28
Maracujá Azedo,1Kg,Frutas,CEASA-PE Recife(PE),PE,5.88,2026-07-28
Maracujá Azedo,1Kg,Frutas,CEASA-MS Campo Grande(MS),MS,8.2,2026-07-28
Maracujá Azedo,1Kg,Frutas,CEASA-CE Tianguá(CE),CE,6.25,2026-07-28
Maracujá Azedo,1Kg,Frutas,CEASA-PR Curitiba(PR),PR,8.18,2026-07-28
Maracujá Azedo,1Kg,Frutas,CEASA-PR Foz do Iguaçu(PR),PR,9.45,2026-07-28
Maracujá Azedo,1Kg,Frutas,CEASA-ES Vitória(ES),ES,7.0,2026-07-28
Maracujá Azedo,1Kg,Frutas,CEASA-RN Natal(RN),RN,7.0,2026-07-28
Maracujá Azedo,1Kg,Frutas,CEASA-PB Patos(PB),PB,3.97,2026-07-28
Maracujá Azedo,1Kg,Frutas,CEASA-RJ Rio de Janeiro(RJ),RJ,6.5,2026-07-28
Maracujá Azedo,1Kg,Frutas,CEASA-CE Fortaleza(CE),CE,6.9,2026-07-28
Maracujá Azedo,1Kg,Frutas,CEASA-AL Maceió(AL),AL,5.33,2026-07-28
Maracujá Azedo,1Kg,Frutas,AMA-BA Juazeiro(BA),BA,4.06,2026-07-28
Maracujá Azedo,1Kg,Frutas,CEASA-PR Cascavel(PR),PR,13.0,2026-07-28
Maracujá Azedo,1Kg,Frutas,CEASAMINAS Barbacena(MG),MG,9.16,2026-07-28
Maracujá Azedo,1Kg,Frutas,CEASA-RS Porto Alegre(RS),RS,9.0,2026-07-28
Melancia,1Kg,Frutas,CEASA-SC Florianópolis(SC),SC,3.7,2026-07-28
Melancia,1Kg,Frutas,CEAGESP Ribeirão Preto(SP),SP,2.72,2026-07-28
Melancia,1Kg,Frutas,CEASA-MT Cuiabá(MT),MT,3.6,2026-07-28
Melancia,1Kg,Frutas,CEASA-PE Recife(PE),PE,2.2,2026-07-28
Melancia,1Kg,Frutas,CEASA-MS Campo Grande(MS),MS,3.3,2026-07-28
Melancia,1Kg,Frutas,CEASA-CE Tianguá(CE),CE,2.2,2026-07-28
Melancia,1Kg,Frutas,CEASA-PR Curitiba(PR),PR,3.8,2026-07-28
Melancia,1Kg,Frutas,CEASA-PR Foz do Iguaçu(PR),PR,3.9,2026-07-28
Melancia,1Kg,Frutas,CEASA-ES Vitória(ES),ES,3.5,2026-07-28
Melancia,1Kg,Frutas,CEASA-RN Natal(RN),RN,2.2,2026-07-28
Melancia,1Kg,Frutas,CEASA-PB Patos(PB),PB,1.77,2026-07-28
Melancia,1Kg,Frutas,CEASA-RJ Rio de Janeiro(RJ),RJ,3.5,2026-07-28
Melancia,1Kg,Frutas,CEASA-CE Fortaleza(CE),CE,3.0,2026-07-28
Melancia,1Kg,Frutas,CEASA-AL Maceió(AL),AL,1.39,2026-07-28
Melancia,1Kg,Frutas,AMA-BA Juazeiro(BA),BA,2.0,2026-07-28
Melancia,1Kg,Frutas,CEASA-PR Cascavel(PR),PR,4.5,2026-07-28
Melancia,1Kg,Frutas,CEASAMINAS Barbacena(MG),MG,4.3,2026-07-28
Melancia,1Kg,Frutas,CEASA-RS Porto Alegre(RS),RS,3.5,2026-07-28
Melão Amarelo,1Kg,Frutas,CEASA-SC Florianópolis(SC),SC,5.38,2026-07-28
Melão Amarelo,1Kg,Frutas,CEAGESP Ribeirão Preto(SP),SP,10.0,2026-07-28
Melão Amarelo,1Kg,Frutas,CEASA-MT Cuiabá(MT),MT,4.44,2026-07-28
Melão Amarelo,1Kg,Frutas,CEASA-PE Recife(PE),PE,2.5,2026-07-28
Melão Amarelo,1Kg,Frutas,CEASA-MS Campo Grande(MS),MS,5.4,2026-07-28
Melão Amarelo,1Kg,Frutas,CEASA-CE Tianguá(CE),CE,3.18,2026-07-28
Melão Amarelo,1Kg,Frutas,CEASA-PR Curitiba(PR),PR,5.38,2026-07-28
Melão Amarelo,1Kg,Frutas,CEASA-PR Foz do Iguaçu(PR),PR,3.7,2026-07-28
Melão Amarelo,1Kg,Frutas,CEASA-ES Vitória(ES),ES,6.39,2026-07-28
Melão Amarelo,1Kg,Frutas,CEASA-RN Natal(RN),RN,3.5,2026-07-28
Melão Amarelo,1Kg,Frutas,CEASA-PB Patos(PB),PB,2.58,2026-07-28
Melão Amarelo,1Kg,Frutas,CEASA-RJ Rio de Janeiro(RJ),RJ,3.85,2026-07-28
Melão Amarelo,1Kg,Frutas,CEASA-CE Fortaleza(CE),CE,4.0,2026-07-28
Melão Amarelo,1Kg,Frutas,CEASA-AL Maceió(AL),AL,3.5,2026-07-28
Melão Amarelo,1Kg,Frutas,AMA-BA Juazeiro(BA),BA,2.1,2026-07-28
Melão Amarelo,1Kg,Frutas,CEASA-PR Cascavel(PR),PR,5.5,2026-07-28
Melão Amarelo,1Kg,Frutas,CEASAMINAS Barbacena(MG),MG,5.38,2026-07-28
Melão Amarelo,1Kg,Frutas,CEASA-RS Porto Alegre(RS),RS,5.0,2026-07-28
Morango,1Kg,Frutas,CEASA-SC Florianópolis(SC),SC,25.0,2026-07-28
Morango,1Kg,Frutas,CEAGESP Ribeirão Preto(SP),SP,40.0,2026-07-28
Morango,1Kg,Frutas,CEASA-MT Cuiabá(MT),MT,35.0,2026-07-28
Morango,1Kg,Frutas,CEASA-PE Recife(PE),PE,35.0,2026-07-28
Morango,1Kg,Frutas,CEASA-MS Campo Grande(MS),MS,20.0,2026-07-28
Morango,1Kg,Frutas,CEASA-CE Tianguá(CE),CE,45.0,2026-07-28
Morango,1Kg,Frutas,CEASA-PR Curitiba(PR),PR,20.0,2026-07-28
Morango,1Kg,Frutas,CEASA-PR Foz do Iguaçu(PR),PR,33.0,2026-07-28
Morango,1Kg,Frutas,CEASA-ES Vitória(ES),ES,19.56,2026-07-28
Morango,1Kg,Frutas,CEASA-RN Natal(RN),RN,45.0,2026-07-28
Morango,1Kg,Frutas,CEASA-PB Patos(PB),PB,34.33,2026-07-28
Morango,1Kg,Frutas,CEASA-RJ Rio de Janeiro(RJ),RJ,16.67,2026-07-28
Morango,1Kg,Frutas,CEASA-CE Fortaleza(CE),CE,37.0,2026-07-28
Morango,1Kg,Frutas,CEASA-AL Maceió(AL),AL,25.0,2026-07-28
Morango,1Kg,Frutas,AMA-BA Juazeiro(BA),BA,30.0,2026-07-28
Morango,1Kg,Frutas,CEASA-PR Cascavel(PR),PR,38.35,2026-07-28
Morango,1Kg,Frutas,CEASAMINAS Barbacena(MG),MG,13.33,2026-07-28
Morango,1Kg,Frutas,CEASA-RS Porto Alegre(RS),RS,28.0,2026-07-28
Pêra Estrangeira,1Kg,Frutas,CEASA-SC Florianópolis(SC),SC,9.72,2026-07-28
Pêra Estrangeira,1Kg,Frutas,CEAGESP Ribeirão Preto(SP),SP,11.67,2026-07-28
Pêra Estrangeira,1Kg,Frutas,CEASA-PE Recife(PE),PE,8.5,2026-07-28
Pêra Estrangeira,1Kg,Frutas,CEASA-MS Campo Grande(MS),MS,9.0,2026-07-28
Pêra Estrangeira,1Kg,Frutas,CEASA-PR Curitiba(PR),PR,8.33,2026-07-28
Pêra Estrangeira,1Kg,Frutas,CEASA-PR Foz do Iguaçu(PR),PR,7.78,2026-07-28
Pêra Estrangeira,1Kg,Frutas,CEASA-ES Vitória(ES),ES,9.89,2026-07-28
Pêra Estrangeira,1Kg,Frutas,CEASA-RN Natal(RN),RN,10.0,2026-07-28
Pêra Estrangeira,1Kg,Frutas,CEASA-PB Patos(PB),PB,8.67,2026-07-28
Pêra Estrangeira,1Kg,Frutas,CEASA-RJ Rio de Janeiro(RJ),RJ,14.5,2026-07-28
Pêra Estrangeira,1Kg,Frutas,CEASA-CE Fortaleza(CE),CE,12.8,2026-07-28
Pêra Estrangeira,1Kg,Frutas,CEASA-AL Maceió(AL),AL,9.75,2026-07-28
Pêra Estrangeira,1Kg,Frutas,AMA-BA Juazeiro(BA),BA,9.17,2026-07-28
Pêra Estrangeira,1Kg,Frutas,CEASA-PR Cascavel(PR),PR,8.5,2026-07-28
Pêra Estrangeira,1Kg,Frutas,CEASAMINAS Barbacena(MG),MG,7.5,2026-07-28
Pêra Estrangeira,1Kg,Frutas,CEASA-RS Porto Alegre(RS),RS,7.22,2026-07-28
Tangerina,1Kg,Frutas,CEASA-SC Florianópolis(SC),SC,2.27,2026-07-28
Tangerina,1Kg,Frutas,CEAGESP Ribeirão Preto(SP),SP,3.16,2026-07-28
Tangerina,1Kg,Frutas,CEASA-MT Cuiabá(MT),MT,3.0,2026-07-28
Tangerina,1Kg,Frutas,CEASA-PE Recife(PE),PE,2.8,2026-07-28
Tangerina,1Kg,Frutas,CEASA-MS Campo Grande(MS),MS,2.0,2026-07-28
Tangerina,1Kg,Frutas,CEASA-CE Tianguá(CE),CE,4.0,2026-07-28
Tangerina,1Kg,Frutas,CEASA-PR Curitiba(PR),PR,2.0,2026-07-28
Tangerina,1Kg,Frutas,CEASA-PR Foz do Iguaçu(PR),PR,3.5,2026-07-28
Tangerina,1Kg,Frutas,CEASA-ES Vitória(ES),ES,2.78,2026-07-28
Tangerina,1Kg,Frutas,CEASA-RN Natal(RN),RN,3.6,2026-07-28
Tangerina,1Kg,Frutas,CEASA-PB Patos(PB),PB,6.0,2026-07-28
Tangerina,1Kg,Frutas,CEASA-RJ Rio de Janeiro(RJ),RJ,5.56,2026-07-28
Tangerina,1Kg,Frutas,CEASA-CE Fortaleza(CE),CE,7.5,2026-07-28
Tangerina,1Kg,Frutas,CEASA-AL Maceió(AL),AL,3.33,2026-07-28
Tangerina,1Kg,Frutas,AMA-BA Juazeiro(BA),BA,5.56,2026-07-28
Tangerina,1Kg,Frutas,CEASA-PR Cascavel(PR),PR,5.0,2026-07-28
Tangerina,1Kg,Frutas,CEASAMINAS Barbacena(MG),MG,2.78,2026-07-28
Tangerina,1Kg,Frutas,CEASA-RS Porto Alegre(RS),RS,1.94,2026-07-28
Uva Itália,1Kg,Frutas,CEASA-SC Florianópolis(SC),SC,10.0,2026-07-28
Uva Itália,1Kg,Frutas,CEAGESP Ribeirão Preto(SP),SP,14.3,2026-07-28
Uva Itália,1Kg,Frutas,CEASA-PE Recife(PE),PE,5.56,2026-07-28
Uva Itália,1Kg,Frutas,CEASA-MS Campo Grande(MS),MS,11.45,2026-07-28
Uva Itália,1Kg,Frutas,CEASA-CE Tianguá(CE),CE,8.0,2026-07-28
Uva Itália,1Kg,Frutas,CEASA-PR Curitiba(PR),PR,10.63,2026-07-28
Uva Itália,1Kg,Frutas,CEASA-PR Foz do Iguaçu(PR),PR,11.0,2026-07-28
Uva Itália,1Kg,Frutas,CEASA-ES Vitória(ES),ES,13.75,2026-07-28
Uva Itália,1Kg,Frutas,CEASA-RN Natal(RN),RN,8.5,2026-07-28
Uva Itália,1Kg,Frutas,CEASA-PB Patos(PB),PB,7.92,2026-07-28
Uva Itália,1Kg,Frutas,CEASA-RJ Rio de Janeiro(RJ),RJ,10.0,2026-07-28
Uva Itália,1Kg,Frutas,CEASA-CE Fortaleza(CE),CE,8.0,2026-07-28
Uva Itália,1Kg,Frutas,CEASA-AL Maceió(AL),AL,5.45,2026-07-28
Uva Itália,1Kg,Frutas,AMA-BA Juazeiro(BA),BA,7.0,2026-07-28
Uva Itália,1Kg,Frutas,CEASA-PR Cascavel(PR),PR,11.5,2026-07-28
Uva Itália,1Kg,Frutas,CEASAMINAS Barbacena(MG),MG,9.38,2026-07-28
Uva Itália,1Kg,Frutas,CEASA-RS Porto Alegre(RS),RS,22.0,2026-07-28
Uva Niagara,1Kg,Frutas,CEASA-SC Florianópolis(SC),SC,10.0,2026-07-28
Uva Niagara,1Kg,Frutas,CEAGESP Ribeirão Preto(SP),SP,14.0,2026-07-28
Uva Niagara,1Kg,Frutas,CEASA-MT Cuiabá(MT),MT,16.4,2026-07-28
Uva Niagara,1Kg,Frutas,CEASA-MS Campo Grande(MS),MS,13.0,2026-07-28
Uva Niagara,1Kg,Frutas,CEASA-PR Curitiba(PR),PR,10.0,2026-07-28
Uva Niagara,1Kg,Frutas,CEASA-PR Foz do Iguaçu(PR),PR,11.0,2026-07-28
Uva Niagara,1Kg,Frutas,CEASA-ES Vitória(ES),ES,15.0,2026-07-28
Uva Niagara,1Kg,Frutas,CEASA-PB Patos(PB),PB,6.33,2026-07-28
Uva Niagara,1Kg,Frutas,CEASA-RJ Rio de Janeiro(RJ),RJ,8.0,2026-07-28
Uva Niagara,1Kg,Frutas,CEASA-PR Cascavel(PR),PR,11.5,2026-07-28
Uva Niagara,1Kg,Frutas,CEASAMINAS Barbacena(MG),MG,10.0,2026-07-28
Uva Niagara,1Kg,Frutas,CEASA-RS Porto Alegre(RS),RS,16.0,2026-07-28
Uva Rubi,1Kg,Frutas,CEASA-SC Florianópolis(SC),SC,8.89,2026-07-28
Uva Rubi,1Kg,Frutas,CEAGESP Ribeirão Preto(SP),SP,16.0,2026-07-28
Uva Rubi,1Kg,Frutas,CEASA-MS Campo Grande(MS),MS,11.4,2026-07-28
Uva Rubi,1Kg,Frutas,CEASA-CE Tianguá(CE),CE,10.0,2026-07-28
Uva Rubi,1Kg,Frutas,CEASA-PR Curitiba(PR),PR,10.63,2026-07-28
Uva Rubi,1Kg,Frutas,CEASA-PR Foz do Iguaçu(PR),PR,11.0,2026-07-28
Uva Rubi,1Kg,Frutas,CEASA-RN Natal(RN),RN,11.0,2026-07-28
Uva Rubi,1Kg,Frutas,CEASA-PB Patos(PB),PB,9.25,2026-07-28
Uva Rubi,1Kg,Frutas,CEASA-RJ Rio de Janeiro(RJ),RJ,10.0,2026-07-28
Uva Rubi,1Kg,Frutas,CEASA-AL Maceió(AL),AL,6.5,2026-07-28
Uva Rubi,1Kg,Frutas,CEASAMINAS Barbacena(MG),MG,9.38,2026-07-28
Uva Rubi,1Kg,Frutas,CEASA-RS Porto Alegre(RS),RS,22.0,2026-07-28
Abacate,1Kg,Frutas,CEASA-PE Recife(PE),PE,4.0,2026-07-27
Abacate,1Kg,Frutas,CEASA-CE Fortaleza(CE),CE,4.75,2026-07-27
Abacate,1Kg,Frutas,CEASA-PR Foz do Iguaçu(PR),PR,2.5,2026-07-27
Abacate,1Kg,Frutas,CEASA-ES Vitória(ES),ES,2.23,2026-07-27
Abacate,1Kg,Frutas,CEASA-MA São Luís(MA),MA,7.9,2026-07-27
Abacate,1Kg,Frutas,CEASA-MT Cuiabá(MT),MT,4.72,2026-07-27
Abacate,1Kg,Frutas,CEASA-BA Salvador(BA),BA,4.0,2026-07-27
Abacate,1Kg,Frutas,CEASA-PE Caruaru(PE),PE,4.0,2026-07-27
Abacate,1Kg,Frutas,CEASAMINAS Belo Horizonte(MG),MG,2.77,2026-07-27
Abacate,1Kg,Frutas,CEASA-RJ Rio de Janeiro(RJ),RJ,3.33,2026-07-27
Abacate,1Kg,Frutas,CEASA-PR Curitiba(PR),PR,4.0,2026-07-27
Abacate,1Kg,Frutas,CEASA-AL Maceió(AL),AL,6.6,2026-07-27
Abacate,1Kg,Frutas,AMA-BA Juazeiro(BA),BA,3.65,2026-07-27
Abacate,1Kg,Frutas,CEAGESP São Paulo(SP),SP,3.24,2026-07-27
Abacate,1Kg,Frutas,CEAGESP São José dos Campos(SP),SP,4.25,2026-07-27
Abacate,1Kg,Frutas,CEASA-PR Cascavel(PR),PR,3.0,2026-07-27
Abacaxi,1Un,Frutas,CEASA-PE Recife(PE),PE,3.0,2026-07-27
Abacaxi,1Un,Frutas,CEASA-CE Fortaleza(CE),CE,5.65,2026-07-27
Abacaxi,1Un,Frutas,CEASA-PR Foz do Iguaçu(PR),PR,8.75,2026-07-27
Abacaxi,1Un,Frutas,CEASA-ES Vitória(ES),ES,7.0,2026-07-27
Abacaxi,1Un,Frutas,CEASA-MA São Luís(MA),MA,9.75,2026-07-27
Abacaxi,1Un,Frutas,CEASA-MT Cuiabá(MT),MT,7.67,2026-07-27
Abacaxi,1Un,Frutas,CEASA-BA Salvador(BA),BA,5.0,2026-07-27
Abacaxi,1Un,Frutas,CEASA-PE Caruaru(PE),PE,5.0,2026-07-27
Abacaxi,1Un,Frutas,CEASAMINAS Belo Horizonte(MG),MG,5.42,2026-07-27
Abacaxi,1Un,Frutas,CEASA-RJ Rio de Janeiro(RJ),RJ,5.0,2026-07-27
Abacaxi,1Un,Frutas,CEASA-PR Curitiba(PR),PR,7.5,2026-07-27
Abacaxi,1Un,Frutas,CEASA-AL Maceió(AL),AL,4.0,2026-07-27
Abacaxi,1Un,Frutas,AMA-BA Juazeiro(BA),BA,7.0,2026-07-27
Abacaxi,1Un,Frutas,CEAGESP São Paulo(SP),SP,5.32,2026-07-27
Abacaxi,1Un,Frutas,CEAGESP São José dos Campos(SP),SP,7.5,2026-07-27
Abacaxi,1Un,Frutas,CEASA-PR Cascavel(PR),PR,9.5,2026-07-27
Banana Nanica,1Kg,Frutas,CEASA-CE Fortaleza(CE),CE,4.0,2026-07-27
Banana Nanica,1Kg,Frutas,CEASA-PR Foz do Iguaçu(PR),PR,3.3,2026-07-27
Banana Nanica,1Kg,Frutas,CEASA-ES Vitória(ES),ES,3.33,2026-07-27
Banana Nanica,1Kg,Frutas,CEASA-MA São Luís(MA),MA,4.87,2026-07-27
Banana Nanica,1Kg,Frutas,CEASA-MT Cuiabá(MT),MT,3.68,2026-07-27
Banana Nanica,1Kg,Frutas,CEASA-PE Caruaru(PE),PE,3.75,2026-07-27
Banana Nanica,1Kg,Frutas,CEASAMINAS Belo Horizonte(MG),MG,3.25,2026-07-27
Banana Nanica,1Kg,Frutas,CEASA-RJ Rio de Janeiro(RJ),RJ,3.25,2026-07-27
Banana Nanica,1Kg,Frutas,CEASA-PR Curitiba(PR),PR,2.5,2026-07-27
Banana Nanica,1Kg,Frutas,AMA-BA Juazeiro(BA),BA,2.5,2026-07-27
Banana Nanica,1Kg,Frutas,CEAGESP São Paulo(SP),SP,3.48,2026-07-27
Banana Nanica,1Kg,Frutas,CEAGESP São José dos Campos(SP),SP,3.3,2026-07-27
Banana Nanica,1Kg,Frutas,CEASA-PR Cascavel(PR),PR,3.9,2026-07-27
Banana Prata,1Kg,Frutas,CEASA-PE Recife(PE),PE,2.27,2026-07-27
Banana Prata,1Kg,Frutas,CEASA-CE Fortaleza(CE),CE,4.0,2026-07-27
Banana Prata,1Kg,Frutas,CEASA-PR Foz do Iguaçu(PR),PR,5.0,2026-07-27
Banana Prata,1Kg,Frutas,CEASA-ES Vitória(ES),ES,5.0,2026-07-27
Banana Prata,1Kg,Frutas,CEASA-MA São Luís(MA),MA,5.23,2026-07-27
Banana Prata,1Kg,Frutas,CEASA-MT Cuiabá(MT),MT,5.79,2026-07-27
Banana Prata,1Kg,Frutas,CEASA-BA Salvador(BA),BA,2.9,2026-07-27
Banana Prata,1Kg,Frutas,CEASA-PE Caruaru(PE),PE,2.5,2026-07-27
Banana Prata,1Kg,Frutas,CEASAMINAS Belo Horizonte(MG),MG,3.75,2026-07-27
Banana Prata,1Kg,Frutas,CEASA-RJ Rio de Janeiro(RJ),RJ,2.75,2026-07-27
Banana Prata,1Kg,Frutas,CEASA-PR Curitiba(PR),PR,4.0,2026-07-27
Banana Prata,1Kg,Frutas,CEASA-AL Maceió(AL),AL,4.3,2026-07-27
Banana Prata,1Kg,Frutas,AMA-BA Juazeiro(BA),BA,1.92,2026-07-27
Banana Prata,1Kg,Frutas,CEAGESP São Paulo(SP),SP,4.48,2026-07-27
Banana Prata,1Kg,Frutas,CEAGESP São José dos Campos(SP),SP,4.25,2026-07-27
Banana Prata,1Kg,Frutas,CEASA-PR Cascavel(PR),PR,7.0,2026-07-27
Coco Verde,1unidade,Frutas,CEASA-PE Recife(PE),PE,1.5,2026-07-27
Coco Verde,1unidade,Frutas,CEASA-CE Fortaleza(CE),CE,2.3,2026-07-27
Coco Verde,1unidade,Frutas,CEASA-PR Foz do Iguaçu(PR),PR,6.0,2026-07-27
Coco Verde,1unidade,Frutas,CEASA-ES Vitória(ES),ES,3.5,2026-07-27
Coco Verde,1unidade,Frutas,CEASA-MA São Luís(MA),MA,3.6,2026-07-27
Coco Verde,1unidade,Frutas,CEASA-MT Cuiabá(MT),MT,3.33,2026-07-27
Coco Verde,1unidade,Frutas,CEASA-BA Salvador(BA),BA,1.7,2026-07-27
Coco Verde,1unidade,Frutas,CEASA-PE Caruaru(PE),PE,2.5,2026-07-27
Coco Verde,1unidade,Frutas,CEASAMINAS Belo Horizonte(MG),MG,2.8,2026-07-27
Coco Verde,1unidade,Frutas,CEASA-RJ Rio de Janeiro(RJ),RJ,3.2,2026-07-27
Coco Verde,1unidade,Frutas,CEASA-PR Curitiba(PR),PR,5.0,2026-07-27
Coco Verde,1unidade,Frutas,CEASA-AL Maceió(AL),AL,2.0,2026-07-27
Coco Verde,1unidade,Frutas,AMA-BA Juazeiro(BA),BA,1.0,2026-07-27
Coco Verde,1unidade,Frutas,CEAGESP São Paulo(SP),SP,2.82,2026-07-27
Coco Verde,1unidade,Frutas,CEAGESP São José dos Campos(SP),SP,3.6,2026-07-27
Coco Verde,1unidade,Frutas,CEASA-PR Cascavel(PR),PR,5.5,2026-07-27
Goiaba,1Kg,Frutas,CEASA-PE Recife(PE),PE,1.8,2026-07-27
Goiaba,1Kg,Frutas,CEASA-CE Fortaleza(CE),CE,3.6,2026-07-27
Goiaba,1Kg,Frutas,CEASA-PR Foz do Iguaçu(PR),PR,9.0,2026-07-27
Goiaba,1Kg,Frutas,CEASA-ES Vitória(ES),ES,4.0,2026-07-27
Goiaba,1Kg,Frutas,CEASA-MA São Luís(MA),MA,6.67,2026-07-27
Goiaba,1Kg,Frutas,CEASA-BA Salvador(BA),BA,2.92,2026-07-27
Goiaba,1Kg,Frutas,CEASA-PE Caruaru(PE),PE,3.0,2026-07-27
Goiaba,1Kg,Frutas,CEASAMINAS Belo Horizonte(MG),MG,5.83,2026-07-27
Goiaba,1Kg,Frutas,CEASA-RJ Rio de Janeiro(RJ),RJ,10.0,2026-07-27
Goiaba,1Kg,Frutas,CEASA-PR Curitiba(PR),PR,5.63,2026-07-27
Goiaba,1Kg,Frutas,CEASA-AL Maceió(AL),AL,2.84,2026-07-27
Goiaba,1Kg,Frutas,AMA-BA Juazeiro(BA),BA,2.75,2026-07-27
Goiaba,1Kg,Frutas,CEAGESP São Paulo(SP),SP,5.75,2026-07-27
Goiaba,1Kg,Frutas,CEAGESP São José dos Campos(SP),SP,6.0,2026-07-27
Goiaba,1Kg,Frutas,CEASA-PR Cascavel(PR),PR,7.0,2026-07-27
Laranja Pêra,1Kg,Frutas,CEASA-PE Recife(PE),PE,1.75,2026-07-27
Laranja Pêra,1Kg,Frutas,CEASA-CE Fortaleza(CE),CE,2.5,2026-07-27
Laranja Pêra,1Kg,Frutas,CEASA-PR Foz do Iguaçu(PR),PR,2.0,2026-07-27
Laranja Pêra,1Kg,Frutas,CEASA-ES Vitória(ES),ES,1.65,2026-07-27
Laranja Pêra,1Kg,Frutas,CEASA-MA São Luís(MA),MA,2.68,2026-07-27
Laranja Pêra,1Kg,Frutas,CEASA-MT Cuiabá(MT),MT,2.0,2026-07-27
Laranja Pêra,1Kg,Frutas,CEASA-BA Salvador(BA),BA,1.2,2026-07-27
Laranja Pêra,1Kg,Frutas,CEASA-PE Caruaru(PE),PE,1.0,2026-07-27
Laranja Pêra,1Kg,Frutas,CEASAMINAS Belo Horizonte(MG),MG,1.75,2026-07-27
Laranja Pêra,1Kg,Frutas,CEASA-RJ Rio de Janeiro(RJ),RJ,2.5,2026-07-27
Laranja Pêra,1Kg,Frutas,CEASA-PR Curitiba(PR),PR,2.5,2026-07-27
Laranja Pêra,1Kg,Frutas,CEASA-AL Maceió(AL),AL,1.66,2026-07-27
Laranja Pêra,1Kg,Frutas,AMA-BA Juazeiro(BA),BA,0.75,2026-07-27
Laranja Pêra,1Kg,Frutas,CEAGESP São Paulo(SP),SP,1.76,2026-07-27
Laranja Pêra,1Kg,Frutas,CEAGESP São José dos Campos(SP),SP,2.9,2026-07-27
Laranja Pêra,1Kg,Frutas,CEASA-PR Cascavel(PR),PR,2.7,2026-07-27
Limão Taiti,1Kg,Frutas,CEASA-PE Recife(PE),PE,1.85,2026-07-27
Limão Taiti,1Kg,Frutas,CEASA-CE Fortaleza(CE),CE,6.0,2026-07-27
Limão Taiti,1Kg,Frutas,CEASA-PR Foz do Iguaçu(PR),PR,3.69,2026-07-27
Limão Taiti,1Kg,Frutas,CEASA-ES Vitória(ES),ES,4.81,2026-07-27
Limão Taiti,1Kg,Frutas,CEASA-MA São Luís(MA),MA,4.5,2026-07-27
Limão Taiti,1Kg,Frutas,CEASA-MT Cuiabá(MT),MT,4.0,2026-07-27
Limão Taiti,1Kg,Frutas,CEASA-BA Salvador(BA),BA,3.0,2026-07-27
Limão Taiti,1Kg,Frutas,CEASA-PE Caruaru(PE),PE,4.0,2026-07-27
Limão Taiti,1Kg,Frutas,CEASAMINAS Belo Horizonte(MG),MG,5.0,2026-07-27
Limão Taiti,1Kg,Frutas,CEASA-RJ Rio de Janeiro(RJ),RJ,5.0,2026-07-27
Limão Taiti,1Kg,Frutas,CEASA-PR Curitiba(PR),PR,4.35,2026-07-27
Limão Taiti,1Kg,Frutas,CEASA-AL Maceió(AL),AL,2.5,2026-07-27
Limão Taiti,1Kg,Frutas,AMA-BA Juazeiro(BA),BA,2.0,2026-07-27
Limão Taiti,1Kg,Frutas,CEAGESP São Paulo(SP),SP,3.02,2026-07-27
Limão Taiti,1Kg,Frutas,CEAGESP São José dos Campos(SP),SP,5.0,2026-07-27
Limão Taiti,1Kg,Frutas,CEASA-PR Cascavel(PR),PR,5.2,2026-07-27
Maçã Nacional,1Kg,Frutas,CEASA-PE Recife(PE),PE,6.67,2026-07-27
Maçã Nacional,1Kg,Frutas,CEASA-CE Fortaleza(CE),CE,10.4,2026-07-27
Maçã Nacional,1Kg,Frutas,CEASA-PR Foz do Iguaçu(PR),PR,7.11,2026-07-27
Maçã Nacional,1Kg,Frutas,CEASA-ES Vitória(ES),ES,5.15,2026-07-27
Maçã Nacional,1Kg,Frutas,CEASA-MA São Luís(MA),MA,11.58,2026-07-27
Maçã Nacional,1Kg,Frutas,CEASA-MT Cuiabá(MT),MT,7.22,2026-07-27
Maçã Nacional,1Kg,Frutas,CEASA-BA Salvador(BA),BA,6.6,2026-07-27
Maçã Nacional,1Kg,Frutas,CEASA-PE Caruaru(PE),PE,10.0,2026-07-27
Maçã Nacional,1Kg,Frutas,CEASAMINAS Belo Horizonte(MG),MG,5.55,2026-07-27
Maçã Nacional,1Kg,Frutas,CEASA-RJ Rio de Janeiro(RJ),RJ,7.22,2026-07-27
Maçã Nacional,1Kg,Frutas,CEASA-PR Curitiba(PR),PR,6.39,2026-07-27
Maçã Nacional,1Kg,Frutas,CEASA-AL Maceió(AL),AL,10.6,2026-07-27
Maçã Nacional,1Kg,Frutas,AMA-BA Juazeiro(BA),BA,5.42,2026-07-27
Maçã Nacional,1Kg,Frutas,CEAGESP São Paulo(SP),SP,5.97,2026-07-27
Maçã Nacional,1Kg,Frutas,CEAGESP São José dos Campos(SP),SP,6.11,2026-07-27
Maçã Nacional,1Kg,Frutas,CEASA-PR Cascavel(PR),PR,6.3,2026-07-27
Mamão Formosa,1Kg,Frutas,CEASA-PE Recife(PE),PE,3.5,2026-07-27
Mamão Formosa,1Kg,Frutas,CEASA-CE Fortaleza(CE),CE,4.0,2026-07-27
Mamão Formosa,1Kg,Frutas,CEASA-PR Foz do Iguaçu(PR),PR,6.0,2026-07-27
Mamão Formosa,1Kg,Frutas,CEASA-ES Vitória(ES),ES,5.75,2026-07-27
Mamão Formosa,1Kg,Frutas,CEASA-MA São Luís(MA),MA,5.24,2026-07-27
Mamão Formosa,1Kg,Frutas,CEASA-MT Cuiabá(MT),MT,3.68,2026-07-27
Mamão Formosa,1Kg,Frutas,CEASA-BA Salvador(BA),BA,3.5,2026-07-27
Mamão Formosa,1Kg,Frutas,CEASA-PE Caruaru(PE),PE,3.5,2026-07-27
Mamão Formosa,1Kg,Frutas,CEASAMINAS Belo Horizonte(MG),MG,4.44,2026-07-27
Mamão Formosa,1Kg,Frutas,CEASA-RJ Rio de Janeiro(RJ),RJ,8.0,2026-07-27
Mamão Formosa,1Kg,Frutas,CEASA-PR Curitiba(PR),PR,4.67,2026-07-27
Mamão Formosa,1Kg,Frutas,CEASA-AL Maceió(AL),AL,2.0,2026-07-27
Mamão Formosa,1Kg,Frutas,AMA-BA Juazeiro(BA),BA,1.75,2026-07-27
Mamão Formosa,1Kg,Frutas,CEAGESP São Paulo(SP),SP,6.15,2026-07-27
Mamão Formosa,1Kg,Frutas,CEAGESP São José dos Campos(SP),SP,7.5,2026-07-27
Mamão Formosa,1Kg,Frutas,CEASA-PR Cascavel(PR),PR,8.0,2026-07-27
Mamão Havaí,1Kg,Frutas,CEASA-PE Recife(PE),PE,5.0,2026-07-27
Mamão Havaí,1Kg,Frutas,CEASA-CE Fortaleza(CE),CE,7.0,2026-07-27
Mamão Havaí,1Kg,Frutas,CEASA-PR Foz do Iguaçu(PR),PR,7.0,2026-07-27
Mamão Havaí,1Kg,Frutas,CEASA-ES Vitória(ES),ES,5.0,2026-07-27
Mamão Havaí,1Kg,Frutas,CEASA-MA São Luís(MA),MA,7.73,2026-07-27
Mamão Havaí,1Kg,Frutas,CEASA-MT Cuiabá(MT),MT,14.5,2026-07-27
Mamão Havaí,1Kg,Frutas,CEASA-BA Salvador(BA),BA,5.0,2026-07-27
Mamão Havaí,1Kg,Frutas,CEASA-PE Caruaru(PE),PE,5.5,2026-07-27
Mamão Havaí,1Kg,Frutas,CEASAMINAS Belo Horizonte(MG),MG,7.5,2026-07-27
Mamão Havaí,1Kg,Frutas,CEASA-RJ Rio de Janeiro(RJ),RJ,9.0,2026-07-27
Mamão Havaí,1Kg,Frutas,CEASA-PR Curitiba(PR),PR,11.25,2026-07-27
Mamão Havaí,1Kg,Frutas,CEASA-AL Maceió(AL),AL,3.5,2026-07-27
Mamão Havaí,1Kg,Frutas,AMA-BA Juazeiro(BA),BA,4.55,2026-07-27
Mamão Havaí,1Kg,Frutas,CEAGESP São Paulo(SP),SP,5.4,2026-07-27
Mamão Havaí,1Kg,Frutas,CEAGESP São José dos Campos(SP),SP,7.15,2026-07-27
Mamão Havaí,1Kg,Frutas,CEASA-PR Cascavel(PR),PR,14.0,2026-07-27
Manga,1Kg,Frutas,CEASA-PE Recife(PE),PE,4.8,2026-07-27
Manga,1Kg,Frutas,CEASA-CE Fortaleza(CE),CE,5.75,2026-07-27
Manga,1Kg,Frutas,CEASA-PR Foz do Iguaçu(PR),PR,6.25,2026-07-27
Manga,1Kg,Frutas,CEASA-ES Vitória(ES),ES,6.75,2026-07-27
Manga,1Kg,Frutas,CEASA-MA São Luís(MA),MA,10.98,2026-07-27
Manga,1Kg,Frutas,CEASA-MT Cuiabá(MT),MT,7.63,2026-07-27
Manga,1Kg,Frutas,CEASA-BA Salvador(BA),BA,6.0,2026-07-27
Manga,1Kg,Frutas,CEASA-PE Caruaru(PE),PE,4.4,2026-07-27
Manga,1Kg,Frutas,CEASAMINAS Belo Horizonte(MG),MG,5.55,2026-07-27
Manga,1Kg,Frutas,CEASA-RJ Rio de Janeiro(RJ),RJ,6.67,2026-07-27
Manga,1Kg,Frutas,CEASA-PR Curitiba(PR),PR,6.5,2026-07-27
Manga,1Kg,Frutas,CEASA-AL Maceió(AL),AL,2.4,2026-07-27
Manga,1Kg,Frutas,AMA-BA Juazeiro(BA),BA,4.06,2026-07-27
Manga,1Kg,Frutas,CEAGESP São Paulo(SP),SP,5.97,2026-07-27
Manga,1Kg,Frutas,CEAGESP São José dos Campos(SP),SP,8.85,2026-07-27
Manga,1Kg,Frutas,CEASA-PR Cascavel(PR),PR,10.0,2026-07-27
Maracujá Azedo,1Kg,Frutas,CEASA-PE Recife(PE),PE,5.3,2026-07-27
Maracujá Azedo,1Kg,Frutas,CEASA-CE Fortaleza(CE),CE,6.9,2026-07-27
Maracujá Azedo,1Kg,Frutas,CEASA-PR Foz do Iguaçu(PR),PR,9.45,2026-07-27
Maracujá Azedo,1Kg,Frutas,CEASA-ES Vitória(ES),ES,7.0,2026-07-27
Maracujá Azedo,1Kg,Frutas,CEASA-MA São Luís(MA),MA,9.46,2026-07-27
Maracujá Azedo,1Kg,Frutas,CEASA-MT Cuiabá(MT),MT,10.0,2026-07-27
Maracujá Azedo,1Kg,Frutas,CEASA-BA Salvador(BA),BA,6.0,2026-07-27
Maracujá Azedo,1Kg,Frutas,CEASA-PE Caruaru(PE),PE,6.0,2026-07-27
Maracujá Azedo,1Kg,Frutas,CEASAMINAS Belo Horizonte(MG),MG,5.0,2026-07-27
Maracujá Azedo,1Kg,Frutas,CEASA-RJ Rio de Janeiro(RJ),RJ,6.5,2026-07-27
Maracujá Azedo,1Kg,Frutas,CEASA-PR Curitiba(PR),PR,7.73,2026-07-27
Maracujá Azedo,1Kg,Frutas,CEASA-AL Maceió(AL),AL,5.33,2026-07-27
Maracujá Azedo,1Kg,Frutas,AMA-BA Juazeiro(BA),BA,4.06,2026-07-27
Maracujá Azedo,1Kg,Frutas,CEAGESP São Paulo(SP),SP,5.96,2026-07-27
Maracujá Azedo,1Kg,Frutas,CEAGESP São José dos Campos(SP),SP,9.5,2026-07-27
Maracujá Azedo,1Kg,Frutas,CEASA-PR Cascavel(PR),PR,14.0,2026-07-27
Melancia,1Kg,Frutas,CEASA-PE Recife(PE),PE,2.2,2026-07-27
Melancia,1Kg,Frutas,CEASA-CE Fortaleza(CE),CE,3.0,2026-07-27
Melancia,1Kg,Frutas,CEASA-PR Foz do Iguaçu(PR),PR,3.9,2026-07-27
Melancia,1Kg,Frutas,CEASA-ES Vitória(ES),ES,3.58,2026-07-27
Melancia,1Kg,Frutas,CEASA-MA São Luís(MA),MA,3.92,2026-07-27
Melancia,1Kg,Frutas,CEASA-MT Cuiabá(MT),MT,3.6,2026-07-27
Melancia,1Kg,Frutas,CEASA-BA Salvador(BA),BA,2.3,2026-07-27
Melancia,1Kg,Frutas,CEASA-PE Caruaru(PE),PE,2.2,2026-07-27
Melancia,1Kg,Frutas,CEASAMINAS Belo Horizonte(MG),MG,3.5,2026-07-27
Melancia,1Kg,Frutas,CEASA-RJ Rio de Janeiro(RJ),RJ,3.5,2026-07-27
Melancia,1Kg,Frutas,CEASA-PR Curitiba(PR),PR,3.8,2026-07-27
Melancia,1Kg,Frutas,CEASA-AL Maceió(AL),AL,1.39,2026-07-27
Melancia,1Kg,Frutas,AMA-BA Juazeiro(BA),BA,2.0,2026-07-27
Melancia,1Kg,Frutas,CEAGESP São Paulo(SP),SP,2.84,2026-07-27
Melancia,1Kg,Frutas,CEAGESP São José dos Campos(SP),SP,3.8,2026-07-27
Melancia,1Kg,Frutas,CEASA-PR Cascavel(PR),PR,4.5,2026-07-27
Melão Amarelo,1Kg,Frutas,CEASA-PE Recife(PE),PE,2.5,2026-07-27
Melão Amarelo,1Kg,Frutas,CEASA-CE Fortaleza(CE),CE,4.0,2026-07-27
Melão Amarelo,1Kg,Frutas,CEASA-PR Foz do Iguaçu(PR),PR,3.7,2026-07-27
Melão Amarelo,1Kg,Frutas,CEASA-ES Vitória(ES),ES,6.49,2026-07-27
Melão Amarelo,1Kg,Frutas,CEASA-MA São Luís(MA),MA,4.75,2026-07-27
Melão Amarelo,1Kg,Frutas,CEASA-MT Cuiabá(MT),MT,4.44,2026-07-27
Melão Amarelo,1Kg,Frutas,CEASA-BA Salvador(BA),BA,3.0,2026-07-27
Melão Amarelo,1Kg,Frutas,CEASA-PE Caruaru(PE),PE,3.0,2026-07-27
Melão Amarelo,1Kg,Frutas,CEASAMINAS Belo Horizonte(MG),MG,3.69,2026-07-27
Melão Amarelo,1Kg,Frutas,CEASA-RJ Rio de Janeiro(RJ),RJ,3.85,2026-07-27
Melão Amarelo,1Kg,Frutas,CEASA-PR Curitiba(PR),PR,5.38,2026-07-27
Melão Amarelo,1Kg,Frutas,CEASA-AL Maceió(AL),AL,3.5,2026-07-27
Melão Amarelo,1Kg,Frutas,AMA-BA Juazeiro(BA),BA,2.1,2026-07-27
Melão Amarelo,1Kg,Frutas,CEAGESP São Paulo(SP),SP,3.7,2026-07-27
Melão Amarelo,1Kg,Frutas,CEAGESP São José dos Campos(SP),SP,5.75,2026-07-27
Melão Amarelo,1Kg,Frutas,CEASA-PR Cascavel(PR),PR,5.5,2026-07-27
Morango,1Kg,Frutas,CEASA-PE Recife(PE),PE,35.0,2026-07-27
Morango,1Kg,Frutas,CEASA-CE Fortaleza(CE),CE,37.0,2026-07-27
Morango,1Kg,Frutas,CEASA-PR Foz do Iguaçu(PR),PR,33.0,2026-07-27
Morango,1Kg,Frutas,CEASA-ES Vitória(ES),ES,17.5,2026-07-27
Morango,1Kg,Frutas,CEASA-MA São Luís(MA),MA,58.37,2026-07-27
Morango,1Kg,Frutas,CEASA-MT Cuiabá(MT),MT,35.0,2026-07-27
Morango,1Kg,Frutas,CEASA-BA Salvador(BA),BA,40.0,2026-07-27
Morango,1Kg,Frutas,CEASA-PE Caruaru(PE),PE,40.0,2026-07-27
Morango,1Kg,Frutas,CEASAMINAS Belo Horizonte(MG),MG,20.83,2026-07-27
Morango,1Kg,Frutas,CEASA-RJ Rio de Janeiro(RJ),RJ,16.67,2026-07-27
Morango,1Kg,Frutas,CEASA-PR Curitiba(PR),PR,20.0,2026-07-27
Morango,1Kg,Frutas,CEASA-AL Maceió(AL),AL,25.0,2026-07-27
Morango,1Kg,Frutas,AMA-BA Juazeiro(BA),BA,30.0,2026-07-27
Morango,1Kg,Frutas,CEAGESP São Paulo(SP),SP,26.65,2026-07-27
Morango,1Kg,Frutas,CEAGESP São José dos Campos(SP),SP,15.0,2026-07-27
Morango,1Kg,Frutas,CEASA-PR Cascavel(PR),PR,38.35,2026-07-27
Pêra Estrangeira,1Kg,Frutas,CEASA-PE Recife(PE),PE,8.5,2026-07-27
Pêra Estrangeira,1Kg,Frutas,CEASA-CE Fortaleza(CE),CE,12.8,2026-07-27
Pêra Estrangeira,1Kg,Frutas,CEASA-PR Foz do Iguaçu(PR),PR,7.78,2026-07-27
Pêra Estrangeira,1Kg,Frutas,CEASA-ES Vitória(ES),ES,9.73,2026-07-27
Pêra Estrangeira,1Kg,Frutas,CEASA-MA São Luís(MA),MA,16.73,2026-07-27
Pêra Estrangeira,1Kg,Frutas,CEASA-BA Salvador(BA),BA,8.15,2026-07-27
Pêra Estrangeira,1Kg,Frutas,CEASA-PE Caruaru(PE),PE,12.0,2026-07-27
Pêra Estrangeira,1Kg,Frutas,CEASAMINAS Belo Horizonte(MG),MG,8.0,2026-07-27
Pêra Estrangeira,1Kg,Frutas,CEASA-RJ Rio de Janeiro(RJ),RJ,14.5,2026-07-27
Pêra Estrangeira,1Kg,Frutas,CEASA-PR Curitiba(PR),PR,8.33,2026-07-27
Pêra Estrangeira,1Kg,Frutas,CEASA-AL Maceió(AL),AL,9.75,2026-07-27
Pêra Estrangeira,1Kg,Frutas,AMA-BA Juazeiro(BA),BA,9.17,2026-07-27
Pêra Estrangeira,1Kg,Frutas,CEAGESP São Paulo(SP),SP,7.57,2026-07-27
Pêra Estrangeira,1Kg,Frutas,CEAGESP São José dos Campos(SP),SP,10.5,2026-07-27
Pêra Estrangeira,1Kg,Frutas,CEASA-PR Cascavel(PR),PR,8.8,2026-07-27
Tangerina,1Kg,Frutas,CEASA-PE Recife(PE),PE,2.8,2026-07-27
Tangerina,1Kg,Frutas,CEASA-CE Fortaleza(CE),CE,7.5,2026-07-27
Tangerina,1Kg,Frutas,CEASA-PR Foz do Iguaçu(PR),PR,3.5,2026-07-27
Tangerina,1Kg,Frutas,CEASA-ES Vitória(ES),ES,3.12,2026-07-27
Tangerina,1Kg,Frutas,CEASA-MA São Luís(MA),MA,3.88,2026-07-27
Tangerina,1Kg,Frutas,CEASA-MT Cuiabá(MT),MT,3.0,2026-07-27
Tangerina,1Kg,Frutas,CEASA-BA Salvador(BA),BA,2.8,2026-07-27
Tangerina,1Kg,Frutas,CEASA-PE Caruaru(PE),PE,5.0,2026-07-27
Tangerina,1Kg,Frutas,CEASAMINAS Belo Horizonte(MG),MG,2.77,2026-07-27
Tangerina,1Kg,Frutas,CEASA-RJ Rio de Janeiro(RJ),RJ,5.56,2026-07-27
Tangerina,1Kg,Frutas,CEASA-PR Curitiba(PR),PR,2.0,2026-07-27
Tangerina,1Kg,Frutas,CEASA-AL Maceió(AL),AL,3.33,2026-07-27
Tangerina,1Kg,Frutas,AMA-BA Juazeiro(BA),BA,5.56,2026-07-27
Tangerina,1Kg,Frutas,CEAGESP São Paulo(SP),SP,2.36,2026-07-27
Tangerina,1Kg,Frutas,CEAGESP São José dos Campos(SP),SP,3.1,2026-07-27
Tangerina,1Kg,Frutas,CEASA-PR Cascavel(PR),PR,4.5,2026-07-27
Uva Itália,1Kg,Frutas,CEASA-PE Recife(PE),PE,5.56,2026-07-27
Uva Itália,1Kg,Frutas,CEASA-CE Fortaleza(CE),CE,8.0,2026-07-27
Uva Itália,1Kg,Frutas,CEASA-PR Foz do Iguaçu(PR),PR,11.0,2026-07-27
Uva Itália,1Kg,Frutas,CEASA-ES Vitória(ES),ES,13.33,2026-07-27
Uva Itália,1Kg,Frutas,CEASA-MA São Luís(MA),MA,20.95,2026-07-27
Uva Itália,1Kg,Frutas,CEASA-BA Salvador(BA),BA,6.5,2026-07-27
Uva Itália,1Kg,Frutas,CEASA-PE Caruaru(PE),PE,12.0,2026-07-27
Uva Itália,1Kg,Frutas,CEASAMINAS Belo Horizonte(MG),MG,12.5,2026-07-27
Uva Itália,1Kg,Frutas,CEASA-RJ Rio de Janeiro(RJ),RJ,10.0,2026-07-27
Uva Itália,1Kg,Frutas,CEASA-PR Curitiba(PR),PR,10.63,2026-07-27
Uva Itália,1Kg,Frutas,CEASA-AL Maceió(AL),AL,5.45,2026-07-27
Uva Itália,1Kg,Frutas,AMA-BA Juazeiro(BA),BA,7.0,2026-07-27
Uva Itália,1Kg,Frutas,CEAGESP São Paulo(SP),SP,11.0,2026-07-27
Uva Itália,1Kg,Frutas,CEAGESP São José dos Campos(SP),SP,10.5,2026-07-27
Uva Itália,1Kg,Frutas,CEASA-PR Cascavel(PR),PR,12.5,2026-07-27
Uva Niagara,1Kg,Frutas,CEASA-PR Foz do Iguaçu(PR),PR,11.0,2026-07-27
Uva Niagara,1Kg,Frutas,CEASA-MT Cuiabá(MT),MT,16.4,2026-07-27
Uva Niagara,1Kg,Frutas,CEASAMINAS Belo Horizonte(MG),MG,8.0,2026-07-27
Uva Niagara,1Kg,Frutas,CEASA-RJ Rio de Janeiro(RJ),RJ,8.0,2026-07-27
Uva Niagara,1Kg,Frutas,CEASA-PR Curitiba(PR),PR,10.0,2026-07-27
Uva Niagara,1Kg,Frutas,CEAGESP São Paulo(SP),SP,9.21,2026-07-27
Uva Niagara,1Kg,Frutas,CEAGESP São José dos Campos(SP),SP,12.0,2026-07-27
Uva Niagara,1Kg,Frutas,CEASA-PR Cascavel(PR),PR,12.5,2026-07-27
Uva Rubi,1Kg,Frutas,CEASA-PR Foz do Iguaçu(PR),PR,11.0,2026-07-27
Uva Rubi,1Kg,Frutas,CEASA-RJ Rio de Janeiro(RJ),RJ,10.0,2026-07-27
Uva Rubi,1Kg,Frutas,CEASA-PR Curitiba(PR),PR,10.63,2026-07-27
Uva Rubi,1Kg,Frutas,CEASA-AL Maceió(AL),AL,6.5,2026-07-27
Uva Rubi,1Kg,Frutas,CEAGESP São José dos Campos(SP),SP,10.5,2026-07-27
Abacate,1Kg,Frutas,CEASA-MT Cuiabá(MT),MT,5.56,2026-07-26
Abacaxi,1Un,Frutas,CEASA-MT Cuiabá(MT),MT,7.5,2026-07-26
Banana Nanica,1Kg,Frutas,CEASA-MT Cuiabá(MT),MT,3.16,2026-07-26
Banana Prata,1Kg,Frutas,CEASA-MT Cuiabá(MT),MT,5.79,2026-07-26
Coco Verde,1unidade,Frutas,CEASA-MT Cuiabá(MT),MT,3.0,2026-07-26
Laranja Pêra,1Kg,Frutas,CEASA-MT Cuiabá(MT),MT,2.0,2026-07-26
Limão Taiti,1Kg,Frutas,CEASA-MT Cuiabá(MT),MT,4.0,2026-07-26
Maçã Nacional,1Kg,Frutas,CEASA-MT Cuiabá(MT),MT,8.33,2026-07-26
Mamão Formosa,1Kg,Frutas,CEASA-MT Cuiabá(MT),MT,3.95,2026-07-26
Mamão Havaí,1Kg,Frutas,CEASA-MT Cuiabá(MT),MT,11.0,2026-07-26
Manga,1Kg,Frutas,CEASA-MT Cuiabá(MT),MT,7.37,2026-07-26
Maracujá Azedo,1Kg,Frutas,CEASA-MT Cuiabá(MT),MT,10.0,2026-07-26
Melancia,1Kg,Frutas,CEASA-MT Cuiabá(MT),MT,3.0,2026-07-26
Melão Amarelo,1Kg,Frutas,CEASA-MT Cuiabá(MT),MT,4.44,2026-07-26
Morango,1Kg,Frutas,CEASA-MT Cuiabá(MT),MT,40.0,2026-07-26
Tangerina,1Kg,Frutas,CEASA-MT Cuiabá(MT),MT,3.5,2026-07-26
Uva Niagara,1Kg,Frutas,CEASA-MT Cuiabá(MT),MT,18.0,2026-07-26
Abacate,1Kg,Frutas,CEAGESP Ribeirão Preto(SP),SP,2.0,2026-07-24
Abacate,1Kg,Frutas,CEASA-MT Cuiabá(MT),MT,5.56,2026-07-24
Abacate,1Kg,Frutas,CEASA-PE Recife(PE),PE,4.5,2026-07-24
Abacate,1Kg,Frutas,CEASA-ES Vitória(ES),ES,2.23,2026-07-24
Abacate,1Kg,Frutas,CEASA-PB Patos(PB),PB,4.36,2026-07-24
Abacate,1Kg,Frutas,CEASA-BA Salvador(BA),BA,4.0,2026-07-24
Abacate,1Kg,Frutas,CEASA-SP Campinas(SP),SP,3.5,2026-07-24
Abacate,1Kg,Frutas,CEASAMINAS Belo Horizonte(MG),MG,2.77,2026-07-24
Abacate,1Kg,Frutas,CEASA-RJ Rio de Janeiro(RJ),RJ,3.33,2026-07-24
Abacate,1Kg,Frutas,CEAGESP Presidente Prudente(SP),SP,3.18,2026-07-24
Abacate,1Kg,Frutas,CEASA-CE Fortaleza(CE),CE,5.0,2026-07-24
Abacate,1Kg,Frutas,CEASA-CE Tianguá(CE),CE,4.6,2026-07-24
Abacate,1Kg,Frutas,CEASA-PR Curitiba(PR),PR,4.0,2026-07-24
Abacate,1Kg,Frutas,CEASA-AL Maceió(AL),AL,6.6,2026-07-24
Abacate,1Kg,Frutas,AMA-BA Juazeiro(BA),BA,3.65,2026-07-24
Abacate,1Kg,Frutas,CEASA-MA São Luís(MA),MA,7.9,2026-07-24
Abacate,1Kg,Frutas,CEASA-PR Cascavel(PR),PR,3.0,2026-07-24
Abacate,1Kg,Frutas,CEAGESP São Paulo(SP),SP,3.19,2026-07-24
Abacaxi,1Un,Frutas,CEAGESP Ribeirão Preto(SP),SP,6.33,2026-07-24
Abacaxi,1Un,Frutas,CEASA-MT Cuiabá(MT),MT,7.5,2026-07-24
Abacaxi,1Un,Frutas,CEASA-PE Recife(PE),PE,3.5,2026-07-24
Abacaxi,1Un,Frutas,CEASA-ES Vitória(ES),ES,7.0,2026-07-24
Abacaxi,1Un,Frutas,CEASA-PB Patos(PB),PB,5.0,2026-07-24
Abacaxi,1Un,Frutas,CEASA-BA Salvador(BA),BA,5.5,2026-07-24
Abacaxi,1Un,Frutas,CEASA-SP Campinas(SP),SP,4.17,2026-07-24
Abacaxi,1Un,Frutas,CEASAMINAS Belo Horizonte(MG),MG,5.83,2026-07-24
Abacaxi,1Un,Frutas,CEASA-RJ Rio de Janeiro(RJ),RJ,5.0,2026-07-24
Abacaxi,1Un,Frutas,CEAGESP Presidente Prudente(SP),SP,10.0,2026-07-24
Abacaxi,1Un,Frutas,CEASA-CE Fortaleza(CE),CE,5.65,2026-07-24
Abacaxi,1Un,Frutas,CEASA-CE Tianguá(CE),CE,6.0,2026-07-24
Abacaxi,1Un,Frutas,CEASA-PR Curitiba(PR),PR,7.5,2026-07-24
Abacaxi,1Un,Frutas,CEASA-AL Maceió(AL),AL,4.0,2026-07-24
Abacaxi,1Un,Frutas,AMA-BA Juazeiro(BA),BA,7.0,2026-07-24
Abacaxi,1Un,Frutas,CEASA-MA São Luís(MA),MA,9.75,2026-07-24
Abacaxi,1Un,Frutas,CEASA-PR Cascavel(PR),PR,9.0,2026-07-24
Abacaxi,1Un,Frutas,CEAGESP São Paulo(SP),SP,5.21,2026-07-24
Banana Nanica,1Kg,Frutas,CEAGESP Ribeirão Preto(SP),SP,3.07,2026-07-24
Banana Nanica,1Kg,Frutas,CEASA-MT Cuiabá(MT),MT,3.16,2026-07-24
Banana Nanica,1Kg,Frutas,CEASA-ES Vitória(ES),ES,3.5,2026-07-24
Banana Nanica,1Kg,Frutas,CEASA-PB Patos(PB),PB,2.97,2026-07-24
Banana Nanica,1Kg,Frutas,CEASA-SP Campinas(SP),SP,4.0,2026-07-24
Banana Nanica,1Kg,Frutas,CEASAMINAS Belo Horizonte(MG),MG,3.25,2026-07-24
Banana Nanica,1Kg,Frutas,CEASA-RJ Rio de Janeiro(RJ),RJ,3.25,2026-07-24
Banana Nanica,1Kg,Frutas,CEAGESP Presidente Prudente(SP),SP,4.25,2026-07-24
Banana Nanica,1Kg,Frutas,CEASA-CE Fortaleza(CE),CE,4.8,2026-07-24
Banana Nanica,1Kg,Frutas,CEASA-CE Tianguá(CE),CE,4.38,2026-07-24
Banana Nanica,1Kg,Frutas,CEASA-PR Curitiba(PR),PR,2.5,2026-07-24
Banana Nanica,1Kg,Frutas,AMA-BA Juazeiro(BA),BA,2.5,2026-07-24
Banana Nanica,1Kg,Frutas,CEASA-MA São Luís(MA),MA,4.87,2026-07-24
Banana Nanica,1Kg,Frutas,CEASA-PR Cascavel(PR),PR,3.5,2026-07-24
Banana Nanica,1Kg,Frutas,CEAGESP São Paulo(SP),SP,3.5,2026-07-24
Banana Prata,1Kg,Frutas,CEAGESP Ribeirão Preto(SP),SP,4.76,2026-07-24
Banana Prata,1Kg,Frutas,CEASA-MT Cuiabá(MT),MT,5.79,2026-07-24
Banana Prata,1Kg,Frutas,CEASA-PE Recife(PE),PE,2.27,2026-07-24
Banana Prata,1Kg,Frutas,CEASA-ES Vitória(ES),ES,5.0,2026-07-24
Banana Prata,1Kg,Frutas,CEASA-PB Patos(PB),PB,3.42,2026-07-24
Banana Prata,1Kg,Frutas,CEASA-BA Salvador(BA),BA,3.1,2026-07-24
Banana Prata,1Kg,Frutas,CEASA-SP Campinas(SP),SP,5.0,2026-07-24
Banana Prata,1Kg,Frutas,CEASAMINAS Belo Horizonte(MG),MG,3.75,2026-07-24
Banana Prata,1Kg,Frutas,CEASA-RJ Rio de Janeiro(RJ),RJ,2.5,2026-07-24
Banana Prata,1Kg,Frutas,CEAGESP Presidente Prudente(SP),SP,5.5,2026-07-24
Banana Prata,1Kg,Frutas,CEASA-CE Fortaleza(CE),CE,4.0,2026-07-24
Banana Prata,1Kg,Frutas,CEASA-CE Tianguá(CE),CE,2.81,2026-07-24
Banana Prata,1Kg,Frutas,CEASA-PR Curitiba(PR),PR,4.0,2026-07-24
Banana Prata,1Kg,Frutas,CEASA-AL Maceió(AL),AL,4.3,2026-07-24
Banana Prata,1Kg,Frutas,AMA-BA Juazeiro(BA),BA,1.92,2026-07-24
Banana Prata,1Kg,Frutas,CEASA-MA São Luís(MA),MA,5.23,2026-07-24
Banana Prata,1Kg,Frutas,CEASA-PR Cascavel(PR),PR,7.0,2026-07-24
Banana Prata,1Kg,Frutas,CEAGESP São Paulo(SP),SP,4.25,2026-07-24
Coco Verde,1unidade,Frutas,CEAGESP Ribeirão Preto(SP),SP,3.5,2026-07-24
Coco Verde,1unidade,Frutas,CEASA-MT Cuiabá(MT),MT,3.0,2026-07-24
Coco Verde,1unidade,Frutas,CEASA-PE Recife(PE),PE,1.7,2026-07-24
Coco Verde,1unidade,Frutas,CEASA-ES Vitória(ES),ES,3.5,2026-07-24
Coco Verde,1unidade,Frutas,CEASA-PB Patos(PB),PB,0.69,2026-07-24
Coco Verde,1unidade,Frutas,CEASA-BA Salvador(BA),BA,1.7,2026-07-24
Coco Verde,1unidade,Frutas,CEASA-SP Campinas(SP),SP,3.25,2026-07-24
Coco Verde,1unidade,Frutas,CEASAMINAS Belo Horizonte(MG),MG,2.8,2026-07-24
Coco Verde,1unidade,Frutas,CEASA-RJ Rio de Janeiro(RJ),RJ,3.2,2026-07-24
Coco Verde,1unidade,Frutas,CEAGESP Presidente Prudente(SP),SP,4.0,2026-07-24
Coco Verde,1unidade,Frutas,CEASA-CE Fortaleza(CE),CE,2.3,2026-07-24
Coco Verde,1unidade,Frutas,CEASA-CE Tianguá(CE),CE,2.22,2026-07-24
Coco Verde,1unidade,Frutas,CEASA-PR Curitiba(PR),PR,5.0,2026-07-24
Coco Verde,1unidade,Frutas,CEASA-AL Maceió(AL),AL,2.0,2026-07-24
Coco Verde,1unidade,Frutas,AMA-BA Juazeiro(BA),BA,1.0,2026-07-24
Coco Verde,1unidade,Frutas,CEASA-MA São Luís(MA),MA,3.6,2026-07-24
Coco Verde,1unidade,Frutas,CEASA-PR Cascavel(PR),PR,5.5,2026-07-24
Coco Verde,1unidade,Frutas,CEAGESP São Paulo(SP),SP,2.64,2026-07-24
Goiaba,1Kg,Frutas,CEAGESP Ribeirão Preto(SP),SP,7.89,2026-07-24
Goiaba,1Kg,Frutas,CEASA-PE Recife(PE),PE,1.8,2026-07-24
Goiaba,1Kg,Frutas,CEASA-ES Vitória(ES),ES,4.04,2026-07-24
Goiaba,1Kg,Frutas,CEASA-PB Patos(PB),PB,2.62,2026-07-24
Goiaba,1Kg,Frutas,CEASA-BA Salvador(BA),BA,2.92,2026-07-24
Goiaba,1Kg,Frutas,CEASA-SP Campinas(SP),SP,6.33,2026-07-24
Goiaba,1Kg,Frutas,CEASAMINAS Belo Horizonte(MG),MG,5.83,2026-07-24
Goiaba,1Kg,Frutas,CEASA-RJ Rio de Janeiro(RJ),RJ,10.0,2026-07-24
Goiaba,1Kg,Frutas,CEAGESP Presidente Prudente(SP),SP,4.5,2026-07-24
Goiaba,1Kg,Frutas,CEASA-CE Fortaleza(CE),CE,3.6,2026-07-24
Goiaba,1Kg,Frutas,CEASA-CE Tianguá(CE),CE,4.4,2026-07-24
Goiaba,1Kg,Frutas,CEASA-PR Curitiba(PR),PR,5.63,2026-07-24
Goiaba,1Kg,Frutas,CEASA-AL Maceió(AL),AL,2.84,2026-07-24
Goiaba,1Kg,Frutas,AMA-BA Juazeiro(BA),BA,2.5,2026-07-24
Goiaba,1Kg,Frutas,CEASA-MA São Luís(MA),MA,6.67,2026-07-24
Goiaba,1Kg,Frutas,CEASA-PR Cascavel(PR),PR,6.0,2026-07-24
Goiaba,1Kg,Frutas,CEAGESP São Paulo(SP),SP,5.66,2026-07-24
Laranja Pêra,1Kg,Frutas,CEAGESP Ribeirão Preto(SP),SP,2.9,2026-07-24
Laranja Pêra,1Kg,Frutas,CEASA-MT Cuiabá(MT),MT,2.0,2026-07-24
Laranja Pêra,1Kg,Frutas,CEASA-PE Recife(PE),PE,1.75,2026-07-24
Laranja Pêra,1Kg,Frutas,CEASA-ES Vitória(ES),ES,1.61,2026-07-24
Laranja Pêra,1Kg,Frutas,CEASA-PB Patos(PB),PB,2.15,2026-07-24
Laranja Pêra,1Kg,Frutas,CEASA-BA Salvador(BA),BA,1.4,2026-07-24
Laranja Pêra,1Kg,Frutas,CEASA-SP Campinas(SP),SP,2.25,2026-07-24
Laranja Pêra,1Kg,Frutas,CEASAMINAS Belo Horizonte(MG),MG,1.75,2026-07-24
Laranja Pêra,1Kg,Frutas,CEASA-RJ Rio de Janeiro(RJ),RJ,2.5,2026-07-24
Laranja Pêra,1Kg,Frutas,CEAGESP Presidente Prudente(SP),SP,2.04,2026-07-24
Laranja Pêra,1Kg,Frutas,CEASA-CE Fortaleza(CE),CE,2.5,2026-07-24
Laranja Pêra,1Kg,Frutas,CEASA-CE Tianguá(CE),CE,1.75,2026-07-24
Laranja Pêra,1Kg,Frutas,CEASA-PR Curitiba(PR),PR,2.5,2026-07-24
Laranja Pêra,1Kg,Frutas,CEASA-AL Maceió(AL),AL,1.66,2026-07-24
Laranja Pêra,1Kg,Frutas,AMA-BA Juazeiro(BA),BA,0.75,2026-07-24
Laranja Pêra,1Kg,Frutas,CEASA-MA São Luís(MA),MA,2.68,2026-07-24
Laranja Pêra,1Kg,Frutas,CEASA-PR Cascavel(PR),PR,2.6,2026-07-24
Laranja Pêra,1Kg,Frutas,CEAGESP São Paulo(SP),SP,1.73,2026-07-24
Limão Taiti,1Kg,Frutas,CEAGESP Ribeirão Preto(SP),SP,2.01,2026-07-24
Limão Taiti,1Kg,Frutas,CEASA-MT Cuiabá(MT),MT,4.0,2026-07-24
Limão Taiti,1Kg,Frutas,CEASA-PE Recife(PE),PE,1.85,2026-07-24
Limão Taiti,1Kg,Frutas,CEASA-ES Vitória(ES),ES,4.63,2026-07-24
Limão Taiti,1Kg,Frutas,CEASA-PB Patos(PB),PB,3.58,2026-07-24
Limão Taiti,1Kg,Frutas,CEASA-BA Salvador(BA),BA,2.5,2026-07-24
Limão Taiti,1Kg,Frutas,CEASA-SP Campinas(SP),SP,4.5,2026-07-24
Limão Taiti,1Kg,Frutas,CEASAMINAS Belo Horizonte(MG),MG,4.25,2026-07-24
Limão Taiti,1Kg,Frutas,CEASA-RJ Rio de Janeiro(RJ),RJ,4.0,2026-07-24
Limão Taiti,1Kg,Frutas,CEAGESP Presidente Prudente(SP),SP,3.2,2026-07-24
Limão Taiti,1Kg,Frutas,CEASA-CE Fortaleza(CE),CE,6.0,2026-07-24
Limão Taiti,1Kg,Frutas,CEASA-CE Tianguá(CE),CE,2.0,2026-07-24
Limão Taiti,1Kg,Frutas,CEASA-PR Curitiba(PR),PR,3.91,2026-07-24
Limão Taiti,1Kg,Frutas,CEASA-AL Maceió(AL),AL,2.5,2026-07-24
Limão Taiti,1Kg,Frutas,AMA-BA Juazeiro(BA),BA,1.88,2026-07-24
Limão Taiti,1Kg,Frutas,CEASA-MA São Luís(MA),MA,4.5,2026-07-24
Limão Taiti,1Kg,Frutas,CEASA-PR Cascavel(PR),PR,4.5,2026-07-24
Limão Taiti,1Kg,Frutas,CEAGESP São Paulo(SP),SP,2.96,2026-07-24
Maçã Nacional,1Kg,Frutas,CEAGESP Ribeirão Preto(SP),SP,9.39,2026-07-24
Maçã Nacional,1Kg,Frutas,CEASA-MT Cuiabá(MT),MT,8.33,2026-07-24
Maçã Nacional,1Kg,Frutas,CEASA-PE Recife(PE),PE,6.67,2026-07-24
Maçã Nacional,1Kg,Frutas,CEASA-ES Vitória(ES),ES,5.17,2026-07-24
Maçã Nacional,1Kg,Frutas,CEASA-PB Patos(PB),PB,7.22,2026-07-24
Maçã Nacional,1Kg,Frutas,CEASA-BA Salvador(BA),BA,7.45,2026-07-24
Maçã Nacional,1Kg,Frutas,CEASA-SP Campinas(SP),SP,6.39,2026-07-24
Maçã Nacional,1Kg,Frutas,CEASAMINAS Belo Horizonte(MG),MG,5.55,2026-07-24
Maçã Nacional,1Kg,Frutas,CEASA-RJ Rio de Janeiro(RJ),RJ,6.67,2026-07-24
Maçã Nacional,1Kg,Frutas,CEAGESP Presidente Prudente(SP),SP,6.11,2026-07-24
Maçã Nacional,1Kg,Frutas,CEASA-CE Fortaleza(CE),CE,10.4,2026-07-24
Maçã Nacional,1Kg,Frutas,CEASA-CE Tianguá(CE),CE,6.94,2026-07-24
Maçã Nacional,1Kg,Frutas,CEASA-PR Curitiba(PR),PR,6.39,2026-07-24
Maçã Nacional,1Kg,Frutas,CEASA-AL Maceió(AL),AL,10.6,2026-07-24
Maçã Nacional,1Kg,Frutas,AMA-BA Juazeiro(BA),BA,5.42,2026-07-24
Maçã Nacional,1Kg,Frutas,CEASA-MA São Luís(MA),MA,11.58,2026-07-24
Maçã Nacional,1Kg,Frutas,CEASA-PR Cascavel(PR),PR,6.5,2026-07-24
Maçã Nacional,1Kg,Frutas,CEAGESP São Paulo(SP),SP,5.32,2026-07-24
Mamão Formosa,1Kg,Frutas,CEAGESP Ribeirão Preto(SP),SP,3.53,2026-07-24
Mamão Formosa,1Kg,Frutas,CEASA-MT Cuiabá(MT),MT,3.95,2026-07-24
Mamão Formosa,1Kg,Frutas,CEASA-PE Recife(PE),PE,3.5,2026-07-24
Mamão Formosa,1Kg,Frutas,CEASA-ES Vitória(ES),ES,4.75,2026-07-24
Mamão Formosa,1Kg,Frutas,CEASA-PB Patos(PB),PB,2.08,2026-07-24
Mamão Formosa,1Kg,Frutas,CEASA-BA Salvador(BA),BA,3.5,2026-07-24
Mamão Formosa,1Kg,Frutas,CEASA-SP Campinas(SP),SP,5.56,2026-07-24
Mamão Formosa,1Kg,Frutas,CEASAMINAS Belo Horizonte(MG),MG,3.61,2026-07-24
Mamão Formosa,1Kg,Frutas,CEASA-RJ Rio de Janeiro(RJ),RJ,7.0,2026-07-24
Mamão Formosa,1Kg,Frutas,CEAGESP Presidente Prudente(SP),SP,3.75,2026-07-24
Mamão Formosa,1Kg,Frutas,CEASA-CE Fortaleza(CE),CE,4.0,2026-07-24
Mamão Formosa,1Kg,Frutas,CEASA-CE Tianguá(CE),CE,2.05,2026-07-24
Mamão Formosa,1Kg,Frutas,CEASA-PR Curitiba(PR),PR,4.67,2026-07-24
Mamão Formosa,1Kg,Frutas,CEASA-AL Maceió(AL),AL,2.0,2026-07-24
Mamão Formosa,1Kg,Frutas,AMA-BA Juazeiro(BA),BA,1.75,2026-07-24
Mamão Formosa,1Kg,Frutas,CEASA-MA São Luís(MA),MA,5.24,2026-07-24
Mamão Formosa,1Kg,Frutas,CEASA-PR Cascavel(PR),PR,8.0,2026-07-24
Mamão Formosa,1Kg,Frutas,CEAGESP São Paulo(SP),SP,5.57,2026-07-24
Mamão Havaí,1Kg,Frutas,CEAGESP Ribeirão Preto(SP),SP,7.43,2026-07-24
Mamão Havaí,1Kg,Frutas,CEASA-MT Cuiabá(MT),MT,11.0,2026-07-24
Mamão Havaí,1Kg,Frutas,CEASA-PE Recife(PE),PE,5.0,2026-07-24
Mamão Havaí,1Kg,Frutas,CEASA-ES Vitória(ES),ES,4.38,2026-07-24
Mamão Havaí,1Kg,Frutas,CEASA-PB Patos(PB),PB,6.08,2026-07-24
Mamão Havaí,1Kg,Frutas,CEASA-BA Salvador(BA),BA,5.0,2026-07-24
Mamão Havaí,1Kg,Frutas,CEASA-SP Campinas(SP),SP,9.38,2026-07-24
Mamão Havaí,1Kg,Frutas,CEASAMINAS Belo Horizonte(MG),MG,8.75,2026-07-24
Mamão Havaí,1Kg,Frutas,CEASA-RJ Rio de Janeiro(RJ),RJ,11.0,2026-07-24
Mamão Havaí,1Kg,Frutas,CEAGESP Presidente Prudente(SP),SP,12.5,2026-07-24
Mamão Havaí,1Kg,Frutas,CEASA-CE Fortaleza(CE),CE,7.0,2026-07-24
Mamão Havaí,1Kg,Frutas,CEASA-CE Tianguá(CE),CE,3.64,2026-07-24
Mamão Havaí,1Kg,Frutas,CEASA-PR Curitiba(PR),PR,11.25,2026-07-24
Mamão Havaí,1Kg,Frutas,CEASA-AL Maceió(AL),AL,3.5,2026-07-24
Mamão Havaí,1Kg,Frutas,AMA-BA Juazeiro(BA),BA,4.55,2026-07-24
Mamão Havaí,1Kg,Frutas,CEASA-MA São Luís(MA),MA,7.73,2026-07-24
Mamão Havaí,1Kg,Frutas,CEASA-PR Cascavel(PR),PR,15.0,2026-07-24
Mamão Havaí,1Kg,Frutas,CEAGESP São Paulo(SP),SP,6.81,2026-07-24
Manga,1Kg,Frutas,CEAGESP Ribeirão Preto(SP),SP,7.08,2026-07-24
Manga,1Kg,Frutas,CEASA-MT Cuiabá(MT),MT,7.37,2026-07-24
Manga,1Kg,Frutas,CEASA-PE Recife(PE),PE,4.8,2026-07-24
Manga,1Kg,Frutas,CEASA-ES Vitória(ES),ES,7.06,2026-07-24
Manga,1Kg,Frutas,CEASA-PB Patos(PB),PB,2.56,2026-07-24
Manga,1Kg,Frutas,CEASA-BA Salvador(BA),BA,6.5,2026-07-24
Manga,1Kg,Frutas,CEASA-SP Campinas(SP),SP,7.22,2026-07-24
Manga,1Kg,Frutas,CEASAMINAS Belo Horizonte(MG),MG,5.55,2026-07-24
Manga,1Kg,Frutas,CEASA-RJ Rio de Janeiro(RJ),RJ,6.67,2026-07-24
Manga,1Kg,Frutas,CEAGESP Presidente Prudente(SP),SP,6.66,2026-07-24
Manga,1Kg,Frutas,CEASA-CE Fortaleza(CE),CE,5.6,2026-07-24
Manga,1Kg,Frutas,CEASA-CE Tianguá(CE),CE,6.0,2026-07-24
Manga,1Kg,Frutas,CEASA-PR Curitiba(PR),PR,7.5,2026-07-24
Manga,1Kg,Frutas,CEASA-AL Maceió(AL),AL,2.4,2026-07-24
Manga,1Kg,Frutas,AMA-BA Juazeiro(BA),BA,4.04,2026-07-24
Manga,1Kg,Frutas,CEASA-MA São Luís(MA),MA,10.98,2026-07-24
Manga,1Kg,Frutas,CEASA-PR Cascavel(PR),PR,10.0,2026-07-24
Manga,1Kg,Frutas,CEAGESP São Paulo(SP),SP,6.01,2026-07-24
Maracujá Azedo,1Kg,Frutas,CEAGESP Ribeirão Preto(SP),SP,7.24,2026-07-24
Maracujá Azedo,1Kg,Frutas,CEASA-MT Cuiabá(MT),MT,10.0,2026-07-24
Maracujá Azedo,1Kg,Frutas,CEASA-PE Recife(PE),PE,4.7,2026-07-24
Maracujá Azedo,1Kg,Frutas,CEASA-ES Vitória(ES),ES,7.0,2026-07-24
Maracujá Azedo,1Kg,Frutas,CEASA-PB Patos(PB),PB,3.97,2026-07-24
Maracujá Azedo,1Kg,Frutas,CEASA-BA Salvador(BA),BA,6.3,2026-07-24
Maracujá Azedo,1Kg,Frutas,CEASA-SP Campinas(SP),SP,6.82,2026-07-24
Maracujá Azedo,1Kg,Frutas,CEASAMINAS Belo Horizonte(MG),MG,5.0,2026-07-24
Maracujá Azedo,1Kg,Frutas,CEASA-RJ Rio de Janeiro(RJ),RJ,6.5,2026-07-24
Maracujá Azedo,1Kg,Frutas,CEAGESP Presidente Prudente(SP),SP,6.81,2026-07-24
Maracujá Azedo,1Kg,Frutas,CEASA-CE Fortaleza(CE),CE,6.9,2026-07-24
Maracujá Azedo,1Kg,Frutas,CEASA-CE Tianguá(CE),CE,5.63,2026-07-24
Maracujá Azedo,1Kg,Frutas,CEASA-PR Curitiba(PR),PR,7.73,2026-07-24
Maracujá Azedo,1Kg,Frutas,CEASA-AL Maceió(AL),AL,5.33,2026-07-24
Maracujá Azedo,1Kg,Frutas,AMA-BA Juazeiro(BA),BA,4.06,2026-07-24
Maracujá Azedo,1Kg,Frutas,CEASA-MA São Luís(MA),MA,9.46,2026-07-24
Maracujá Azedo,1Kg,Frutas,CEASA-PR Cascavel(PR),PR,13.0,2026-07-24
Maracujá Azedo,1Kg,Frutas,CEAGESP São Paulo(SP),SP,5.68,2026-07-24
Melancia,1Kg,Frutas,CEAGESP Ribeirão Preto(SP),SP,2.72,2026-07-24
Melancia,1Kg,Frutas,CEASA-MT Cuiabá(MT),MT,3.0,2026-07-24
Melancia,1Kg,Frutas,CEASA-PE Recife(PE),PE,2.2,2026-07-24
Melancia,1Kg,Frutas,CEASA-ES Vitória(ES),ES,3.5,2026-07-24
Melancia,1Kg,Frutas,CEASA-PB Patos(PB),PB,1.77,2026-07-24
Melancia,1Kg,Frutas,CEASA-BA Salvador(BA),BA,2.3,2026-07-24
Melancia,1Kg,Frutas,CEASA-SP Campinas(SP),SP,3.7,2026-07-24
Melancia,1Kg,Frutas,CEASAMINAS Belo Horizonte(MG),MG,3.7,2026-07-24
Melancia,1Kg,Frutas,CEASA-RJ Rio de Janeiro(RJ),RJ,3.2,2026-07-24
Melancia,1Kg,Frutas,CEAGESP Presidente Prudente(SP),SP,4.5,2026-07-24
Melancia,1Kg,Frutas,CEASA-CE Fortaleza(CE),CE,3.0,2026-07-24
Melancia,1Kg,Frutas,CEASA-CE Tianguá(CE),CE,2.0,2026-07-24
Melancia,1Kg,Frutas,CEASA-PR Curitiba(PR),PR,3.8,2026-07-24
Melancia,1Kg,Frutas,CEASA-AL Maceió(AL),AL,1.39,2026-07-24
Melancia,1Kg,Frutas,AMA-BA Juazeiro(BA),BA,2.0,2026-07-24
Melancia,1Kg,Frutas,CEASA-MA São Luís(MA),MA,3.92,2026-07-24
Melancia,1Kg,Frutas,CEASA-PR Cascavel(PR),PR,4.2,2026-07-24
Melancia,1Kg,Frutas,CEAGESP São Paulo(SP),SP,2.89,2026-07-24
Melão Amarelo,1Kg,Frutas,CEAGESP Ribeirão Preto(SP),SP,10.0,2026-07-24
Melão Amarelo,1Kg,Frutas,CEASA-MT Cuiabá(MT),MT,4.44,2026-07-24
Melão Amarelo,1Kg,Frutas,CEASA-PE Recife(PE),PE,2.5,2026-07-24
Melão Amarelo,1Kg,Frutas,CEASA-ES Vitória(ES),ES,6.64,2026-07-24
Melão Amarelo,1Kg,Frutas,CEASA-PB Patos(PB),PB,2.58,2026-07-24
Melão Amarelo,1Kg,Frutas,CEASA-BA Salvador(BA),BA,3.0,2026-07-24
Melão Amarelo,1Kg,Frutas,CEASA-SP Campinas(SP),SP,4.0,2026-07-24
Melão Amarelo,1Kg,Frutas,CEASAMINAS Belo Horizonte(MG),MG,3.69,2026-07-24
Melão Amarelo,1Kg,Frutas,CEASA-RJ Rio de Janeiro(RJ),RJ,3.85,2026-07-24
Melão Amarelo,1Kg,Frutas,CEAGESP Presidente Prudente(SP),SP,5.38,2026-07-24
Melão Amarelo,1Kg,Frutas,CEASA-CE Fortaleza(CE),CE,4.0,2026-07-24
Melão Amarelo,1Kg,Frutas,CEASA-CE Tianguá(CE),CE,3.18,2026-07-24
Melão Amarelo,1Kg,Frutas,CEASA-PR Curitiba(PR),PR,5.38,2026-07-24
Melão Amarelo,1Kg,Frutas,CEASA-AL Maceió(AL),AL,3.5,2026-07-24
Melão Amarelo,1Kg,Frutas,AMA-BA Juazeiro(BA),BA,2.1,2026-07-24
Melão Amarelo,1Kg,Frutas,CEASA-MA São Luís(MA),MA,4.75,2026-07-24
Melão Amarelo,1Kg,Frutas,CEASA-PR Cascavel(PR),PR,5.5,2026-07-24
Melão Amarelo,1Kg,Frutas,CEAGESP São Paulo(SP),SP,3.52,2026-07-24
Morango,1Kg,Frutas,CEAGESP Ribeirão Preto(SP),SP,40.0,2026-07-24
Morango,1Kg,Frutas,CEASA-MT Cuiabá(MT),MT,40.0,2026-07-24
Morango,1Kg,Frutas,CEASA-PE Recife(PE),PE,40.0,2026-07-24
Morango,1Kg,Frutas,CEASA-ES Vitória(ES),ES,22.7,2026-07-24
Morango,1Kg,Frutas,CEASA-PB Patos(PB),PB,34.33,2026-07-24
Morango,1Kg,Frutas,CEASA-BA Salvador(BA),BA,35.0,2026-07-24
Morango,1Kg,Frutas,CEASA-SP Campinas(SP),SP,25.0,2026-07-24
Morango,1Kg,Frutas,CEASAMINAS Belo Horizonte(MG),MG,23.33,2026-07-24
Morango,1Kg,Frutas,CEASA-RJ Rio de Janeiro(RJ),RJ,16.67,2026-07-24
Morango,1Kg,Frutas,CEAGESP Presidente Prudente(SP),SP,35.0,2026-07-24
Morango,1Kg,Frutas,CEASA-CE Fortaleza(CE),CE,38.0,2026-07-24
Morango,1Kg,Frutas,CEASA-CE Tianguá(CE),CE,45.0,2026-07-24
Morango,1Kg,Frutas,CEASA-PR Curitiba(PR),PR,20.0,2026-07-24
Morango,1Kg,Frutas,CEASA-AL Maceió(AL),AL,25.0,2026-07-24
Morango,1Kg,Frutas,AMA-BA Juazeiro(BA),BA,30.0,2026-07-24
Morango,1Kg,Frutas,CEASA-MA São Luís(MA),MA,58.37,2026-07-24
Morango,1Kg,Frutas,CEASA-PR Cascavel(PR),PR,38.35,2026-07-24
Morango,1Kg,Frutas,CEAGESP São Paulo(SP),SP,34.43,2026-07-24
Pêra Estrangeira,1Kg,Frutas,CEAGESP Ribeirão Preto(SP),SP,11.67,2026-07-24
Pêra Estrangeira,1Kg,Frutas,CEASA-PE Recife(PE),PE,8.5,2026-07-24
Pêra Estrangeira,1Kg,Frutas,CEASA-ES Vitória(ES),ES,9.82,2026-07-24
Pêra Estrangeira,1Kg,Frutas,CEASA-PB Patos(PB),PB,8.67,2026-07-24
Pêra Estrangeira,1Kg,Frutas,CEASA-BA Salvador(BA),BA,8.45,2026-07-24
Pêra Estrangeira,1Kg,Frutas,CEASA-SP Campinas(SP),SP,7.78,2026-07-24
Pêra Estrangeira,1Kg,Frutas,CEASAMINAS Belo Horizonte(MG),MG,8.0,2026-07-24
Pêra Estrangeira,1Kg,Frutas,CEASA-RJ Rio de Janeiro(RJ),RJ,14.5,2026-07-24
Pêra Estrangeira,1Kg,Frutas,CEAGESP Presidente Prudente(SP),SP,8.88,2026-07-24
Pêra Estrangeira,1Kg,Frutas,CEASA-CE Fortaleza(CE),CE,13.35,2026-07-24
Pêra Estrangeira,1Kg,Frutas,CEASA-PR Curitiba(PR),PR,8.33,2026-07-24
Pêra Estrangeira,1Kg,Frutas,CEASA-AL Maceió(AL),AL,9.75,2026-07-24
Pêra Estrangeira,1Kg,Frutas,AMA-BA Juazeiro(BA),BA,9.17,2026-07-24
Pêra Estrangeira,1Kg,Frutas,CEASA-MA São Luís(MA),MA,16.73,2026-07-24
Pêra Estrangeira,1Kg,Frutas,CEASA-PR Cascavel(PR),PR,8.5,2026-07-24
Pêra Estrangeira,1Kg,Frutas,CEAGESP São Paulo(SP),SP,8.2,2026-07-24
Tangerina,1Kg,Frutas,CEAGESP Ribeirão Preto(SP),SP,3.16,2026-07-24
Tangerina,1Kg,Frutas,CEASA-MT Cuiabá(MT),MT,3.5,2026-07-24
Tangerina,1Kg,Frutas,CEASA-PE Recife(PE),PE,2.4,2026-07-24
Tangerina,1Kg,Frutas,CEASA-ES Vitória(ES),ES,2.43,2026-07-24
Tangerina,1Kg,Frutas,CEASA-PB Patos(PB),PB,6.0,2026-07-24
Tangerina,1Kg,Frutas,CEASA-BA Salvador(BA),BA,2.8,2026-07-24
Tangerina,1Kg,Frutas,CEASA-SP Campinas(SP),SP,2.75,2026-07-24
Tangerina,1Kg,Frutas,CEASAMINAS Belo Horizonte(MG),MG,2.77,2026-07-24
Tangerina,1Kg,Frutas,CEASA-RJ Rio de Janeiro(RJ),RJ,5.0,2026-07-24
Tangerina,1Kg,Frutas,CEAGESP Presidente Prudente(SP),SP,3.5,2026-07-24
Tangerina,1Kg,Frutas,CEASA-CE Fortaleza(CE),CE,7.0,2026-07-24
Tangerina,1Kg,Frutas,CEASA-CE Tianguá(CE),CE,4.0,2026-07-24
Tangerina,1Kg,Frutas,CEASA-PR Curitiba(PR),PR,2.0,2026-07-24
Tangerina,1Kg,Frutas,CEASA-AL Maceió(AL),AL,3.33,2026-07-24
Tangerina,1Kg,Frutas,AMA-BA Juazeiro(BA),BA,5.56,2026-07-24
Tangerina,1Kg,Frutas,CEASA-MA São Luís(MA),MA,3.88,2026-07-24
Tangerina,1Kg,Frutas,CEASA-PR Cascavel(PR),PR,4.2,2026-07-24
Tangerina,1Kg,Frutas,CEAGESP São Paulo(SP),SP,2.29,2026-07-24
Uva Itália,1Kg,Frutas,CEAGESP Ribeirão Preto(SP),SP,14.3,2026-07-24
Uva Itália,1Kg,Frutas,CEASA-PE Recife(PE),PE,5.56,2026-07-24
Uva Itália,1Kg,Frutas,CEASA-ES Vitória(ES),ES,13.75,2026-07-24
Uva Itália,1Kg,Frutas,CEASA-PB Patos(PB),PB,7.92,2026-07-24
Uva Itália,1Kg,Frutas,CEASA-BA Salvador(BA),BA,7.0,2026-07-24
Uva Itália,1Kg,Frutas,CEASA-SP Campinas(SP),SP,10.0,2026-07-24
Uva Itália,1Kg,Frutas,CEASAMINAS Belo Horizonte(MG),MG,13.75,2026-07-24
Uva Itália,1Kg,Frutas,CEASA-RJ Rio de Janeiro(RJ),RJ,10.0,2026-07-24
Uva Itália,1Kg,Frutas,CEAGESP Presidente Prudente(SP),SP,9.5,2026-07-24
Uva Itália,1Kg,Frutas,CEASA-CE Fortaleza(CE),CE,8.0,2026-07-24
Uva Itália,1Kg,Frutas,CEASA-CE Tianguá(CE),CE,8.0,2026-07-24
Uva Itália,1Kg,Frutas,CEASA-PR Curitiba(PR),PR,10.63,2026-07-24
Uva Itália,1Kg,Frutas,CEASA-AL Maceió(AL),AL,5.45,2026-07-24
Uva Itália,1Kg,Frutas,AMA-BA Juazeiro(BA),BA,7.0,2026-07-24
Uva Itália,1Kg,Frutas,CEASA-MA São Luís(MA),MA,20.95,2026-07-24
Uva Itália,1Kg,Frutas,CEASA-PR Cascavel(PR),PR,12.5,2026-07-24
Uva Itália,1Kg,Frutas,CEAGESP São Paulo(SP),SP,10.45,2026-07-24
Uva Niagara,1Kg,Frutas,CEAGESP Ribeirão Preto(SP),SP,14.0,2026-07-24
Uva Niagara,1Kg,Frutas,CEASA-MT Cuiabá(MT),MT,18.0,2026-07-24
Uva Niagara,1Kg,Frutas,CEASA-ES Vitória(ES),ES,15.0,2026-07-24
Uva Niagara,1Kg,Frutas,CEASA-PB Patos(PB),PB,6.33,2026-07-24
Uva Niagara,1Kg,Frutas,CEASA-SP Campinas(SP),SP,9.0,2026-07-24
Uva Niagara,1Kg,Frutas,CEASAMINAS Belo Horizonte(MG),MG,8.0,2026-07-24
Uva Niagara,1Kg,Frutas,CEASA-RJ Rio de Janeiro(RJ),RJ,8.0,2026-07-24
Uva Niagara,1Kg,Frutas,CEAGESP Presidente Prudente(SP),SP,11.0,2026-07-24
Uva Niagara,1Kg,Frutas,CEASA-PR Curitiba(PR),PR,10.0,2026-07-24
Uva Niagara,1Kg,Frutas,CEASA-PR Cascavel(PR),PR,13.0,2026-07-24
Uva Niagara,1Kg,Frutas,CEAGESP São Paulo(SP),SP,10.31,2026-07-24
Uva Rubi,1Kg,Frutas,CEAGESP Ribeirão Preto(SP),SP,16.0,2026-07-24
Uva Rubi,1Kg,Frutas,CEASA-PB Patos(PB),PB,9.25,2026-07-24
Uva Rubi,1Kg,Frutas,CEASA-SP Campinas(SP),SP,11.0,2026-07-24
Uva Rubi,1Kg,Frutas,CEASA-RJ Rio de Janeiro(RJ),RJ,10.0,2026-07-24
Uva Rubi,1Kg,Frutas,CEAGESP Presidente Prudente(SP),SP,9.5,2026-07-24
Uva Rubi,1Kg,Frutas,CEASA-CE Tianguá(CE),CE,9.5,2026-07-24
Uva Rubi,1Kg,Frutas,CEASA-PR Curitiba(PR),PR,10.63,2026-07-24
Uva Rubi,1Kg,Frutas,CEASA-AL Maceió(AL),AL,6.5,2026-07-24
Abacate,1Kg,Frutas,CEAGESP Ribeirão Preto(SP),SP,2.0,2026-07-23
Abacate,1Kg,Frutas,CEASA-MT Cuiabá(MT),MT,5.56,2026-07-23
Abacate,1Kg,Frutas,CEASA-DF Brasília(DF),DF,6.0,2026-07-23
Abacate,1Kg,Frutas,CEASA-PE Recife(PE),PE,4.5,2026-07-23
Abacate,1Kg,Frutas,CEASA-PR Foz do Iguaçu(PR),PR,2.3,2026-07-23
Abacate,1Kg,Frutas,CEASA-ES Vitória(ES),ES,2.38,2026-07-23
Abacate,1Kg,Frutas,CEASA-RN Natal(RN),RN,3.5,2026-07-23
Abacate,1Kg,Frutas,CEASA-CE Fortaleza(CE),CE,5.25,2026-07-23
Abacate,1Kg,Frutas,CEASA-PR Curitiba(PR),PR,4.0,2026-07-23
Abacate,1Kg,Frutas,CEASA-AL Maceió(AL),AL,6.6,2026-07-23
Abacate,1Kg,Frutas,AMA-BA Juazeiro(BA),BA,3.65,2026-07-23
Abacaxi,1Un,Frutas,CEAGESP Ribeirão Preto(SP),SP,6.33,2026-07-23
Abacaxi,1Un,Frutas,CEASA-MT Cuiabá(MT),MT,7.5,2026-07-23
Abacaxi,1Un,Frutas,CEASA-DF Brasília(DF),DF,9.0,2026-07-23
Abacaxi,1Un,Frutas,CEASA-PE Recife(PE),PE,3.5,2026-07-23
Abacaxi,1Un,Frutas,CEASA-PR Foz do Iguaçu(PR),PR,8.75,2026-07-23
Abacaxi,1Un,Frutas,CEASA-ES Vitória(ES),ES,6.6,2026-07-23
Abacaxi,1Un,Frutas,CEASA-RN Natal(RN),RN,5.0,2026-07-23
Abacaxi,1Un,Frutas,CEASA-CE Fortaleza(CE),CE,5.65,2026-07-23
Abacaxi,1Un,Frutas,CEASA-PR Curitiba(PR),PR,7.5,2026-07-23
Abacaxi,1Un,Frutas,CEASA-AL Maceió(AL),AL,4.0,2026-07-23
Abacaxi,1Un,Frutas,AMA-BA Juazeiro(BA),BA,7.0,2026-07-23
Banana Nanica,1Kg,Frutas,CEAGESP Ribeirão Preto(SP),SP,3.07,2026-07-23
Banana Nanica,1Kg,Frutas,CEASA-MT Cuiabá(MT),MT,3.16,2026-07-23
Banana Nanica,1Kg,Frutas,CEASA-DF Brasília(DF),DF,4.21,2026-07-23
Banana Nanica,1Kg,Frutas,CEASA-PR Foz do Iguaçu(PR),PR,2.8,2026-07-23
Banana Nanica,1Kg,Frutas,CEASA-ES Vitória(ES),ES,3.5,2026-07-23
Banana Nanica,1Kg,Frutas,CEASA-RN Natal(RN),RN,4.5,2026-07-23
Banana Nanica,1Kg,Frutas,CEASA-CE Fortaleza(CE),CE,4.4,2026-07-23
Banana Nanica,1Kg,Frutas,CEASA-PR Curitiba(PR),PR,2.5,2026-07-23
Banana Nanica,1Kg,Frutas,AMA-BA Juazeiro(BA),BA,2.5,2026-07-23
Banana Prata,1Kg,Frutas,CEAGESP Ribeirão Preto(SP),SP,4.76,2026-07-23
Banana Prata,1Kg,Frutas,CEASA-MT Cuiabá(MT),MT,5.79,2026-07-23
Banana Prata,1Kg,Frutas,CEASA-DF Brasília(DF),DF,3.89,2026-07-23
Banana Prata,1Kg,Frutas,CEASA-PE Recife(PE),PE,2.27,2026-07-23
Banana Prata,1Kg,Frutas,CEASA-PR Foz do Iguaçu(PR),PR,5.0,2026-07-23
Banana Prata,1Kg,Frutas,CEASA-ES Vitória(ES),ES,5.0,2026-07-23
Banana Prata,1Kg,Frutas,CEASA-RN Natal(RN),RN,3.0,2026-07-23
Banana Prata,1Kg,Frutas,CEASA-CE Fortaleza(CE),CE,4.0,2026-07-23
Banana Prata,1Kg,Frutas,CEASA-PR Curitiba(PR),PR,4.0,2026-07-23
Banana Prata,1Kg,Frutas,CEASA-AL Maceió(AL),AL,4.3,2026-07-23
Banana Prata,1Kg,Frutas,AMA-BA Juazeiro(BA),BA,1.92,2026-07-23
Coco Verde,1unidade,Frutas,CEAGESP Ribeirão Preto(SP),SP,3.5,2026-07-23
Coco Verde,1unidade,Frutas,CEASA-MT Cuiabá(MT),MT,3.0,2026-07-23
Coco Verde,1unidade,Frutas,CEASA-DF Brasília(DF),DF,3.5,2026-07-23
Coco Verde,1unidade,Frutas,CEASA-PE Recife(PE),PE,1.7,2026-07-23
Coco Verde,1unidade,Frutas,CEASA-PR Foz do Iguaçu(PR),PR,6.0,2026-07-23
Coco Verde,1unidade,Frutas,CEASA-ES Vitória(ES),ES,3.5,2026-07-23
Coco Verde,1unidade,Frutas,CEASA-RN Natal(RN),RN,3.0,2026-07-23
Coco Verde,1unidade,Frutas,CEASA-CE Fortaleza(CE),CE,2.3,2026-07-23
Coco Verde,1unidade,Frutas,CEASA-PR Curitiba(PR),PR,5.0,2026-07-23
Coco Verde,1unidade,Frutas,CEASA-AL Maceió(AL),AL,2.0,2026-07-23
Coco Verde,1unidade,Frutas,AMA-BA Juazeiro(BA),BA,1.0,2026-07-23
Goiaba,1Kg,Frutas,CEAGESP Ribeirão Preto(SP),SP,7.89,2026-07-23
Goiaba,1Kg,Frutas,CEASA-DF Brasília(DF),DF,7.5,2026-07-23
Goiaba,1Kg,Frutas,CEASA-PE Recife(PE),PE,2.14,2026-07-23
Goiaba,1Kg,Frutas,CEASA-PR Foz do Iguaçu(PR),PR,9.0,2026-07-23
Goiaba,1Kg,Frutas,CEASA-ES Vitória(ES),ES,4.0,2026-07-23
Goiaba,1Kg,Frutas,CEASA-RN Natal(RN),RN,3.6,2026-07-23
Goiaba,1Kg,Frutas,CEASA-CE Fortaleza(CE),CE,3.7,2026-07-23
Goiaba,1Kg,Frutas,CEASA-PR Curitiba(PR),PR,5.63,2026-07-23
Goiaba,1Kg,Frutas,CEASA-AL Maceió(AL),AL,2.84,2026-07-23
Goiaba,1Kg,Frutas,AMA-BA Juazeiro(BA),BA,1.75,2026-07-23
Laranja Pêra,1Kg,Frutas,CEAGESP Ribeirão Preto(SP),SP,2.9,2026-07-23
Laranja Pêra,1Kg,Frutas,CEASA-MT Cuiabá(MT),MT,2.0,2026-07-23
Laranja Pêra,1Kg,Frutas,CEASA-DF Brasília(DF),DF,1.6,2026-07-23
Laranja Pêra,1Kg,Frutas,CEASA-PE Recife(PE),PE,1.75,2026-07-23
Laranja Pêra,1Kg,Frutas,CEASA-PR Foz do Iguaçu(PR),PR,2.0,2026-07-23
Laranja Pêra,1Kg,Frutas,CEASA-ES Vitória(ES),ES,1.63,2026-07-23
Laranja Pêra,1Kg,Frutas,CEASA-RN Natal(RN),RN,2.2,2026-07-23
Laranja Pêra,1Kg,Frutas,CEASA-CE Fortaleza(CE),CE,2.5,2026-07-23
Laranja Pêra,1Kg,Frutas,CEASA-PR Curitiba(PR),PR,2.5,2026-07-23
Laranja Pêra,1Kg,Frutas,CEASA-AL Maceió(AL),AL,1.66,2026-07-23
Laranja Pêra,1Kg,Frutas,AMA-BA Juazeiro(BA),BA,0.75,2026-07-23
Limão Taiti,1Kg,Frutas,CEAGESP Ribeirão Preto(SP),SP,2.01,2026-07-23
Limão Taiti,1Kg,Frutas,CEASA-MT Cuiabá(MT),MT,4.0,2026-07-23
Limão Taiti,1Kg,Frutas,CEASA-DF Brasília(DF),DF,3.75,2026-07-23
Limão Taiti,1Kg,Frutas,CEASA-PE Recife(PE),PE,1.85,2026-07-23
Limão Taiti,1Kg,Frutas,CEASA-PR Foz do Iguaçu(PR),PR,4.0,2026-07-23
Limão Taiti,1Kg,Frutas,CEASA-ES Vitória(ES),ES,4.63,2026-07-23
Limão Taiti,1Kg,Frutas,CEASA-RN Natal(RN),RN,2.5,2026-07-23
Limão Taiti,1Kg,Frutas,CEASA-CE Fortaleza(CE),CE,6.0,2026-07-23
Limão Taiti,1Kg,Frutas,CEASA-PR Curitiba(PR),PR,3.91,2026-07-23
Limão Taiti,1Kg,Frutas,CEASA-AL Maceió(AL),AL,2.5,2026-07-23
Limão Taiti,1Kg,Frutas,AMA-BA Juazeiro(BA),BA,1.88,2026-07-23
Maçã Nacional,1Kg,Frutas,CEAGESP Ribeirão Preto(SP),SP,9.39,2026-07-23
Maçã Nacional,1Kg,Frutas,CEASA-MT Cuiabá(MT),MT,8.33,2026-07-23
Maçã Nacional,1Kg,Frutas,CEASA-DF Brasília(DF),DF,6.67,2026-07-23
Maçã Nacional,1Kg,Frutas,CEASA-PE Recife(PE),PE,6.67,2026-07-23
Maçã Nacional,1Kg,Frutas,CEASA-PR Foz do Iguaçu(PR),PR,7.11,2026-07-23
Maçã Nacional,1Kg,Frutas,CEASA-ES Vitória(ES),ES,5.29,2026-07-23
Maçã Nacional,1Kg,Frutas,CEASA-RN Natal(RN),RN,7.5,2026-07-23
Maçã Nacional,1Kg,Frutas,CEASA-CE Fortaleza(CE),CE,10.4,2026-07-23
Maçã Nacional,1Kg,Frutas,CEASA-PR Curitiba(PR),PR,6.67,2026-07-23
Maçã Nacional,1Kg,Frutas,CEASA-AL Maceió(AL),AL,10.6,2026-07-23
Maçã Nacional,1Kg,Frutas,AMA-BA Juazeiro(BA),BA,5.42,2026-07-23
Mamão Formosa,1Kg,Frutas,CEAGESP Ribeirão Preto(SP),SP,3.53,2026-07-23
Mamão Formosa,1Kg,Frutas,CEASA-MT Cuiabá(MT),MT,3.95,2026-07-23
Mamão Formosa,1Kg,Frutas,CEASA-DF Brasília(DF),DF,5.5,2026-07-23
Mamão Formosa,1Kg,Frutas,CEASA-PE Recife(PE),PE,3.5,2026-07-23
Mamão Formosa,1Kg,Frutas,CEASA-PR Foz do Iguaçu(PR),PR,6.0,2026-07-23
Mamão Formosa,1Kg,Frutas,CEASA-ES Vitória(ES),ES,5.33,2026-07-23
Mamão Formosa,1Kg,Frutas,CEASA-RN Natal(RN),RN,3.0,2026-07-23
Mamão Formosa,1Kg,Frutas,CEASA-CE Fortaleza(CE),CE,4.0,2026-07-23
Mamão Formosa,1Kg,Frutas,CEASA-PR Curitiba(PR),PR,4.67,2026-07-23
Mamão Formosa,1Kg,Frutas,CEASA-AL Maceió(AL),AL,2.0,2026-07-23
Mamão Formosa,1Kg,Frutas,AMA-BA Juazeiro(BA),BA,1.75,2026-07-23
Mamão Havaí,1Kg,Frutas,CEAGESP Ribeirão Preto(SP),SP,7.43,2026-07-23
Mamão Havaí,1Kg,Frutas,CEASA-MT Cuiabá(MT),MT,11.0,2026-07-23
Mamão Havaí,1Kg,Frutas,CEASA-DF Brasília(DF),DF,8.89,2026-07-23
Mamão Havaí,1Kg,Frutas,CEASA-PE Recife(PE),PE,5.0,2026-07-23
Mamão Havaí,1Kg,Frutas,CEASA-PR Foz do Iguaçu(PR),PR,7.0,2026-07-23
Mamão Havaí,1Kg,Frutas,CEASA-ES Vitória(ES),ES,6.33,2026-07-23
Mamão Havaí,1Kg,Frutas,CEASA-RN Natal(RN),RN,5.0,2026-07-23
Mamão Havaí,1Kg,Frutas,CEASA-CE Fortaleza(CE),CE,6.0,2026-07-23
Mamão Havaí,1Kg,Frutas,CEASA-PR Curitiba(PR),PR,11.25,2026-07-23
Mamão Havaí,1Kg,Frutas,CEASA-AL Maceió(AL),AL,3.5,2026-07-23
Mamão Havaí,1Kg,Frutas,AMA-BA Juazeiro(BA),BA,4.55,2026-07-23
Manga,1Kg,Frutas,CEAGESP Ribeirão Preto(SP),SP,7.08,2026-07-23
Manga,1Kg,Frutas,CEASA-MT Cuiabá(MT),MT,7.37,2026-07-23
Manga,1Kg,Frutas,CEASA-DF Brasília(DF),DF,4.5,2026-07-23
Manga,1Kg,Frutas,CEASA-PE Recife(PE),PE,4.8,2026-07-23
Manga,1Kg,Frutas,CEASA-PR Foz do Iguaçu(PR),PR,8.0,2026-07-23
Manga,1Kg,Frutas,CEASA-ES Vitória(ES),ES,7.06,2026-07-23
Manga,1Kg,Frutas,CEASA-RN Natal(RN),RN,4.8,2026-07-23
Manga,1Kg,Frutas,CEASA-CE Fortaleza(CE),CE,5.65,2026-07-23
Manga,1Kg,Frutas,CEASA-PR Curitiba(PR),PR,7.5,2026-07-23
Manga,1Kg,Frutas,CEASA-AL Maceió(AL),AL,2.4,2026-07-23
Manga,1Kg,Frutas,AMA-BA Juazeiro(BA),BA,4.04,2026-07-23
Maracujá Azedo,1Kg,Frutas,CEAGESP Ribeirão Preto(SP),SP,7.24,2026-07-23
Maracujá Azedo,1Kg,Frutas,CEASA-MT Cuiabá(MT),MT,10.0,2026-07-23
Maracujá Azedo,1Kg,Frutas,CEASA-DF Brasília(DF),DF,5.5,2026-07-23
Maracujá Azedo,1Kg,Frutas,CEASA-PE Recife(PE),PE,4.7,2026-07-23
Maracujá Azedo,1Kg,Frutas,CEASA-PR Foz do Iguaçu(PR),PR,9.45,2026-07-23
Maracujá Azedo,1Kg,Frutas,CEASA-ES Vitória(ES),ES,7.0,2026-07-23
Maracujá Azedo,1Kg,Frutas,CEASA-RN Natal(RN),RN,6.5,2026-07-23
Maracujá Azedo,1Kg,Frutas,CEASA-CE Fortaleza(CE),CE,6.9,2026-07-23
Maracujá Azedo,1Kg,Frutas,CEASA-PR Curitiba(PR),PR,7.73,2026-07-23
Maracujá Azedo,1Kg,Frutas,CEASA-AL Maceió(AL),AL,5.33,2026-07-23
Maracujá Azedo,1Kg,Frutas,AMA-BA Juazeiro(BA),BA,4.06,2026-07-23
Melancia,1Kg,Frutas,CEAGESP Ribeirão Preto(SP),SP,2.72,2026-07-23
Melancia,1Kg,Frutas,CEASA-MT Cuiabá(MT),MT,3.0,2026-07-23
Melancia,1Kg,Frutas,CEASA-DF Brasília(DF),DF,3.5,2026-07-23
Melancia,1Kg,Frutas,CEASA-PE Recife(PE),PE,2.2,2026-07-23
Melancia,1Kg,Frutas,CEASA-PR Foz do Iguaçu(PR),PR,2.8,2026-07-23
Melancia,1Kg,Frutas,CEASA-ES Vitória(ES),ES,3.5,2026-07-23
Melancia,1Kg,Frutas,CEASA-RN Natal(RN),RN,2.2,2026-07-23
Melancia,1Kg,Frutas,CEASA-CE Fortaleza(CE),CE,3.0,2026-07-23
Melancia,1Kg,Frutas,CEASA-PR Curitiba(PR),PR,3.5,2026-07-23
Melancia,1Kg,Frutas,CEASA-AL Maceió(AL),AL,1.39,2026-07-23
Melancia,1Kg,Frutas,AMA-BA Juazeiro(BA),BA,1.7,2026-07-23
Melão Amarelo,1Kg,Frutas,CEAGESP Ribeirão Preto(SP),SP,10.0,2026-07-23
Melão Amarelo,1Kg,Frutas,CEASA-MT Cuiabá(MT),MT,4.44,2026-07-23
Melão Amarelo,1Kg,Frutas,CEASA-DF Brasília(DF),DF,5.38,2026-07-23
Melão Amarelo,1Kg,Frutas,CEASA-PE Recife(PE),PE,2.5,2026-07-23
Melão Amarelo,1Kg,Frutas,CEASA-PR Foz do Iguaçu(PR),PR,3.7,2026-07-23
Melão Amarelo,1Kg,Frutas,CEASA-ES Vitória(ES),ES,6.76,2026-07-23
Melão Amarelo,1Kg,Frutas,CEASA-RN Natal(RN),RN,3.5,2026-07-23
Melão Amarelo,1Kg,Frutas,CEASA-CE Fortaleza(CE),CE,4.0,2026-07-23
Melão Amarelo,1Kg,Frutas,CEASA-PR Curitiba(PR),PR,5.38,2026-07-23
Melão Amarelo,1Kg,Frutas,CEASA-AL Maceió(AL),AL,3.5,2026-07-23
Melão Amarelo,1Kg,Frutas,AMA-BA Juazeiro(BA),BA,2.1,2026-07-23
Morango,1Kg,Frutas,CEAGESP Ribeirão Preto(SP),SP,40.0,2026-07-23
Morango,1Kg,Frutas,CEASA-MT Cuiabá(MT),MT,40.0,2026-07-23
Morango,1Kg,Frutas,CEASA-DF Brasília(DF),DF,13.33,2026-07-23
Morango,1Kg,Frutas,CEASA-PE Recife(PE),PE,40.0,2026-07-23
Morango,1Kg,Frutas,CEASA-PR Foz do Iguaçu(PR),PR,33.0,2026-07-23
Morango,1Kg,Frutas,CEASA-ES Vitória(ES),ES,22.25,2026-07-23
Morango,1Kg,Frutas,CEASA-RN Natal(RN),RN,45.0,2026-07-23
Morango,1Kg,Frutas,CEASA-CE Fortaleza(CE),CE,37.0,2026-07-23
Morango,1Kg,Frutas,CEASA-PR Curitiba(PR),PR,23.33,2026-07-23
Morango,1Kg,Frutas,CEASA-AL Maceió(AL),AL,25.0,2026-07-23
Morango,1Kg,Frutas,AMA-BA Juazeiro(BA),BA,35.0,2026-07-23
Pêra Estrangeira,1Kg,Frutas,CEAGESP Ribeirão Preto(SP),SP,11.67,2026-07-23
Pêra Estrangeira,1Kg,Frutas,CEASA-DF Brasília(DF),DF,9.17,2026-07-23
Pêra Estrangeira,1Kg,Frutas,CEASA-PE Recife(PE),PE,8.5,2026-07-23
Pêra Estrangeira,1Kg,Frutas,CEASA-PR Foz do Iguaçu(PR),PR,7.78,2026-07-23
Pêra Estrangeira,1Kg,Frutas,CEASA-ES Vitória(ES),ES,10.08,2026-07-23
Pêra Estrangeira,1Kg,Frutas,CEASA-RN Natal(RN),RN,10.0,2026-07-23
Pêra Estrangeira,1Kg,Frutas,CEASA-CE Fortaleza(CE),CE,14.45,2026-07-23
Pêra Estrangeira,1Kg,Frutas,CEASA-PR Curitiba(PR),PR,8.33,2026-07-23
Pêra Estrangeira,1Kg,Frutas,CEASA-AL Maceió(AL),AL,9.75,2026-07-23
Pêra Estrangeira,1Kg,Frutas,AMA-BA Juazeiro(BA),BA,9.17,2026-07-23
Tangerina,1Kg,Frutas,CEAGESP Ribeirão Preto(SP),SP,3.16,2026-07-23
Tangerina,1Kg,Frutas,CEASA-MT Cuiabá(MT),MT,3.5,2026-07-23
Tangerina,1Kg,Frutas,CEASA-DF Brasília(DF),DF,4.0,2026-07-23
Tangerina,1Kg,Frutas,CEASA-PE Recife(PE),PE,2.4,2026-07-23
Tangerina,1Kg,Frutas,CEASA-PR Foz do Iguaçu(PR),PR,3.5,2026-07-23
Tangerina,1Kg,Frutas,CEASA-ES Vitória(ES),ES,2.4,2026-07-23
Tangerina,1Kg,Frutas,CEASA-RN Natal(RN),RN,3.6,2026-07-23
Tangerina,1Kg,Frutas,CEASA-CE Fortaleza(CE),CE,7.0,2026-07-23
Tangerina,1Kg,Frutas,CEASA-PR Curitiba(PR),PR,2.0,2026-07-23
Tangerina,1Kg,Frutas,CEASA-AL Maceió(AL),AL,3.33,2026-07-23
Tangerina,1Kg,Frutas,AMA-BA Juazeiro(BA),BA,5.56,2026-07-23
Uva Itália,1Kg,Frutas,CEAGESP Ribeirão Preto(SP),SP,14.3,2026-07-23
Uva Itália,1Kg,Frutas,CEASA-DF Brasília(DF),DF,13.75,2026-07-23
Uva Itália,1Kg,Frutas,CEASA-PE Recife(PE),PE,5.56,2026-07-23
Uva Itália,1Kg,Frutas,CEASA-PR Foz do Iguaçu(PR),PR,11.0,2026-07-23
Uva Itália,1Kg,Frutas,CEASA-ES Vitória(ES),ES,13.33,2026-07-23
Uva Itália,1Kg,Frutas,CEASA-RN Natal(RN),RN,8.5,2026-07-23
Uva Itália,1Kg,Frutas,CEASA-CE Fortaleza(CE),CE,8.0,2026-07-23
Uva Itália,1Kg,Frutas,CEASA-PR Curitiba(PR),PR,10.63,2026-07-23
Uva Itália,1Kg,Frutas,CEASA-AL Maceió(AL),AL,5.45,2026-07-23
Uva Itália,1Kg,Frutas,AMA-BA Juazeiro(BA),BA,7.0,2026-07-23
Uva Niagara,1Kg,Frutas,CEAGESP Ribeirão Preto(SP),SP,14.0,2026-07-23
Uva Niagara,1Kg,Frutas,CEASA-MT Cuiabá(MT),MT,18.0,2026-07-23
Uva Niagara,1Kg,Frutas,CEASA-DF Brasília(DF),DF,14.0,2026-07-23
Uva Niagara,1Kg,Frutas,CEASA-PR Foz do Iguaçu(PR),PR,10.0,2026-07-23
Uva Niagara,1Kg,Frutas,CEASA-ES Vitória(ES),ES,15.0,2026-07-23
Uva Niagara,1Kg,Frutas,CEASA-PR Curitiba(PR),PR,10.0,2026-07-23
Uva Rubi,1Kg,Frutas,CEAGESP Ribeirão Preto(SP),SP,16.0,2026-07-23
Uva Rubi,1Kg,Frutas,CEASA-DF Brasília(DF),DF,16.25,2026-07-23
Uva Rubi,1Kg,Frutas,CEASA-PR Foz do Iguaçu(PR),PR,11.0,2026-07-23
Uva Rubi,1Kg,Frutas,CEASA-RN Natal(RN),RN,11.0,2026-07-23
Uva Rubi,1Kg,Frutas,CEASA-PR Curitiba(PR),PR,10.63,2026-07-23
Uva Rubi,1Kg,Frutas,CEASA-AL Maceió(AL),AL,6.5,2026-07-23
Abacate,1Kg,Frutas,CEASA-MT Cuiabá(MT),MT,5.56,2026-07-22
Abacate,1Kg,Frutas,CEASA-PE Recife(PE),PE,5.0,2026-07-22
Abacate,1Kg,Frutas,CEASA-PE Caruaru(PE),PE,4.5,2026-07-22
Abacate,1Kg,Frutas,CEASA-RS Caxias do Sul(RS),RS,4.03,2026-07-22
Abacate,1Kg,Frutas,CEASA-CE Fortaleza(CE),CE,5.0,2026-07-22
Abacate,1Kg,Frutas,CEASA-PR Curitiba(PR),PR,4.0,2026-07-22
Abacate,1Kg,Frutas,CEASA-ES Vitória(ES),ES,2.23,2026-07-22
Abacate,1Kg,Frutas,CEASA-RN Natal(RN),RN,3.5,2026-07-22
Abacate,1Kg,Frutas,CEASA-BA Salvador(BA),BA,4.0,2026-07-22
Abacate,1Kg,Frutas,CEASAMINAS Belo Horizonte(MG),MG,2.77,2026-07-22
Abacate,1Kg,Frutas,CEASA-RJ Rio de Janeiro(RJ),RJ,3.33,2026-07-22
Abacate,1Kg,Frutas,CEASA-PR Foz do Iguaçu(PR),PR,2.3,2026-07-22
Abacate,1Kg,Frutas,CEASA-AL Maceió(AL),AL,6.6,2026-07-22
Abacate,1Kg,Frutas,AMA-BA Juazeiro(BA),BA,3.65,2026-07-22
Abacate,1Kg,Frutas,CEAGESP São Paulo(SP),SP,3.12,2026-07-22
Abacate,1Kg,Frutas,CEASA-MA São Luís(MA),MA,8.43,2026-07-22
Abacate,1Kg,Frutas,CEAGESP São José dos Campos(SP),SP,4.25,2026-07-22
Abacate,1Kg,Frutas,CEASA-PR Cascavel(PR),PR,2.8,2026-07-22
Abacaxi,1Un,Frutas,CEASA-MT Cuiabá(MT),MT,7.5,2026-07-22
Abacaxi,1Un,Frutas,CEASA-PE Recife(PE),PE,3.5,2026-07-22
Abacaxi,1Un,Frutas,CEASA-PE Caruaru(PE),PE,5.0,2026-07-22
Abacaxi,1Un,Frutas,CEASA-RS Caxias do Sul(RS),RS,6.96,2026-07-22
Abacaxi,1Un,Frutas,CEASA-CE Fortaleza(CE),CE,5.0,2026-07-22
Abacaxi,1Un,Frutas,CEASA-PR Curitiba(PR),PR,7.5,2026-07-22
Abacaxi,1Un,Frutas,CEASA-ES Vitória(ES),ES,7.0,2026-07-22
Abacaxi,1Un,Frutas,CEASA-RN Natal(RN),RN,5.0,2026-07-22
Abacaxi,1Un,Frutas,CEASA-BA Salvador(BA),BA,5.5,2026-07-22
Abacaxi,1Un,Frutas,CEASAMINAS Belo Horizonte(MG),MG,5.83,2026-07-22
Abacaxi,1Un,Frutas,CEASA-RJ Rio de Janeiro(RJ),RJ,5.0,2026-07-22
Abacaxi,1Un,Frutas,CEASA-PR Foz do Iguaçu(PR),PR,8.75,2026-07-22
Abacaxi,1Un,Frutas,CEASA-AL Maceió(AL),AL,4.0,2026-07-22
Abacaxi,1Un,Frutas,AMA-BA Juazeiro(BA),BA,7.0,2026-07-22
Abacaxi,1Un,Frutas,CEAGESP São Paulo(SP),SP,5.22,2026-07-22
Abacaxi,1Un,Frutas,CEASA-MA São Luís(MA),MA,9.75,2026-07-22
Abacaxi,1Un,Frutas,CEAGESP São José dos Campos(SP),SP,7.5,2026-07-22
Abacaxi,1Un,Frutas,CEASA-PR Cascavel(PR),PR,9.0,2026-07-22
Banana Nanica,1Kg,Frutas,CEASA-MT Cuiabá(MT),MT,3.16,2026-07-22
Banana Nanica,1Kg,Frutas,CEASA-PE Caruaru(PE),PE,3.75,2026-07-22
Banana Nanica,1Kg,Frutas,CEASA-RS Caxias do Sul(RS),RS,3.0,2026-07-22
Banana Nanica,1Kg,Frutas,CEASA-CE Fortaleza(CE),CE,4.4,2026-07-22
Banana Nanica,1Kg,Frutas,CEASA-PR Curitiba(PR),PR,2.5,2026-07-22
Banana Nanica,1Kg,Frutas,CEASA-ES Vitória(ES),ES,3.75,2026-07-22
Banana Nanica,1Kg,Frutas,CEASA-RN Natal(RN),RN,4.5,2026-07-22
Banana Nanica,1Kg,Frutas,CEASAMINAS Belo Horizonte(MG),MG,3.25,2026-07-22
Banana Nanica,1Kg,Frutas,CEASA-RJ Rio de Janeiro(RJ),RJ,3.25,2026-07-22
Banana Nanica,1Kg,Frutas,CEASA-PR Foz do Iguaçu(PR),PR,2.8,2026-07-22
Banana Nanica,1Kg,Frutas,AMA-BA Juazeiro(BA),BA,2.5,2026-07-22
Banana Nanica,1Kg,Frutas,CEAGESP São Paulo(SP),SP,3.52,2026-07-22
Banana Nanica,1Kg,Frutas,CEASA-MA São Luís(MA),MA,4.97,2026-07-22
Banana Nanica,1Kg,Frutas,CEAGESP São José dos Campos(SP),SP,3.25,2026-07-22
Banana Nanica,1Kg,Frutas,CEASA-PR Cascavel(PR),PR,3.4,2026-07-22
Banana Prata,1Kg,Frutas,CEASA-MT Cuiabá(MT),MT,5.79,2026-07-22
Banana Prata,1Kg,Frutas,CEASA-PE Recife(PE),PE,2.27,2026-07-22
Banana Prata,1Kg,Frutas,CEASA-PE Caruaru(PE),PE,2.5,2026-07-22
Banana Prata,1Kg,Frutas,CEASA-RS Caxias do Sul(RS),RS,4.61,2026-07-22
Banana Prata,1Kg,Frutas,CEASA-CE Fortaleza(CE),CE,4.0,2026-07-22
Banana Prata,1Kg,Frutas,CEASA-PR Curitiba(PR),PR,4.0,2026-07-22
Banana Prata,1Kg,Frutas,CEASA-ES Vitória(ES),ES,5.0,2026-07-22
Banana Prata,1Kg,Frutas,CEASA-RN Natal(RN),RN,3.0,2026-07-22
Banana Prata,1Kg,Frutas,CEASA-BA Salvador(BA),BA,3.1,2026-07-22
Banana Prata,1Kg,Frutas,CEASAMINAS Belo Horizonte(MG),MG,3.75,2026-07-22
Banana Prata,1Kg,Frutas,CEASA-RJ Rio de Janeiro(RJ),RJ,2.5,2026-07-22
Banana Prata,1Kg,Frutas,CEASA-PR Foz do Iguaçu(PR),PR,4.7,2026-07-22
Banana Prata,1Kg,Frutas,CEASA-AL Maceió(AL),AL,4.3,2026-07-22
Banana Prata,1Kg,Frutas,AMA-BA Juazeiro(BA),BA,1.92,2026-07-22
Banana Prata,1Kg,Frutas,CEAGESP São Paulo(SP),SP,4.23,2026-07-22
Banana Prata,1Kg,Frutas,CEASA-MA São Luís(MA),MA,5.38,2026-07-22
Banana Prata,1Kg,Frutas,CEAGESP São José dos Campos(SP),SP,4.25,2026-07-22
Banana Prata,1Kg,Frutas,CEASA-PR Cascavel(PR),PR,6.5,2026-07-22
Coco Verde,1unidade,Frutas,CEASA-MT Cuiabá(MT),MT,3.0,2026-07-22
Coco Verde,1unidade,Frutas,CEASA-PE Recife(PE),PE,1.7,2026-07-22
Coco Verde,1unidade,Frutas,CEASA-PE Caruaru(PE),PE,2.5,2026-07-22
Coco Verde,1unidade,Frutas,CEASA-RS Caxias do Sul(RS),RS,6.25,2026-07-22
Coco Verde,1unidade,Frutas,CEASA-CE Fortaleza(CE),CE,2.3,2026-07-22
Coco Verde,1unidade,Frutas,CEASA-PR Curitiba(PR),PR,6.0,2026-07-22
Coco Verde,1unidade,Frutas,CEASA-ES Vitória(ES),ES,3.5,2026-07-22
Coco Verde,1unidade,Frutas,CEASA-RN Natal(RN),RN,3.0,2026-07-22
Coco Verde,1unidade,Frutas,CEASA-BA Salvador(BA),BA,1.7,2026-07-22
Coco Verde,1unidade,Frutas,CEASAMINAS Belo Horizonte(MG),MG,2.8,2026-07-22
Coco Verde,1unidade,Frutas,CEASA-RJ Rio de Janeiro(RJ),RJ,3.2,2026-07-22
Coco Verde,1unidade,Frutas,CEASA-PR Foz do Iguaçu(PR),PR,6.0,2026-07-22
Coco Verde,1unidade,Frutas,CEASA-AL Maceió(AL),AL,2.0,2026-07-22
Coco Verde,1unidade,Frutas,AMA-BA Juazeiro(BA),BA,1.0,2026-07-22
Coco Verde,1unidade,Frutas,CEAGESP São Paulo(SP),SP,2.79,2026-07-22
Coco Verde,1unidade,Frutas,CEASA-MA São Luís(MA),MA,3.6,2026-07-22
Coco Verde,1unidade,Frutas,CEAGESP São José dos Campos(SP),SP,3.6,2026-07-22
Coco Verde,1unidade,Frutas,CEASA-PR Cascavel(PR),PR,5.5,2026-07-22
Goiaba,1Kg,Frutas,CEASA-PE Recife(PE),PE,1.8,2026-07-22
Goiaba,1Kg,Frutas,CEASA-PE Caruaru(PE),PE,3.0,2026-07-22
Goiaba,1Kg,Frutas,CEASA-RS Caxias do Sul(RS),RS,6.5,2026-07-22
Goiaba,1Kg,Frutas,CEASA-CE Fortaleza(CE),CE,2.6,2026-07-22
Goiaba,1Kg,Frutas,CEASA-PR Curitiba(PR),PR,5.63,2026-07-22
Goiaba,1Kg,Frutas,CEASA-ES Vitória(ES),ES,4.0,2026-07-22
Goiaba,1Kg,Frutas,CEASA-RN Natal(RN),RN,3.4,2026-07-22
Goiaba,1Kg,Frutas,CEASA-BA Salvador(BA),BA,2.92,2026-07-22
Goiaba,1Kg,Frutas,CEASAMINAS Belo Horizonte(MG),MG,5.0,2026-07-22
Goiaba,1Kg,Frutas,CEASA-RJ Rio de Janeiro(RJ),RJ,10.0,2026-07-22
Goiaba,1Kg,Frutas,CEASA-PR Foz do Iguaçu(PR),PR,7.0,2026-07-22
Goiaba,1Kg,Frutas,CEASA-AL Maceió(AL),AL,2.84,2026-07-22
Goiaba,1Kg,Frutas,AMA-BA Juazeiro(BA),BA,1.75,2026-07-22
Goiaba,1Kg,Frutas,CEAGESP São Paulo(SP),SP,5.54,2026-07-22
Goiaba,1Kg,Frutas,CEASA-MA São Luís(MA),MA,7.13,2026-07-22
Goiaba,1Kg,Frutas,CEAGESP São José dos Campos(SP),SP,6.0,2026-07-22
Goiaba,1Kg,Frutas,CEASA-PR Cascavel(PR),PR,5.8,2026-07-22
Laranja Pêra,1Kg,Frutas,CEASA-MT Cuiabá(MT),MT,2.0,2026-07-22
Laranja Pêra,1Kg,Frutas,CEASA-PE Recife(PE),PE,1.75,2026-07-22
Laranja Pêra,1Kg,Frutas,CEASA-PE Caruaru(PE),PE,1.0,2026-07-22
Laranja Pêra,1Kg,Frutas,CEASA-RS Caxias do Sul(RS),RS,2.0,2026-07-22
Laranja Pêra,1Kg,Frutas,CEASA-CE Fortaleza(CE),CE,2.5,2026-07-22
Laranja Pêra,1Kg,Frutas,CEASA-PR Curitiba(PR),PR,2.5,2026-07-22
Laranja Pêra,1Kg,Frutas,CEASA-ES Vitória(ES),ES,1.68,2026-07-22
Laranja Pêra,1Kg,Frutas,CEASA-RN Natal(RN),RN,2.0,2026-07-22
Laranja Pêra,1Kg,Frutas,CEASA-BA Salvador(BA),BA,1.4,2026-07-22
Laranja Pêra,1Kg,Frutas,CEASAMINAS Belo Horizonte(MG),MG,1.75,2026-07-22
Laranja Pêra,1Kg,Frutas,CEASA-RJ Rio de Janeiro(RJ),RJ,2.5,2026-07-22
Laranja Pêra,1Kg,Frutas,CEASA-PR Foz do Iguaçu(PR),PR,2.2,2026-07-22
Laranja Pêra,1Kg,Frutas,CEASA-AL Maceió(AL),AL,1.66,2026-07-22
Laranja Pêra,1Kg,Frutas,AMA-BA Juazeiro(BA),BA,0.75,2026-07-22
Laranja Pêra,1Kg,Frutas,CEAGESP São Paulo(SP),SP,1.73,2026-07-22
Laranja Pêra,1Kg,Frutas,CEASA-MA São Luís(MA),MA,2.88,2026-07-22
Laranja Pêra,1Kg,Frutas,CEAGESP São José dos Campos(SP),SP,2.9,2026-07-22
Laranja Pêra,1Kg,Frutas,CEASA-PR Cascavel(PR),PR,2.7,2026-07-22
Limão Taiti,1Kg,Frutas,CEASA-MT Cuiabá(MT),MT,4.0,2026-07-22
Limão Taiti,1Kg,Frutas,CEASA-PE Recife(PE),PE,1.85,2026-07-22
Limão Taiti,1Kg,Frutas,CEASA-PE Caruaru(PE),PE,3.0,2026-07-22
Limão Taiti,1Kg,Frutas,CEASA-RS Caxias do Sul(RS),RS,3.25,2026-07-22
Limão Taiti,1Kg,Frutas,CEASA-CE Fortaleza(CE),CE,6.0,2026-07-22
Limão Taiti,1Kg,Frutas,CEASA-PR Curitiba(PR),PR,3.91,2026-07-22
Limão Taiti,1Kg,Frutas,CEASA-ES Vitória(ES),ES,4.63,2026-07-22
Limão Taiti,1Kg,Frutas,CEASA-RN Natal(RN),RN,2.5,2026-07-22
Limão Taiti,1Kg,Frutas,CEASA-BA Salvador(BA),BA,3.0,2026-07-22
Limão Taiti,1Kg,Frutas,CEASAMINAS Belo Horizonte(MG),MG,3.5,2026-07-22
Limão Taiti,1Kg,Frutas,CEASA-RJ Rio de Janeiro(RJ),RJ,4.0,2026-07-22
Limão Taiti,1Kg,Frutas,CEASA-PR Foz do Iguaçu(PR),PR,3.0,2026-07-22
Limão Taiti,1Kg,Frutas,CEASA-AL Maceió(AL),AL,2.5,2026-07-22
Limão Taiti,1Kg,Frutas,AMA-BA Juazeiro(BA),BA,1.88,2026-07-22
Limão Taiti,1Kg,Frutas,CEAGESP São Paulo(SP),SP,2.88,2026-07-22
Limão Taiti,1Kg,Frutas,CEASA-MA São Luís(MA),MA,5.0,2026-07-22
Limão Taiti,1Kg,Frutas,CEAGESP São José dos Campos(SP),SP,5.0,2026-07-22
Limão Taiti,1Kg,Frutas,CEASA-PR Cascavel(PR),PR,4.4,2026-07-22
Maçã Nacional,1Kg,Frutas,CEASA-MT Cuiabá(MT),MT,8.33,2026-07-22
Maçã Nacional,1Kg,Frutas,CEASA-PE Recife(PE),PE,6.67,2026-07-22
Maçã Nacional,1Kg,Frutas,CEASA-PE Caruaru(PE),PE,10.0,2026-07-22
Maçã Nacional,1Kg,Frutas,CEASA-RS Caxias do Sul(RS),RS,5.09,2026-07-22
Maçã Nacional,1Kg,Frutas,CEASA-CE Fortaleza(CE),CE,10.4,2026-07-22
Maçã Nacional,1Kg,Frutas,CEASA-PR Curitiba(PR),PR,6.67,2026-07-22
Maçã Nacional,1Kg,Frutas,CEASA-ES Vitória(ES),ES,5.27,2026-07-22
Maçã Nacional,1Kg,Frutas,CEASA-RN Natal(RN),RN,7.5,2026-07-22
Maçã Nacional,1Kg,Frutas,CEASA-BA Salvador(BA),BA,7.45,2026-07-22
Maçã Nacional,1Kg,Frutas,CEASAMINAS Belo Horizonte(MG),MG,5.27,2026-07-22
Maçã Nacional,1Kg,Frutas,CEASA-RJ Rio de Janeiro(RJ),RJ,6.67,2026-07-22
Maçã Nacional,1Kg,Frutas,CEASA-PR Foz do Iguaçu(PR),PR,7.11,2026-07-22
Maçã Nacional,1Kg,Frutas,CEASA-AL Maceió(AL),AL,10.6,2026-07-22
Maçã Nacional,1Kg,Frutas,AMA-BA Juazeiro(BA),BA,5.42,2026-07-22
Maçã Nacional,1Kg,Frutas,CEAGESP São Paulo(SP),SP,5.39,2026-07-22
Maçã Nacional,1Kg,Frutas,CEASA-MA São Luís(MA),MA,10.58,2026-07-22
Maçã Nacional,1Kg,Frutas,CEAGESP São José dos Campos(SP),SP,6.11,2026-07-22
Maçã Nacional,1Kg,Frutas,CEASA-PR Cascavel(PR),PR,6.2,2026-07-22
Mamão Formosa,1Kg,Frutas,CEASA-MT Cuiabá(MT),MT,3.95,2026-07-22
Mamão Formosa,1Kg,Frutas,CEASA-PE Recife(PE),PE,3.5,2026-07-22
Mamão Formosa,1Kg,Frutas,CEASA-PE Caruaru(PE),PE,3.5,2026-07-22
Mamão Formosa,1Kg,Frutas,CEASA-RS Caxias do Sul(RS),RS,6.67,2026-07-22
Mamão Formosa,1Kg,Frutas,CEASA-CE Fortaleza(CE),CE,3.5,2026-07-22
Mamão Formosa,1Kg,Frutas,CEASA-PR Curitiba(PR),PR,5.0,2026-07-22
Mamão Formosa,1Kg,Frutas,CEASA-ES Vitória(ES),ES,5.25,2026-07-22
Mamão Formosa,1Kg,Frutas,CEASA-RN Natal(RN),RN,3.0,2026-07-22
Mamão Formosa,1Kg,Frutas,CEASA-BA Salvador(BA),BA,3.5,2026-07-22
Mamão Formosa,1Kg,Frutas,CEASAMINAS Belo Horizonte(MG),MG,3.61,2026-07-22
Mamão Formosa,1Kg,Frutas,CEASA-RJ Rio de Janeiro(RJ),RJ,7.0,2026-07-22
Mamão Formosa,1Kg,Frutas,CEASA-PR Foz do Iguaçu(PR),PR,6.0,2026-07-22
Mamão Formosa,1Kg,Frutas,CEASA-AL Maceió(AL),AL,2.0,2026-07-22
Mamão Formosa,1Kg,Frutas,AMA-BA Juazeiro(BA),BA,1.75,2026-07-22
Mamão Formosa,1Kg,Frutas,CEAGESP São Paulo(SP),SP,5.42,2026-07-22
Mamão Formosa,1Kg,Frutas,CEASA-MA São Luís(MA),MA,5.24,2026-07-22
Mamão Formosa,1Kg,Frutas,CEAGESP São José dos Campos(SP),SP,7.5,2026-07-22
Mamão Formosa,1Kg,Frutas,CEASA-PR Cascavel(PR),PR,8.0,2026-07-22
Mamão Havaí,1Kg,Frutas,CEASA-MT Cuiabá(MT),MT,11.0,2026-07-22
Mamão Havaí,1Kg,Frutas,CEASA-PE Recife(PE),PE,5.0,2026-07-22
Mamão Havaí,1Kg,Frutas,CEASA-PE Caruaru(PE),PE,5.5,2026-07-22
Mamão Havaí,1Kg,Frutas,CEASA-RS Caxias do Sul(RS),RS,17.81,2026-07-22
Mamão Havaí,1Kg,Frutas,CEASA-CE Fortaleza(CE),CE,6.0,2026-07-22
Mamão Havaí,1Kg,Frutas,CEASA-PR Curitiba(PR),PR,12.5,2026-07-22
Mamão Havaí,1Kg,Frutas,CEASA-ES Vitória(ES),ES,6.33,2026-07-22
Mamão Havaí,1Kg,Frutas,CEASA-RN Natal(RN),RN,5.0,2026-07-22
Mamão Havaí,1Kg,Frutas,CEASA-BA Salvador(BA),BA,5.0,2026-07-22
Mamão Havaí,1Kg,Frutas,CEASAMINAS Belo Horizonte(MG),MG,9.0,2026-07-22
Mamão Havaí,1Kg,Frutas,CEASA-RJ Rio de Janeiro(RJ),RJ,11.0,2026-07-22
Mamão Havaí,1Kg,Frutas,CEASA-PR Foz do Iguaçu(PR),PR,7.0,2026-07-22
Mamão Havaí,1Kg,Frutas,CEASA-AL Maceió(AL),AL,3.5,2026-07-22
Mamão Havaí,1Kg,Frutas,AMA-BA Juazeiro(BA),BA,4.55,2026-07-22
Mamão Havaí,1Kg,Frutas,CEAGESP São Paulo(SP),SP,6.48,2026-07-22
Mamão Havaí,1Kg,Frutas,CEASA-MA São Luís(MA),MA,9.5,2026-07-22
Mamão Havaí,1Kg,Frutas,CEAGESP São José dos Campos(SP),SP,7.2,2026-07-22
Mamão Havaí,1Kg,Frutas,CEASA-PR Cascavel(PR),PR,15.0,2026-07-22
Manga,1Kg,Frutas,CEASA-MT Cuiabá(MT),MT,7.37,2026-07-22
Manga,1Kg,Frutas,CEASA-PE Recife(PE),PE,4.8,2026-07-22
Manga,1Kg,Frutas,CEASA-PE Caruaru(PE),PE,5.2,2026-07-22
Manga,1Kg,Frutas,CEASA-RS Caxias do Sul(RS),RS,6.67,2026-07-22
Manga,1Kg,Frutas,CEASA-CE Fortaleza(CE),CE,5.4,2026-07-22
Manga,1Kg,Frutas,CEASA-PR Curitiba(PR),PR,7.5,2026-07-22
Manga,1Kg,Frutas,CEASA-ES Vitória(ES),ES,7.0,2026-07-22
Manga,1Kg,Frutas,CEASA-RN Natal(RN),RN,4.0,2026-07-22
Manga,1Kg,Frutas,CEASA-BA Salvador(BA),BA,6.5,2026-07-22
Manga,1Kg,Frutas,CEASAMINAS Belo Horizonte(MG),MG,5.55,2026-07-22
Manga,1Kg,Frutas,CEASA-RJ Rio de Janeiro(RJ),RJ,6.67,2026-07-22
Manga,1Kg,Frutas,CEASA-PR Foz do Iguaçu(PR),PR,8.0,2026-07-22
Manga,1Kg,Frutas,CEASA-AL Maceió(AL),AL,2.4,2026-07-22
Manga,1Kg,Frutas,AMA-BA Juazeiro(BA),BA,4.04,2026-07-22
Manga,1Kg,Frutas,CEAGESP São Paulo(SP),SP,5.94,2026-07-22
Manga,1Kg,Frutas,CEASA-MA São Luís(MA),MA,11.35,2026-07-22
Manga,1Kg,Frutas,CEAGESP São José dos Campos(SP),SP,8.82,2026-07-22
Manga,1Kg,Frutas,CEASA-PR Cascavel(PR),PR,10.0,2026-07-22
Maracujá Azedo,1Kg,Frutas,CEASA-MT Cuiabá(MT),MT,10.0,2026-07-22
Maracujá Azedo,1Kg,Frutas,CEASA-PE Recife(PE),PE,4.7,2026-07-22
Maracujá Azedo,1Kg,Frutas,CEASA-PE Caruaru(PE),PE,5.0,2026-07-22
Maracujá Azedo,1Kg,Frutas,CEASA-RS Caxias do Sul(RS),RS,10.0,2026-07-22
Maracujá Azedo,1Kg,Frutas,CEASA-CE Fortaleza(CE),CE,5.95,2026-07-22
Maracujá Azedo,1Kg,Frutas,CEASA-PR Curitiba(PR),PR,9.09,2026-07-22
Maracujá Azedo,1Kg,Frutas,CEASA-ES Vitória(ES),ES,7.0,2026-07-22
Maracujá Azedo,1Kg,Frutas,CEASA-RN Natal(RN),RN,7.0,2026-07-22
Maracujá Azedo,1Kg,Frutas,CEASA-BA Salvador(BA),BA,6.7,2026-07-22
Maracujá Azedo,1Kg,Frutas,CEASAMINAS Belo Horizonte(MG),MG,5.0,2026-07-22
Maracujá Azedo,1Kg,Frutas,CEASA-RJ Rio de Janeiro(RJ),RJ,6.5,2026-07-22
Maracujá Azedo,1Kg,Frutas,CEASA-PR Foz do Iguaçu(PR),PR,9.45,2026-07-22
Maracujá Azedo,1Kg,Frutas,CEASA-AL Maceió(AL),AL,5.33,2026-07-22
Maracujá Azedo,1Kg,Frutas,AMA-BA Juazeiro(BA),BA,4.06,2026-07-22
Maracujá Azedo,1Kg,Frutas,CEAGESP São Paulo(SP),SP,5.64,2026-07-22
Maracujá Azedo,1Kg,Frutas,CEASA-MA São Luís(MA),MA,9.34,2026-07-22
Maracujá Azedo,1Kg,Frutas,CEAGESP São José dos Campos(SP),SP,9.5,2026-07-22
Maracujá Azedo,1Kg,Frutas,CEASA-PR Cascavel(PR),PR,13.0,2026-07-22
Melancia,1Kg,Frutas,CEASA-MT Cuiabá(MT),MT,3.0,2026-07-22
Melancia,1Kg,Frutas,CEASA-PE Recife(PE),PE,2.2,2026-07-22
Melancia,1Kg,Frutas,CEASA-PE Caruaru(PE),PE,2.2,2026-07-22
Melancia,1Kg,Frutas,CEASA-RS Caxias do Sul(RS),RS,3.27,2026-07-22
Melancia,1Kg,Frutas,CEASA-CE Fortaleza(CE),CE,3.0,2026-07-22
Melancia,1Kg,Frutas,CEASA-PR Curitiba(PR),PR,3.5,2026-07-22
Melancia,1Kg,Frutas,CEASA-ES Vitória(ES),ES,3.54,2026-07-22
Melancia,1Kg,Frutas,CEASA-RN Natal(RN),RN,2.5,2026-07-22
Melancia,1Kg,Frutas,CEASA-BA Salvador(BA),BA,2.3,2026-07-22
Melancia,1Kg,Frutas,CEASAMINAS Belo Horizonte(MG),MG,3.7,2026-07-22
Melancia,1Kg,Frutas,CEASA-RJ Rio de Janeiro(RJ),RJ,3.2,2026-07-22
Melancia,1Kg,Frutas,CEASA-PR Foz do Iguaçu(PR),PR,2.8,2026-07-22
Melancia,1Kg,Frutas,CEASA-AL Maceió(AL),AL,1.39,2026-07-22
Melancia,1Kg,Frutas,AMA-BA Juazeiro(BA),BA,1.7,2026-07-22
Melancia,1Kg,Frutas,CEAGESP São Paulo(SP),SP,2.89,2026-07-22
Melancia,1Kg,Frutas,CEASA-MA São Luís(MA),MA,3.97,2026-07-22
Melancia,1Kg,Frutas,CEAGESP São José dos Campos(SP),SP,3.8,2026-07-22
Melancia,1Kg,Frutas,CEASA-PR Cascavel(PR),PR,4.0,2026-07-22
Melão Amarelo,1Kg,Frutas,CEASA-MT Cuiabá(MT),MT,4.44,2026-07-22
Melão Amarelo,1Kg,Frutas,CEASA-PE Recife(PE),PE,2.5,2026-07-22
Melão Amarelo,1Kg,Frutas,CEASA-PE Caruaru(PE),PE,2.5,2026-07-22
Melão Amarelo,1Kg,Frutas,CEASA-RS Caxias do Sul(RS),RS,4.41,2026-07-22
Melão Amarelo,1Kg,Frutas,CEASA-CE Fortaleza(CE),CE,3.5,2026-07-22
Melão Amarelo,1Kg,Frutas,CEASA-PR Curitiba(PR),PR,5.38,2026-07-22
Melão Amarelo,1Kg,Frutas,CEASA-ES Vitória(ES),ES,6.64,2026-07-22
Melão Amarelo,1Kg,Frutas,CEASA-RN Natal(RN),RN,3.5,2026-07-22
Melão Amarelo,1Kg,Frutas,CEASA-BA Salvador(BA),BA,3.0,2026-07-22
Melão Amarelo,1Kg,Frutas,CEASAMINAS Belo Horizonte(MG),MG,3.69,2026-07-22
Melão Amarelo,1Kg,Frutas,CEASA-RJ Rio de Janeiro(RJ),RJ,3.85,2026-07-22
Melão Amarelo,1Kg,Frutas,CEASA-PR Foz do Iguaçu(PR),PR,3.7,2026-07-22
Melão Amarelo,1Kg,Frutas,CEASA-AL Maceió(AL),AL,3.5,2026-07-22
Melão Amarelo,1Kg,Frutas,AMA-BA Juazeiro(BA),BA,1.9,2026-07-22
Melão Amarelo,1Kg,Frutas,CEAGESP São Paulo(SP),SP,3.49,2026-07-22
Melão Amarelo,1Kg,Frutas,CEASA-MA São Luís(MA),MA,4.75,2026-07-22
Melão Amarelo,1Kg,Frutas,CEAGESP São José dos Campos(SP),SP,5.77,2026-07-22
Melão Amarelo,1Kg,Frutas,CEASA-PR Cascavel(PR),PR,5.0,2026-07-22
Morango,1Kg,Frutas,CEASA-MT Cuiabá(MT),MT,40.0,2026-07-22
Morango,1Kg,Frutas,CEASA-PE Recife(PE),PE,40.0,2026-07-22
Morango,1Kg,Frutas,CEASA-PE Caruaru(PE),PE,45.0,2026-07-22
Morango,1Kg,Frutas,CEASA-RS Caxias do Sul(RS),RS,8.33,2026-07-22
Morango,1Kg,Frutas,CEASA-CE Fortaleza(CE),CE,47.0,2026-07-22
Morango,1Kg,Frutas,CEASA-PR Curitiba(PR),PR,23.33,2026-07-22
Morango,1Kg,Frutas,CEASA-ES Vitória(ES),ES,17.75,2026-07-22
Morango,1Kg,Frutas,CEASA-RN Natal(RN),RN,42.0,2026-07-22
Morango,1Kg,Frutas,CEASA-BA Salvador(BA),BA,30.0,2026-07-22
Morango,1Kg,Frutas,CEASAMINAS Belo Horizonte(MG),MG,23.33,2026-07-22
Morango,1Kg,Frutas,CEASA-RJ Rio de Janeiro(RJ),RJ,16.67,2026-07-22
Morango,1Kg,Frutas,CEASA-PR Foz do Iguaçu(PR),PR,42.0,2026-07-22
Morango,1Kg,Frutas,CEASA-AL Maceió(AL),AL,25.0,2026-07-22
Morango,1Kg,Frutas,AMA-BA Juazeiro(BA),BA,35.0,2026-07-22
Morango,1Kg,Frutas,CEAGESP São Paulo(SP),SP,35.56,2026-07-22
Morango,1Kg,Frutas,CEASA-MA São Luís(MA),MA,59.7,2026-07-22
Morango,1Kg,Frutas,CEAGESP São José dos Campos(SP),SP,16.0,2026-07-22
Morango,1Kg,Frutas,CEASA-PR Cascavel(PR),PR,36.65,2026-07-22
Pêra Estrangeira,1Kg,Frutas,CEASA-PE Recife(PE),PE,8.5,2026-07-22
Pêra Estrangeira,1Kg,Frutas,CEASA-PE Caruaru(PE),PE,12.0,2026-07-22
Pêra Estrangeira,1Kg,Frutas,CEASA-RS Caxias do Sul(RS),RS,8.01,2026-07-22
Pêra Estrangeira,1Kg,Frutas,CEASA-CE Fortaleza(CE),CE,13.9,2026-07-22
Pêra Estrangeira,1Kg,Frutas,CEASA-PR Curitiba(PR),PR,8.33,2026-07-22
Pêra Estrangeira,1Kg,Frutas,CEASA-ES Vitória(ES),ES,10.1,2026-07-22
Pêra Estrangeira,1Kg,Frutas,CEASA-RN Natal(RN),RN,10.0,2026-07-22
Pêra Estrangeira,1Kg,Frutas,CEASA-BA Salvador(BA),BA,10.0,2026-07-22
Pêra Estrangeira,1Kg,Frutas,CEASAMINAS Belo Horizonte(MG),MG,8.0,2026-07-22
Pêra Estrangeira,1Kg,Frutas,CEASA-RJ Rio de Janeiro(RJ),RJ,14.5,2026-07-22
Pêra Estrangeira,1Kg,Frutas,CEASA-PR Foz do Iguaçu(PR),PR,7.78,2026-07-22
Pêra Estrangeira,1Kg,Frutas,CEASA-AL Maceió(AL),AL,9.75,2026-07-22
Pêra Estrangeira,1Kg,Frutas,AMA-BA Juazeiro(BA),BA,9.17,2026-07-22
Pêra Estrangeira,1Kg,Frutas,CEAGESP São Paulo(SP),SP,8.2,2026-07-22
Pêra Estrangeira,1Kg,Frutas,CEASA-MA São Luís(MA),MA,17.45,2026-07-22
Pêra Estrangeira,1Kg,Frutas,CEAGESP São José dos Campos(SP),SP,10.56,2026-07-22
Pêra Estrangeira,1Kg,Frutas,CEASA-PR Cascavel(PR),PR,8.8,2026-07-22
Tangerina,1Kg,Frutas,CEASA-MT Cuiabá(MT),MT,3.5,2026-07-22
Tangerina,1Kg,Frutas,CEASA-PE Recife(PE),PE,2.8,2026-07-22
Tangerina,1Kg,Frutas,CEASA-PE Caruaru(PE),PE,9.0,2026-07-22
Tangerina,1Kg,Frutas,CEASA-RS Caxias do Sul(RS),RS,2.08,2026-07-22
Tangerina,1Kg,Frutas,CEASA-CE Fortaleza(CE),CE,6.75,2026-07-22
Tangerina,1Kg,Frutas,CEASA-PR Curitiba(PR),PR,2.0,2026-07-22
Tangerina,1Kg,Frutas,CEASA-ES Vitória(ES),ES,2.59,2026-07-22
Tangerina,1Kg,Frutas,CEASA-RN Natal(RN),RN,3.5,2026-07-22
Tangerina,1Kg,Frutas,CEASA-BA Salvador(BA),BA,2.8,2026-07-22
Tangerina,1Kg,Frutas,CEASAMINAS Belo Horizonte(MG),MG,2.77,2026-07-22
Tangerina,1Kg,Frutas,CEASA-RJ Rio de Janeiro(RJ),RJ,5.0,2026-07-22
Tangerina,1Kg,Frutas,CEASA-PR Foz do Iguaçu(PR),PR,2.0,2026-07-22
Tangerina,1Kg,Frutas,CEASA-AL Maceió(AL),AL,3.33,2026-07-22
Tangerina,1Kg,Frutas,AMA-BA Juazeiro(BA),BA,5.56,2026-07-22
Tangerina,1Kg,Frutas,CEAGESP São Paulo(SP),SP,2.25,2026-07-22
Tangerina,1Kg,Frutas,CEASA-MA São Luís(MA),MA,4.38,2026-07-22
Tangerina,1Kg,Frutas,CEAGESP São José dos Campos(SP),SP,3.2,2026-07-22
Tangerina,1Kg,Frutas,CEASA-PR Cascavel(PR),PR,4.2,2026-07-22
Uva Itália,1Kg,Frutas,CEASA-PE Recife(PE),PE,5.56,2026-07-22
Uva Itália,1Kg,Frutas,CEASA-PE Caruaru(PE),PE,12.0,2026-07-22
Uva Itália,1Kg,Frutas,CEASA-RS Caxias do Sul(RS),RS,11.88,2026-07-22
Uva Itália,1Kg,Frutas,CEASA-CE Fortaleza(CE),CE,8.0,2026-07-22
Uva Itália,1Kg,Frutas,CEASA-PR Curitiba(PR),PR,10.63,2026-07-22
Uva Itália,1Kg,Frutas,CEASA-ES Vitória(ES),ES,13.75,2026-07-22
Uva Itália,1Kg,Frutas,CEASA-RN Natal(RN),RN,8.5,2026-07-22
Uva Itália,1Kg,Frutas,CEASA-BA Salvador(BA),BA,7.0,2026-07-22
Uva Itália,1Kg,Frutas,CEASAMINAS Belo Horizonte(MG),MG,13.75,2026-07-22
Uva Itália,1Kg,Frutas,CEASA-RJ Rio de Janeiro(RJ),RJ,10.0,2026-07-22
Uva Itália,1Kg,Frutas,CEASA-PR Foz do Iguaçu(PR),PR,11.0,2026-07-22
Uva Itália,1Kg,Frutas,CEASA-AL Maceió(AL),AL,5.45,2026-07-22
Uva Itália,1Kg,Frutas,AMA-BA Juazeiro(BA),BA,7.0,2026-07-22
Uva Itália,1Kg,Frutas,CEAGESP São Paulo(SP),SP,10.06,2026-07-22
Uva Itália,1Kg,Frutas,CEASA-MA São Luís(MA),MA,20.96,2026-07-22
Uva Itália,1Kg,Frutas,CEAGESP São José dos Campos(SP),SP,10.4,2026-07-22
Uva Itália,1Kg,Frutas,CEASA-PR Cascavel(PR),PR,11.0,2026-07-22
Uva Niagara,1Kg,Frutas,CEASA-MT Cuiabá(MT),MT,18.0,2026-07-22
Uva Niagara,1Kg,Frutas,CEASA-RS Caxias do Sul(RS),RS,8.0,2026-07-22
Uva Niagara,1Kg,Frutas,CEASA-PR Curitiba(PR),PR,10.0,2026-07-22
Uva Niagara,1Kg,Frutas,CEASA-ES Vitória(ES),ES,15.0,2026-07-22
Uva Niagara,1Kg,Frutas,CEASAMINAS Belo Horizonte(MG),MG,8.0,2026-07-22
Uva Niagara,1Kg,Frutas,CEASA-RJ Rio de Janeiro(RJ),RJ,8.0,2026-07-22
Uva Niagara,1Kg,Frutas,CEASA-PR Foz do Iguaçu(PR),PR,12.0,2026-07-22
Uva Niagara,1Kg,Frutas,CEAGESP São Paulo(SP),SP,10.25,2026-07-22
Uva Niagara,1Kg,Frutas,CEAGESP São José dos Campos(SP),SP,12.0,2026-07-22
Uva Niagara,1Kg,Frutas,CEASA-PR Cascavel(PR),PR,12.0,2026-07-22
Uva Rubi,1Kg,Frutas,CEASA-RS Caxias do Sul(RS),RS,11.88,2026-07-22
Uva Rubi,1Kg,Frutas,CEASA-PR Curitiba(PR),PR,10.63,2026-07-22
Uva Rubi,1Kg,Frutas,CEASA-RN Natal(RN),RN,11.0,2026-07-22
Uva Rubi,1Kg,Frutas,CEASA-RJ Rio de Janeiro(RJ),RJ,10.0,2026-07-22
Uva Rubi,1Kg,Frutas,CEASA-PR Foz do Iguaçu(PR),PR,11.0,2026-07-22
Uva Rubi,1Kg,Frutas,CEASA-AL Maceió(AL),AL,6.5,2026-07-22
Uva Rubi,1Kg,Frutas,CEAGESP São José dos Campos(SP),SP,10.4,2026-07-22
Abacate,1Kg,Frutas,CEAGESP Ribeirão Preto(SP),SP,2.0,2026-07-21
Abacate,1Kg,Frutas,CEASA-MT Cuiabá(MT),MT,5.56,2026-07-21
Abacate,1Kg,Frutas,CEASA-SC Florianópolis(SC),SC,4.0,2026-07-21
Abacate,1Kg,Frutas,CEASA-PE Recife(PE),PE,5.0,2026-07-21
Abacate,1Kg,Frutas,CEASA-MS Campo Grande(MS),MS,4.25,2026-07-21
Abacate,1Kg,Frutas,CEASA-CE Fortaleza(CE),CE,5.25,2026-07-21
Abacate,1Kg,Frutas,CEASA-PR Curitiba(PR),PR,3.75,2026-07-21
Abacate,1Kg,Frutas,CEASA-ES Vitória(ES),ES,2.33,2026-07-21
Abacate,1Kg,Frutas,CEASA-MA São Luís(MA),MA,8.43,2026-07-21
Abacate,1Kg,Frutas,CEASA-PB Patos(PB),PB,4.36,2026-07-21
Abacate,1Kg,Frutas,CEASA-RJ Rio de Janeiro(RJ),RJ,3.33,2026-07-21
Abacate,1Kg,Frutas,CEAGESP Franca(SP),SP,3.0,2026-07-21
Abacate,1Kg,Frutas,CEASA-CE Tianguá(CE),CE,4.6,2026-07-21
Abacate,1Kg,Frutas,CEASA-AL Maceió(AL),AL,6.6,2026-07-21
Abacate,1Kg,Frutas,AMA-BA Juazeiro(BA),BA,3.65,2026-07-21
Abacate,1Kg,Frutas,CEASAMINAS Barbacena(MG),MG,3.33,2026-07-21
Abacate,1Kg,Frutas,CEASA-PR Cascavel(PR),PR,3.0,2026-07-21
Abacaxi,1Un,Frutas,CEAGESP Ribeirão Preto(SP),SP,6.33,2026-07-21
Abacaxi,1Un,Frutas,CEASA-MT Cuiabá(MT),MT,7.5,2026-07-21
Abacaxi,1Un,Frutas,CEASA-SC Florianópolis(SC),SC,8.0,2026-07-21
Abacaxi,1Un,Frutas,CEASA-PE Recife(PE),PE,3.5,2026-07-21
Abacaxi,1Un,Frutas,CEASA-MS Campo Grande(MS),MS,8.35,2026-07-21
Abacaxi,1Un,Frutas,CEASA-CE Fortaleza(CE),CE,5.65,2026-07-21
Abacaxi,1Un,Frutas,CEASA-PR Curitiba(PR),PR,7.5,2026-07-21
Abacaxi,1Un,Frutas,CEASA-ES Vitória(ES),ES,7.0,2026-07-21
Abacaxi,1Un,Frutas,CEASA-MA São Luís(MA),MA,9.75,2026-07-21
Abacaxi,1Un,Frutas,CEASA-PB Patos(PB),PB,5.0,2026-07-21
Abacaxi,1Un,Frutas,CEASA-RJ Rio de Janeiro(RJ),RJ,5.0,2026-07-21
Abacaxi,1Un,Frutas,CEAGESP Franca(SP),SP,7.0,2026-07-21
Abacaxi,1Un,Frutas,CEASA-CE Tianguá(CE),CE,6.0,2026-07-21
Abacaxi,1Un,Frutas,CEASA-AL Maceió(AL),AL,4.0,2026-07-21
Abacaxi,1Un,Frutas,AMA-BA Juazeiro(BA),BA,7.0,2026-07-21
Abacaxi,1Un,Frutas,CEASAMINAS Barbacena(MG),MG,7.0,2026-07-21
Abacaxi,1Un,Frutas,CEASA-PR Cascavel(PR),PR,10.0,2026-07-21
Banana Nanica,1Kg,Frutas,CEAGESP Ribeirão Preto(SP),SP,3.07,2026-07-21
Banana Nanica,1Kg,Frutas,CEASA-MT Cuiabá(MT),MT,3.16,2026-07-21
Banana Nanica,1Kg,Frutas,CEASA-SC Florianópolis(SC),SC,2.75,2026-07-21
Banana Nanica,1Kg,Frutas,CEASA-MS Campo Grande(MS),MS,4.13,2026-07-21
Banana Nanica,1Kg,Frutas,CEASA-CE Fortaleza(CE),CE,4.4,2026-07-21
Banana Nanica,1Kg,Frutas,CEASA-PR Curitiba(PR),PR,2.5,2026-07-21
Banana Nanica,1Kg,Frutas,CEASA-ES Vitória(ES),ES,3.69,2026-07-21
Banana Nanica,1Kg,Frutas,CEASA-MA São Luís(MA),MA,4.97,2026-07-21
Banana Nanica,1Kg,Frutas,CEASA-PB Patos(PB),PB,2.97,2026-07-21
Banana Nanica,1Kg,Frutas,CEASA-RJ Rio de Janeiro(RJ),RJ,3.25,2026-07-21
Banana Nanica,1Kg,Frutas,CEAGESP Franca(SP),SP,3.99,2026-07-21
Banana Nanica,1Kg,Frutas,CEASA-CE Tianguá(CE),CE,4.38,2026-07-21
Banana Nanica,1Kg,Frutas,AMA-BA Juazeiro(BA),BA,2.5,2026-07-21
Banana Nanica,1Kg,Frutas,CEASAMINAS Barbacena(MG),MG,2.5,2026-07-21
Banana Nanica,1Kg,Frutas,CEASA-PR Cascavel(PR),PR,3.5,2026-07-21
Banana Prata,1Kg,Frutas,CEAGESP Ribeirão Preto(SP),SP,4.76,2026-07-21
Banana Prata,1Kg,Frutas,CEASA-MT Cuiabá(MT),MT,5.79,2026-07-21
Banana Prata,1Kg,Frutas,CEASA-SC Florianópolis(SC),SC,3.75,2026-07-21
Banana Prata,1Kg,Frutas,CEASA-PE Recife(PE),PE,2.27,2026-07-21
Banana Prata,1Kg,Frutas,CEASA-MS Campo Grande(MS),MS,7.4,2026-07-21
Banana Prata,1Kg,Frutas,CEASA-CE Fortaleza(CE),CE,4.0,2026-07-21
Banana Prata,1Kg,Frutas,CEASA-PR Curitiba(PR),PR,4.0,2026-07-21
Banana Prata,1Kg,Frutas,CEASA-ES Vitória(ES),ES,5.0,2026-07-21
Banana Prata,1Kg,Frutas,CEASA-MA São Luís(MA),MA,5.38,2026-07-21
Banana Prata,1Kg,Frutas,CEASA-PB Patos(PB),PB,3.42,2026-07-21
Banana Prata,1Kg,Frutas,CEASA-RJ Rio de Janeiro(RJ),RJ,2.5,2026-07-21
Banana Prata,1Kg,Frutas,CEAGESP Franca(SP),SP,4.5,2026-07-21
Banana Prata,1Kg,Frutas,CEASA-CE Tianguá(CE),CE,3.0,2026-07-21
Banana Prata,1Kg,Frutas,CEASA-AL Maceió(AL),AL,4.3,2026-07-21
Banana Prata,1Kg,Frutas,AMA-BA Juazeiro(BA),BA,1.92,2026-07-21
Banana Prata,1Kg,Frutas,CEASAMINAS Barbacena(MG),MG,3.88,2026-07-21
Banana Prata,1Kg,Frutas,CEASA-PR Cascavel(PR),PR,6.5,2026-07-21
Coco Verde,1unidade,Frutas,CEAGESP Ribeirão Preto(SP),SP,3.5,2026-07-21
Coco Verde,1unidade,Frutas,CEASA-MT Cuiabá(MT),MT,3.0,2026-07-21
Coco Verde,1unidade,Frutas,CEASA-SC Florianópolis(SC),SC,4.8,2026-07-21
Coco Verde,1unidade,Frutas,CEASA-PE Recife(PE),PE,1.7,2026-07-21
Coco Verde,1unidade,Frutas,CEASA-MS Campo Grande(MS),MS,5.0,2026-07-21
Coco Verde,1unidade,Frutas,CEASA-CE Fortaleza(CE),CE,2.3,2026-07-21
Coco Verde,1unidade,Frutas,CEASA-PR Curitiba(PR),PR,6.0,2026-07-21
Coco Verde,1unidade,Frutas,CEASA-ES Vitória(ES),ES,3.36,2026-07-21
Coco Verde,1unidade,Frutas,CEASA-MA São Luís(MA),MA,3.6,2026-07-21
Coco Verde,1unidade,Frutas,CEASA-PB Patos(PB),PB,0.69,2026-07-21
Coco Verde,1unidade,Frutas,CEASA-RJ Rio de Janeiro(RJ),RJ,3.2,2026-07-21
Coco Verde,1unidade,Frutas,CEAGESP Franca(SP),SP,3.9,2026-07-21
Coco Verde,1unidade,Frutas,CEASA-CE Tianguá(CE),CE,1.89,2026-07-21
Coco Verde,1unidade,Frutas,CEASA-AL Maceió(AL),AL,2.0,2026-07-21
Coco Verde,1unidade,Frutas,AMA-BA Juazeiro(BA),BA,1.0,2026-07-21
Coco Verde,1unidade,Frutas,CEASAMINAS Barbacena(MG),MG,4.0,2026-07-21
Coco Verde,1unidade,Frutas,CEASA-PR Cascavel(PR),PR,6.0,2026-07-21
Goiaba,1Kg,Frutas,CEAGESP Ribeirão Preto(SP),SP,7.89,2026-07-21
Goiaba,1Kg,Frutas,CEASA-SC Florianópolis(SC),SC,6.0,2026-07-21
Goiaba,1Kg,Frutas,CEASA-PE Recife(PE),PE,1.8,2026-07-21
Goiaba,1Kg,Frutas,CEASA-MS Campo Grande(MS),MS,5.0,2026-07-21
Goiaba,1Kg,Frutas,CEASA-CE Fortaleza(CE),CE,2.8,2026-07-21
Goiaba,1Kg,Frutas,CEASA-PR Curitiba(PR),PR,5.63,2026-07-21
Goiaba,1Kg,Frutas,CEASA-ES Vitória(ES),ES,4.08,2026-07-21
Goiaba,1Kg,Frutas,CEASA-MA São Luís(MA),MA,7.13,2026-07-21
Goiaba,1Kg,Frutas,CEASA-PB Patos(PB),PB,2.62,2026-07-21
Goiaba,1Kg,Frutas,CEASA-RJ Rio de Janeiro(RJ),RJ,8.0,2026-07-21
Goiaba,1Kg,Frutas,CEAGESP Franca(SP),SP,4.5,2026-07-21
Goiaba,1Kg,Frutas,CEASA-CE Tianguá(CE),CE,4.0,2026-07-21
Goiaba,1Kg,Frutas,CEASA-AL Maceió(AL),AL,2.84,2026-07-21
Goiaba,1Kg,Frutas,AMA-BA Juazeiro(BA),BA,1.75,2026-07-21
Goiaba,1Kg,Frutas,CEASAMINAS Barbacena(MG),MG,4.0,2026-07-21
Goiaba,1Kg,Frutas,CEASA-PR Cascavel(PR),PR,5.8,2026-07-21
Laranja Pêra,1Kg,Frutas,CEAGESP Ribeirão Preto(SP),SP,2.9,2026-07-21
Laranja Pêra,1Kg,Frutas,CEASA-MT Cuiabá(MT),MT,2.0,2026-07-21
Laranja Pêra,1Kg,Frutas,CEASA-SC Florianópolis(SC),SC,2.5,2026-07-21
Laranja Pêra,1Kg,Frutas,CEASA-PE Recife(PE),PE,1.75,2026-07-21
Laranja Pêra,1Kg,Frutas,CEASA-MS Campo Grande(MS),MS,2.0,2026-07-21
Laranja Pêra,1Kg,Frutas,CEASA-CE Fortaleza(CE),CE,2.5,2026-07-21
Laranja Pêra,1Kg,Frutas,CEASA-PR Curitiba(PR),PR,2.5,2026-07-21
Laranja Pêra,1Kg,Frutas,CEASA-ES Vitória(ES),ES,1.63,2026-07-21
Laranja Pêra,1Kg,Frutas,CEASA-MA São Luís(MA),MA,2.88,2026-07-21
Laranja Pêra,1Kg,Frutas,CEASA-PB Patos(PB),PB,2.15,2026-07-21
Laranja Pêra,1Kg,Frutas,CEASA-RJ Rio de Janeiro(RJ),RJ,2.5,2026-07-21
Laranja Pêra,1Kg,Frutas,CEAGESP Franca(SP),SP,2.8,2026-07-21
Laranja Pêra,1Kg,Frutas,CEASA-CE Tianguá(CE),CE,1.75,2026-07-21
Laranja Pêra,1Kg,Frutas,CEASA-AL Maceió(AL),AL,1.66,2026-07-21
Laranja Pêra,1Kg,Frutas,AMA-BA Juazeiro(BA),BA,0.75,2026-07-21
Laranja Pêra,1Kg,Frutas,CEASAMINAS Barbacena(MG),MG,2.2,2026-07-21
Laranja Pêra,1Kg,Frutas,CEASA-PR Cascavel(PR),PR,2.7,2026-07-21
Limão Taiti,1Kg,Frutas,CEAGESP Ribeirão Preto(SP),SP,2.01,2026-07-21
Limão Taiti,1Kg,Frutas,CEASA-MT Cuiabá(MT),MT,4.0,2026-07-21
Limão Taiti,1Kg,Frutas,CEASA-SC Florianópolis(SC),SC,3.5,2026-07-21
Limão Taiti,1Kg,Frutas,CEASA-PE Recife(PE),PE,1.85,2026-07-21
Limão Taiti,1Kg,Frutas,CEASA-MS Campo Grande(MS),MS,2.6,2026-07-21
Limão Taiti,1Kg,Frutas,CEASA-CE Fortaleza(CE),CE,6.0,2026-07-21
Limão Taiti,1Kg,Frutas,CEASA-PR Curitiba(PR),PR,3.91,2026-07-21
Limão Taiti,1Kg,Frutas,CEASA-ES Vitória(ES),ES,4.53,2026-07-21
Limão Taiti,1Kg,Frutas,CEASA-MA São Luís(MA),MA,5.0,2026-07-21
Limão Taiti,1Kg,Frutas,CEASA-PB Patos(PB),PB,3.58,2026-07-21
Limão Taiti,1Kg,Frutas,CEASA-RJ Rio de Janeiro(RJ),RJ,3.25,2026-07-21
Limão Taiti,1Kg,Frutas,CEAGESP Franca(SP),SP,2.3,2026-07-21
Limão Taiti,1Kg,Frutas,CEASA-CE Tianguá(CE),CE,1.6,2026-07-21
Limão Taiti,1Kg,Frutas,CEASA-AL Maceió(AL),AL,2.5,2026-07-21
Limão Taiti,1Kg,Frutas,AMA-BA Juazeiro(BA),BA,2.25,2026-07-21
Limão Taiti,1Kg,Frutas,CEASAMINAS Barbacena(MG),MG,3.75,2026-07-21
Limão Taiti,1Kg,Frutas,CEASA-PR Cascavel(PR),PR,4.0,2026-07-21
Maçã Nacional,1Kg,Frutas,CEAGESP Ribeirão Preto(SP),SP,9.39,2026-07-21
Maçã Nacional,1Kg,Frutas,CEASA-MT Cuiabá(MT),MT,8.33,2026-07-21
Maçã Nacional,1Kg,Frutas,CEASA-SC Florianópolis(SC),SC,5.56,2026-07-21
Maçã Nacional,1Kg,Frutas,CEASA-PE Recife(PE),PE,6.67,2026-07-21
Maçã Nacional,1Kg,Frutas,CEASA-MS Campo Grande(MS),MS,6.1,2026-07-21
Maçã Nacional,1Kg,Frutas,CEASA-CE Fortaleza(CE),CE,10.4,2026-07-21
Maçã Nacional,1Kg,Frutas,CEASA-PR Curitiba(PR),PR,6.67,2026-07-21
Maçã Nacional,1Kg,Frutas,CEASA-ES Vitória(ES),ES,5.05,2026-07-21
Maçã Nacional,1Kg,Frutas,CEASA-MA São Luís(MA),MA,10.58,2026-07-21
Maçã Nacional,1Kg,Frutas,CEASA-PB Patos(PB),PB,7.22,2026-07-21
Maçã Nacional,1Kg,Frutas,CEASA-RJ Rio de Janeiro(RJ),RJ,6.67,2026-07-21
Maçã Nacional,1Kg,Frutas,CEAGESP Franca(SP),SP,9.5,2026-07-21
Maçã Nacional,1Kg,Frutas,CEASA-CE Tianguá(CE),CE,7.22,2026-07-21
Maçã Nacional,1Kg,Frutas,CEASA-AL Maceió(AL),AL,10.6,2026-07-21
Maçã Nacional,1Kg,Frutas,AMA-BA Juazeiro(BA),BA,5.42,2026-07-21
Maçã Nacional,1Kg,Frutas,CEASAMINAS Barbacena(MG),MG,5.56,2026-07-21
Maçã Nacional,1Kg,Frutas,CEASA-PR Cascavel(PR),PR,6.0,2026-07-21
Mamão Formosa,1Kg,Frutas,CEAGESP Ribeirão Preto(SP),SP,3.53,2026-07-21
Mamão Formosa,1Kg,Frutas,CEASA-MT Cuiabá(MT),MT,3.95,2026-07-21
Mamão Formosa,1Kg,Frutas,CEASA-SC Florianópolis(SC),SC,6.0,2026-07-21
Mamão Formosa,1Kg,Frutas,CEASA-PE Recife(PE),PE,3.5,2026-07-21
Mamão Formosa,1Kg,Frutas,CEASA-MS Campo Grande(MS),MS,4.25,2026-07-21
Mamão Formosa,1Kg,Frutas,CEASA-CE Fortaleza(CE),CE,4.0,2026-07-21
Mamão Formosa,1Kg,Frutas,CEASA-PR Curitiba(PR),PR,5.0,2026-07-21
Mamão Formosa,1Kg,Frutas,CEASA-ES Vitória(ES),ES,4.46,2026-07-21
Mamão Formosa,1Kg,Frutas,CEASA-MA São Luís(MA),MA,5.24,2026-07-21
Mamão Formosa,1Kg,Frutas,CEASA-PB Patos(PB),PB,2.08,2026-07-21
Mamão Formosa,1Kg,Frutas,CEASA-RJ Rio de Janeiro(RJ),RJ,7.0,2026-07-21
Mamão Formosa,1Kg,Frutas,CEAGESP Franca(SP),SP,4.0,2026-07-21
Mamão Formosa,1Kg,Frutas,CEASA-CE Tianguá(CE),CE,2.05,2026-07-21
Mamão Formosa,1Kg,Frutas,CEASA-AL Maceió(AL),AL,2.0,2026-07-21
Mamão Formosa,1Kg,Frutas,AMA-BA Juazeiro(BA),BA,1.75,2026-07-21
Mamão Formosa,1Kg,Frutas,CEASAMINAS Barbacena(MG),MG,3.33,2026-07-21
Mamão Formosa,1Kg,Frutas,CEASA-PR Cascavel(PR),PR,9.0,2026-07-21
Mamão Havaí,1Kg,Frutas,CEAGESP Ribeirão Preto(SP),SP,7.43,2026-07-21
Mamão Havaí,1Kg,Frutas,CEASA-MT Cuiabá(MT),MT,11.0,2026-07-21
Mamão Havaí,1Kg,Frutas,CEASA-SC Florianópolis(SC),SC,14.44,2026-07-21
Mamão Havaí,1Kg,Frutas,CEASA-PE Recife(PE),PE,5.0,2026-07-21
Mamão Havaí,1Kg,Frutas,CEASA-MS Campo Grande(MS),MS,12.0,2026-07-21
Mamão Havaí,1Kg,Frutas,CEASA-CE Fortaleza(CE),CE,7.0,2026-07-21
Mamão Havaí,1Kg,Frutas,CEASA-PR Curitiba(PR),PR,12.5,2026-07-21
Mamão Havaí,1Kg,Frutas,CEASA-ES Vitória(ES),ES,6.17,2026-07-21
Mamão Havaí,1Kg,Frutas,CEASA-MA São Luís(MA),MA,9.5,2026-07-21
Mamão Havaí,1Kg,Frutas,CEASA-PB Patos(PB),PB,6.08,2026-07-21
Mamão Havaí,1Kg,Frutas,CEASA-RJ Rio de Janeiro(RJ),RJ,11.0,2026-07-21
Mamão Havaí,1Kg,Frutas,CEAGESP Franca(SP),SP,8.0,2026-07-21
Mamão Havaí,1Kg,Frutas,CEASA-CE Tianguá(CE),CE,3.86,2026-07-21
Mamão Havaí,1Kg,Frutas,CEASA-AL Maceió(AL),AL,3.5,2026-07-21
Mamão Havaí,1Kg,Frutas,AMA-BA Juazeiro(BA),BA,4.55,2026-07-21
Mamão Havaí,1Kg,Frutas,CEASAMINAS Barbacena(MG),MG,10.0,2026-07-21
Mamão Havaí,1Kg,Frutas,CEASA-PR Cascavel(PR),PR,16.0,2026-07-21
Manga,1Kg,Frutas,CEAGESP Ribeirão Preto(SP),SP,7.08,2026-07-21
Manga,1Kg,Frutas,CEASA-MT Cuiabá(MT),MT,7.37,2026-07-21
Manga,1Kg,Frutas,CEASA-SC Florianópolis(SC),SC,6.0,2026-07-21
Manga,1Kg,Frutas,CEASA-PE Recife(PE),PE,5.2,2026-07-21
Manga,1Kg,Frutas,CEASA-MS Campo Grande(MS),MS,10.8,2026-07-21
Manga,1Kg,Frutas,CEASA-CE Fortaleza(CE),CE,5.4,2026-07-21
Manga,1Kg,Frutas,CEASA-PR Curitiba(PR),PR,7.5,2026-07-21
Manga,1Kg,Frutas,CEASA-ES Vitória(ES),ES,7.43,2026-07-21
Manga,1Kg,Frutas,CEASA-MA São Luís(MA),MA,11.35,2026-07-21
Manga,1Kg,Frutas,CEASA-PB Patos(PB),PB,2.56,2026-07-21
Manga,1Kg,Frutas,CEASA-RJ Rio de Janeiro(RJ),RJ,6.67,2026-07-21
Manga,1Kg,Frutas,CEAGESP Franca(SP),SP,6.5,2026-07-21
Manga,1Kg,Frutas,CEASA-CE Tianguá(CE),CE,6.0,2026-07-21
Manga,1Kg,Frutas,CEASA-AL Maceió(AL),AL,2.4,2026-07-21
Manga,1Kg,Frutas,AMA-BA Juazeiro(BA),BA,4.04,2026-07-21
Manga,1Kg,Frutas,CEASAMINAS Barbacena(MG),MG,5.5,2026-07-21
Manga,1Kg,Frutas,CEASA-PR Cascavel(PR),PR,10.0,2026-07-21
Maracujá Azedo,1Kg,Frutas,CEAGESP Ribeirão Preto(SP),SP,7.24,2026-07-21
Maracujá Azedo,1Kg,Frutas,CEASA-MT Cuiabá(MT),MT,10.0,2026-07-21
Maracujá Azedo,1Kg,Frutas,CEASA-SC Florianópolis(SC),SC,7.27,2026-07-21
Maracujá Azedo,1Kg,Frutas,CEASA-PE Recife(PE),PE,4.7,2026-07-21
Maracujá Azedo,1Kg,Frutas,CEASA-MS Campo Grande(MS),MS,8.2,2026-07-21
Maracujá Azedo,1Kg,Frutas,CEASA-CE Fortaleza(CE),CE,5.95,2026-07-21
Maracujá Azedo,1Kg,Frutas,CEASA-PR Curitiba(PR),PR,9.09,2026-07-21
Maracujá Azedo,1Kg,Frutas,CEASA-ES Vitória(ES),ES,7.0,2026-07-21
Maracujá Azedo,1Kg,Frutas,CEASA-MA São Luís(MA),MA,9.34,2026-07-21
Maracujá Azedo,1Kg,Frutas,CEASA-PB Patos(PB),PB,3.97,2026-07-21
Maracujá Azedo,1Kg,Frutas,CEASA-RJ Rio de Janeiro(RJ),RJ,6.5,2026-07-21
Maracujá Azedo,1Kg,Frutas,CEAGESP Franca(SP),SP,8.5,2026-07-21
Maracujá Azedo,1Kg,Frutas,CEASA-CE Tianguá(CE),CE,5.63,2026-07-21
Maracujá Azedo,1Kg,Frutas,CEASA-AL Maceió(AL),AL,5.33,2026-07-21
Maracujá Azedo,1Kg,Frutas,AMA-BA Juazeiro(BA),BA,3.91,2026-07-21
Maracujá Azedo,1Kg,Frutas,CEASAMINAS Barbacena(MG),MG,9.16,2026-07-21
Maracujá Azedo,1Kg,Frutas,CEASA-PR Cascavel(PR),PR,13.0,2026-07-21
Melancia,1Kg,Frutas,CEAGESP Ribeirão Preto(SP),SP,2.72,2026-07-21
Melancia,1Kg,Frutas,CEASA-MT Cuiabá(MT),MT,3.0,2026-07-21
Melancia,1Kg,Frutas,CEASA-SC Florianópolis(SC),SC,3.5,2026-07-21
Melancia,1Kg,Frutas,CEASA-PE Recife(PE),PE,2.2,2026-07-21
Melancia,1Kg,Frutas,CEASA-MS Campo Grande(MS),MS,3.5,2026-07-21
Melancia,1Kg,Frutas,CEASA-CE Fortaleza(CE),CE,2.5,2026-07-21
Melancia,1Kg,Frutas,CEASA-PR Curitiba(PR),PR,3.5,2026-07-21
Melancia,1Kg,Frutas,CEASA-ES Vitória(ES),ES,3.5,2026-07-21
Melancia,1Kg,Frutas,CEASA-MA São Luís(MA),MA,3.97,2026-07-21
Melancia,1Kg,Frutas,CEASA-PB Patos(PB),PB,1.77,2026-07-21
Melancia,1Kg,Frutas,CEASA-RJ Rio de Janeiro(RJ),RJ,3.2,2026-07-21
Melancia,1Kg,Frutas,CEAGESP Franca(SP),SP,2.1,2026-07-21
Melancia,1Kg,Frutas,CEASA-CE Tianguá(CE),CE,2.0,2026-07-21
Melancia,1Kg,Frutas,CEASA-AL Maceió(AL),AL,1.39,2026-07-21
Melancia,1Kg,Frutas,AMA-BA Juazeiro(BA),BA,1.7,2026-07-21
Melancia,1Kg,Frutas,CEASAMINAS Barbacena(MG),MG,3.8,2026-07-21
Melancia,1Kg,Frutas,CEASA-PR Cascavel(PR),PR,4.0,2026-07-21
Melão Amarelo,1Kg,Frutas,CEAGESP Ribeirão Preto(SP),SP,10.0,2026-07-21
Melão Amarelo,1Kg,Frutas,CEASA-MT Cuiabá(MT),MT,4.44,2026-07-21
Melão Amarelo,1Kg,Frutas,CEASA-SC Florianópolis(SC),SC,5.38,2026-07-21
Melão Amarelo,1Kg,Frutas,CEASA-PE Recife(PE),PE,2.5,2026-07-21
Melão Amarelo,1Kg,Frutas,CEASA-MS Campo Grande(MS),MS,5.4,2026-07-21
Melão Amarelo,1Kg,Frutas,CEASA-CE Fortaleza(CE),CE,4.0,2026-07-21
Melão Amarelo,1Kg,Frutas,CEASA-PR Curitiba(PR),PR,5.38,2026-07-21
Melão Amarelo,1Kg,Frutas,CEASA-ES Vitória(ES),ES,7.01,2026-07-21
Melão Amarelo,1Kg,Frutas,CEASA-MA São Luís(MA),MA,4.75,2026-07-21
Melão Amarelo,1Kg,Frutas,CEASA-PB Patos(PB),PB,2.58,2026-07-21
Melão Amarelo,1Kg,Frutas,CEASA-RJ Rio de Janeiro(RJ),RJ,3.85,2026-07-21
Melão Amarelo,1Kg,Frutas,CEAGESP Franca(SP),SP,6.15,2026-07-21
Melão Amarelo,1Kg,Frutas,CEASA-CE Tianguá(CE),CE,3.18,2026-07-21
Melão Amarelo,1Kg,Frutas,CEASA-AL Maceió(AL),AL,3.5,2026-07-21
Melão Amarelo,1Kg,Frutas,AMA-BA Juazeiro(BA),BA,1.9,2026-07-21
Melão Amarelo,1Kg,Frutas,CEASAMINAS Barbacena(MG),MG,5.77,2026-07-21
Melão Amarelo,1Kg,Frutas,CEASA-PR Cascavel(PR),PR,5.2,2026-07-21
Morango,1Kg,Frutas,CEAGESP Ribeirão Preto(SP),SP,40.0,2026-07-21
Morango,1Kg,Frutas,CEASA-MT Cuiabá(MT),MT,40.0,2026-07-21
Morango,1Kg,Frutas,CEASA-SC Florianópolis(SC),SC,30.0,2026-07-21
Morango,1Kg,Frutas,CEASA-PE Recife(PE),PE,40.0,2026-07-21
Morango,1Kg,Frutas,CEASA-MS Campo Grande(MS),MS,30.0,2026-07-21
Morango,1Kg,Frutas,CEASA-CE Fortaleza(CE),CE,45.0,2026-07-21
Morango,1Kg,Frutas,CEASA-PR Curitiba(PR),PR,23.33,2026-07-21
Morango,1Kg,Frutas,CEASA-ES Vitória(ES),ES,20.83,2026-07-21
Morango,1Kg,Frutas,CEASA-MA São Luís(MA),MA,59.7,2026-07-21
Morango,1Kg,Frutas,CEASA-PB Patos(PB),PB,34.33,2026-07-21
Morango,1Kg,Frutas,CEASA-RJ Rio de Janeiro(RJ),RJ,20.83,2026-07-21
Morango,1Kg,Frutas,CEAGESP Franca(SP),SP,9.5,2026-07-21
Morango,1Kg,Frutas,CEASA-CE Tianguá(CE),CE,45.0,2026-07-21
Morango,1Kg,Frutas,CEASA-AL Maceió(AL),AL,25.0,2026-07-21
Morango,1Kg,Frutas,AMA-BA Juazeiro(BA),BA,38.5,2026-07-21
Morango,1Kg,Frutas,CEASAMINAS Barbacena(MG),MG,13.33,2026-07-21
Morango,1Kg,Frutas,CEASA-PR Cascavel(PR),PR,36.65,2026-07-21
Pêra Estrangeira,1Kg,Frutas,CEAGESP Ribeirão Preto(SP),SP,11.67,2026-07-21
Pêra Estrangeira,1Kg,Frutas,CEASA-SC Florianópolis(SC),SC,9.72,2026-07-21
Pêra Estrangeira,1Kg,Frutas,CEASA-PE Recife(PE),PE,8.5,2026-07-21
Pêra Estrangeira,1Kg,Frutas,CEASA-MS Campo Grande(MS),MS,8.0,2026-07-21
Pêra Estrangeira,1Kg,Frutas,CEASA-CE Fortaleza(CE),CE,13.9,2026-07-21
Pêra Estrangeira,1Kg,Frutas,CEASA-PR Curitiba(PR),PR,8.33,2026-07-21
Pêra Estrangeira,1Kg,Frutas,CEASA-ES Vitória(ES),ES,9.86,2026-07-21
Pêra Estrangeira,1Kg,Frutas,CEASA-MA São Luís(MA),MA,17.45,2026-07-21
Pêra Estrangeira,1Kg,Frutas,CEASA-PB Patos(PB),PB,8.67,2026-07-21
Pêra Estrangeira,1Kg,Frutas,CEASA-RJ Rio de Janeiro(RJ),RJ,14.0,2026-07-21
Pêra Estrangeira,1Kg,Frutas,CEAGESP Franca(SP),SP,11.0,2026-07-21
Pêra Estrangeira,1Kg,Frutas,CEASA-AL Maceió(AL),AL,9.75,2026-07-21
Pêra Estrangeira,1Kg,Frutas,AMA-BA Juazeiro(BA),BA,9.17,2026-07-21
Pêra Estrangeira,1Kg,Frutas,CEASAMINAS Barbacena(MG),MG,7.5,2026-07-21
Pêra Estrangeira,1Kg,Frutas,CEASA-PR Cascavel(PR),PR,8.8,2026-07-21
Tangerina,1Kg,Frutas,CEAGESP Ribeirão Preto(SP),SP,3.16,2026-07-21
Tangerina,1Kg,Frutas,CEASA-MT Cuiabá(MT),MT,3.5,2026-07-21
Tangerina,1Kg,Frutas,CEASA-SC Florianópolis(SC),SC,2.27,2026-07-21
Tangerina,1Kg,Frutas,CEASA-PE Recife(PE),PE,2.8,2026-07-21
Tangerina,1Kg,Frutas,CEASA-MS Campo Grande(MS),MS,2.0,2026-07-21
Tangerina,1Kg,Frutas,CEASA-CE Fortaleza(CE),CE,6.75,2026-07-21
Tangerina,1Kg,Frutas,CEASA-PR Curitiba(PR),PR,2.0,2026-07-21
Tangerina,1Kg,Frutas,CEASA-ES Vitória(ES),ES,2.22,2026-07-21
Tangerina,1Kg,Frutas,CEASA-MA São Luís(MA),MA,4.38,2026-07-21
Tangerina,1Kg,Frutas,CEASA-PB Patos(PB),PB,6.0,2026-07-21
Tangerina,1Kg,Frutas,CEASA-RJ Rio de Janeiro(RJ),RJ,5.0,2026-07-21
Tangerina,1Kg,Frutas,CEAGESP Franca(SP),SP,4.55,2026-07-21
Tangerina,1Kg,Frutas,CEASA-CE Tianguá(CE),CE,4.0,2026-07-21
Tangerina,1Kg,Frutas,CEASA-AL Maceió(AL),AL,3.33,2026-07-21
Tangerina,1Kg,Frutas,AMA-BA Juazeiro(BA),BA,5.56,2026-07-21
Tangerina,1Kg,Frutas,CEASAMINAS Barbacena(MG),MG,2.5,2026-07-21
Tangerina,1Kg,Frutas,CEASA-PR Cascavel(PR),PR,4.2,2026-07-21
Uva Itália,1Kg,Frutas,CEAGESP Ribeirão Preto(SP),SP,14.3,2026-07-21
Uva Itália,1Kg,Frutas,CEASA-SC Florianópolis(SC),SC,10.0,2026-07-21
Uva Itália,1Kg,Frutas,CEASA-PE Recife(PE),PE,6.67,2026-07-21
Uva Itália,1Kg,Frutas,CEASA-MS Campo Grande(MS),MS,11.45,2026-07-21
Uva Itália,1Kg,Frutas,CEASA-CE Fortaleza(CE),CE,8.5,2026-07-21
Uva Itália,1Kg,Frutas,CEASA-PR Curitiba(PR),PR,10.0,2026-07-21
Uva Itália,1Kg,Frutas,CEASA-ES Vitória(ES),ES,13.69,2026-07-21
Uva Itália,1Kg,Frutas,CEASA-MA São Luís(MA),MA,20.96,2026-07-21
Uva Itália,1Kg,Frutas,CEASA-PB Patos(PB),PB,7.92,2026-07-21
Uva Itália,1Kg,Frutas,CEASA-RJ Rio de Janeiro(RJ),RJ,10.0,2026-07-21
Uva Itália,1Kg,Frutas,CEAGESP Franca(SP),SP,7.9,2026-07-21
Uva Itália,1Kg,Frutas,CEASA-CE Tianguá(CE),CE,10.0,2026-07-21
Uva Itália,1Kg,Frutas,CEASA-AL Maceió(AL),AL,5.45,2026-07-21
Uva Itália,1Kg,Frutas,AMA-BA Juazeiro(BA),BA,7.0,2026-07-21
Uva Itália,1Kg,Frutas,CEASAMINAS Barbacena(MG),MG,9.38,2026-07-21
Uva Itália,1Kg,Frutas,CEASA-PR Cascavel(PR),PR,12.0,2026-07-21
Uva Niagara,1Kg,Frutas,CEAGESP Ribeirão Preto(SP),SP,14.0,2026-07-21
Uva Niagara,1Kg,Frutas,CEASA-MT Cuiabá(MT),MT,18.0,2026-07-21
Uva Niagara,1Kg,Frutas,CEASA-SC Florianópolis(SC),SC,11.0,2026-07-21
Uva Niagara,1Kg,Frutas,CEASA-MS Campo Grande(MS),MS,13.0,2026-07-21
Uva Niagara,1Kg,Frutas,CEASA-PR Curitiba(PR),PR,10.0,2026-07-21
Uva Niagara,1Kg,Frutas,CEASA-ES Vitória(ES),ES,15.27,2026-07-21
Uva Niagara,1Kg,Frutas,CEASA-PB Patos(PB),PB,6.33,2026-07-21
Uva Niagara,1Kg,Frutas,CEASA-RJ Rio de Janeiro(RJ),RJ,8.0,2026-07-21
Uva Niagara,1Kg,Frutas,CEAGESP Franca(SP),SP,8.0,2026-07-21
Uva Niagara,1Kg,Frutas,CEASAMINAS Barbacena(MG),MG,11.0,2026-07-21
Uva Niagara,1Kg,Frutas,CEASA-PR Cascavel(PR),PR,12.5,2026-07-21
Uva Rubi,1Kg,Frutas,CEAGESP Ribeirão Preto(SP),SP,16.0,2026-07-21
Uva Rubi,1Kg,Frutas,CEASA-SC Florianópolis(SC),SC,8.89,2026-07-21
Uva Rubi,1Kg,Frutas,CEASA-MS Campo Grande(MS),MS,11.4,2026-07-21
Uva Rubi,1Kg,Frutas,CEASA-PR Curitiba(PR),PR,10.0,2026-07-21
Uva Rubi,1Kg,Frutas,CEASA-PB Patos(PB),PB,9.25,2026-07-21
Uva Rubi,1Kg,Frutas,CEASA-RJ Rio de Janeiro(RJ),RJ,10.0,2026-07-21
Uva Rubi,1Kg,Frutas,CEAGESP Franca(SP),SP,7.5,2026-07-21
Uva Rubi,1Kg,Frutas,CEASA-CE Tianguá(CE),CE,10.0,2026-07-21
Uva Rubi,1Kg,Frutas,CEASA-AL Maceió(AL),AL,6.5,2026-07-21
Uva Rubi,1Kg,Frutas,CEASAMINAS Barbacena(MG),MG,9.38,2026-07-21
Abacate,1Kg,Frutas,CEAGESP Ribeirão Preto(SP),SP,2.0,2026-07-20
Abacate,1Kg,Frutas,CEASA-PE Recife(PE),PE,5.0,2026-07-20
Abacate,1Kg,Frutas,CEASA-PR Foz do Iguaçu(PR),PR,2.3,2026-07-20
Abacate,1Kg,Frutas,CEASA-ES Vitória(ES),ES,2.09,2026-07-20
Abacate,1Kg,Frutas,CEASA-MA São Luís(MA),MA,8.43,2026-07-20
Abacate,1Kg,Frutas,CEASA-MT Cuiabá(MT),MT,5.56,2026-07-20
Abacate,1Kg,Frutas,CEASAMINAS Belo Horizonte(MG),MG,2.77,2026-07-20
Abacate,1Kg,Frutas,CEASA-RJ Rio de Janeiro(RJ),RJ,3.33,2026-07-20
Abacate,1Kg,Frutas,CEAGESP São José dos Campos(SP),SP,4.25,2026-07-20
Abacate,1Kg,Frutas,CEASA-CE Fortaleza(CE),CE,5.25,2026-07-20
Abacate,1Kg,Frutas,CEASA-PR Curitiba(PR),PR,3.75,2026-07-20
Abacate,1Kg,Frutas,CEASA-AL Maceió(AL),AL,6.6,2026-07-20
Abacate,1Kg,Frutas,AMA-BA Juazeiro(BA),BA,3.65,2026-07-20
Abacate,1Kg,Frutas,CEAGESP São Paulo(SP),SP,3.09,2026-07-20
Abacate,1Kg,Frutas,CEASA-PR Cascavel(PR),PR,3.0,2026-07-20
Abacaxi,1Un,Frutas,CEAGESP Ribeirão Preto(SP),SP,6.33,2026-07-20
Abacaxi,1Un,Frutas,CEASA-PE Recife(PE),PE,3.5,2026-07-20
Abacaxi,1Un,Frutas,CEASA-PR Foz do Iguaçu(PR),PR,8.75,2026-07-20
Abacaxi,1Un,Frutas,CEASA-ES Vitória(ES),ES,7.0,2026-07-20
Abacaxi,1Un,Frutas,CEASA-MA São Luís(MA),MA,9.75,2026-07-20
Abacaxi,1Un,Frutas,CEASA-MT Cuiabá(MT),MT,7.5,2026-07-20
Abacaxi,1Un,Frutas,CEASAMINAS Belo Horizonte(MG),MG,5.83,2026-07-20
Abacaxi,1Un,Frutas,CEASA-RJ Rio de Janeiro(RJ),RJ,5.0,2026-07-20
Abacaxi,1Un,Frutas,CEAGESP São José dos Campos(SP),SP,7.4,2026-07-20
Abacaxi,1Un,Frutas,CEASA-CE Fortaleza(CE),CE,5.65,2026-07-20
Abacaxi,1Un,Frutas,CEASA-PR Curitiba(PR),PR,7.5,2026-07-20
Abacaxi,1Un,Frutas,CEASA-AL Maceió(AL),AL,4.0,2026-07-20
Abacaxi,1Un,Frutas,AMA-BA Juazeiro(BA),BA,7.0,2026-07-20
Abacaxi,1Un,Frutas,CEAGESP São Paulo(SP),SP,5.33,2026-07-20
Abacaxi,1Un,Frutas,CEASA-PR Cascavel(PR),PR,9.9,2026-07-20
Banana Nanica,1Kg,Frutas,CEAGESP Ribeirão Preto(SP),SP,3.07,2026-07-20
Banana Nanica,1Kg,Frutas,CEASA-PR Foz do Iguaçu(PR),PR,2.8,2026-07-20
Banana Nanica,1Kg,Frutas,CEASA-ES Vitória(ES),ES,3.55,2026-07-20
Banana Nanica,1Kg,Frutas,CEASA-MA São Luís(MA),MA,4.97,2026-07-20
Banana Nanica,1Kg,Frutas,CEASA-MT Cuiabá(MT),MT,3.16,2026-07-20
Banana Nanica,1Kg,Frutas,CEASAMINAS Belo Horizonte(MG),MG,3.25,2026-07-20
Banana Nanica,1Kg,Frutas,CEASA-RJ Rio de Janeiro(RJ),RJ,3.25,2026-07-20
Banana Nanica,1Kg,Frutas,CEAGESP São José dos Campos(SP),SP,3.0,2026-07-20
Banana Nanica,1Kg,Frutas,CEASA-CE Fortaleza(CE),CE,3.2,2026-07-20
Banana Nanica,1Kg,Frutas,CEASA-PR Curitiba(PR),PR,2.5,2026-07-20
Banana Nanica,1Kg,Frutas,AMA-BA Juazeiro(BA),BA,2.5,2026-07-20
Banana Nanica,1Kg,Frutas,CEAGESP São Paulo(SP),SP,3.58,2026-07-20
Banana Nanica,1Kg,Frutas,CEASA-PR Cascavel(PR),PR,3.5,2026-07-20
Banana Prata,1Kg,Frutas,CEAGESP Ribeirão Preto(SP),SP,4.76,2026-07-20
Banana Prata,1Kg,Frutas,CEASA-PE Recife(PE),PE,2.27,2026-07-20
Banana Prata,1Kg,Frutas,CEASA-PR Foz do Iguaçu(PR),PR,4.7,2026-07-20
Banana Prata,1Kg,Frutas,CEASA-ES Vitória(ES),ES,5.0,2026-07-20
Banana Prata,1Kg,Frutas,CEASA-MA São Luís(MA),MA,5.38,2026-07-20
Banana Prata,1Kg,Frutas,CEASA-MT Cuiabá(MT),MT,5.79,2026-07-20
Banana Prata,1Kg,Frutas,CEASAMINAS Belo Horizonte(MG),MG,3.5,2026-07-20
Banana Prata,1Kg,Frutas,CEASA-RJ Rio de Janeiro(RJ),RJ,2.5,2026-07-20
Banana Prata,1Kg,Frutas,CEAGESP São José dos Campos(SP),SP,5.0,2026-07-20
Banana Prata,1Kg,Frutas,CEASA-CE Fortaleza(CE),CE,4.0,2026-07-20
Banana Prata,1Kg,Frutas,CEASA-PR Curitiba(PR),PR,4.0,2026-07-20
Banana Prata,1Kg,Frutas,CEASA-AL Maceió(AL),AL,4.3,2026-07-20
Banana Prata,1Kg,Frutas,AMA-BA Juazeiro(BA),BA,1.92,2026-07-20
Banana Prata,1Kg,Frutas,CEAGESP São Paulo(SP),SP,4.28,2026-07-20
Banana Prata,1Kg,Frutas,CEASA-PR Cascavel(PR),PR,6.5,2026-07-20
Coco Verde,1unidade,Frutas,CEAGESP Ribeirão Preto(SP),SP,3.5,2026-07-20
Coco Verde,1unidade,Frutas,CEASA-PE Recife(PE),PE,1.7,2026-07-20
Coco Verde,1unidade,Frutas,CEASA-PR Foz do Iguaçu(PR),PR,6.0,2026-07-20
Coco Verde,1unidade,Frutas,CEASA-ES Vitória(ES),ES,3.5,2026-07-20
Coco Verde,1unidade,Frutas,CEASA-MA São Luís(MA),MA,3.6,2026-07-20
Coco Verde,1unidade,Frutas,CEASA-MT Cuiabá(MT),MT,3.0,2026-07-20
Coco Verde,1unidade,Frutas,CEASAMINAS Belo Horizonte(MG),MG,3.0,2026-07-20
Coco Verde,1unidade,Frutas,CEASA-RJ Rio de Janeiro(RJ),RJ,3.2,2026-07-20
Coco Verde,1unidade,Frutas,CEAGESP São José dos Campos(SP),SP,3.6,2026-07-20
Coco Verde,1unidade,Frutas,CEASA-CE Fortaleza(CE),CE,2.3,2026-07-20
Coco Verde,1unidade,Frutas,CEASA-PR Curitiba(PR),PR,6.0,2026-07-20
Coco Verde,1unidade,Frutas,CEASA-AL Maceió(AL),AL,2.0,2026-07-20
Coco Verde,1unidade,Frutas,AMA-BA Juazeiro(BA),BA,1.0,2026-07-20
Coco Verde,1unidade,Frutas,CEAGESP São Paulo(SP),SP,2.84,2026-07-20
Coco Verde,1unidade,Frutas,CEASA-PR Cascavel(PR),PR,5.0,2026-07-20
Goiaba,1Kg,Frutas,CEAGESP Ribeirão Preto(SP),SP,7.89,2026-07-20
Goiaba,1Kg,Frutas,CEASA-PE Recife(PE),PE,1.8,2026-07-20
Goiaba,1Kg,Frutas,CEASA-PR Foz do Iguaçu(PR),PR,7.0,2026-07-20
Goiaba,1Kg,Frutas,CEASA-ES Vitória(ES),ES,4.2,2026-07-20
Goiaba,1Kg,Frutas,CEASA-MA São Luís(MA),MA,7.13,2026-07-20
Goiaba,1Kg,Frutas,CEASAMINAS Belo Horizonte(MG),MG,5.83,2026-07-20
Goiaba,1Kg,Frutas,CEASA-RJ Rio de Janeiro(RJ),RJ,8.0,2026-07-20
Goiaba,1Kg,Frutas,CEAGESP São José dos Campos(SP),SP,6.0,2026-07-20
Goiaba,1Kg,Frutas,CEASA-CE Fortaleza(CE),CE,2.8,2026-07-20
Goiaba,1Kg,Frutas,CEASA-PR Curitiba(PR),PR,5.63,2026-07-20
Goiaba,1Kg,Frutas,CEASA-AL Maceió(AL),AL,2.84,2026-07-20
Goiaba,1Kg,Frutas,AMA-BA Juazeiro(BA),BA,2.75,2026-07-20
Goiaba,1Kg,Frutas,CEAGESP São Paulo(SP),SP,5.35,2026-07-20
Goiaba,1Kg,Frutas,CEASA-PR Cascavel(PR),PR,6.0,2026-07-20
Laranja Pêra,1Kg,Frutas,CEAGESP Ribeirão Preto(SP),SP,2.9,2026-07-20
Laranja Pêra,1Kg,Frutas,CEASA-PE Recife(PE),PE,1.75,2026-07-20
Laranja Pêra,1Kg,Frutas,CEASA-PR Foz do Iguaçu(PR),PR,2.2,2026-07-20
Laranja Pêra,1Kg,Frutas,CEASA-ES Vitória(ES),ES,1.67,2026-07-20
Laranja Pêra,1Kg,Frutas,CEASA-MA São Luís(MA),MA,2.88,2026-07-20
Laranja Pêra,1Kg,Frutas,CEASA-MT Cuiabá(MT),MT,2.0,2026-07-20
Laranja Pêra,1Kg,Frutas,CEASAMINAS Belo Horizonte(MG),MG,1.75,2026-07-20
Laranja Pêra,1Kg,Frutas,CEASA-RJ Rio de Janeiro(RJ),RJ,2.5,2026-07-20
Laranja Pêra,1Kg,Frutas,CEAGESP São José dos Campos(SP),SP,2.9,2026-07-20
Laranja Pêra,1Kg,Frutas,CEASA-CE Fortaleza(CE),CE,2.5,2026-07-20
Laranja Pêra,1Kg,Frutas,CEASA-PR Curitiba(PR),PR,2.5,2026-07-20
Laranja Pêra,1Kg,Frutas,CEASA-AL Maceió(AL),AL,1.66,2026-07-20
Laranja Pêra,1Kg,Frutas,AMA-BA Juazeiro(BA),BA,1.0,2026-07-20
Laranja Pêra,1Kg,Frutas,CEAGESP São Paulo(SP),SP,1.75,2026-07-20
Laranja Pêra,1Kg,Frutas,CEASA-PR Cascavel(PR),PR,2.6,2026-07-20
Limão Taiti,1Kg,Frutas,CEAGESP Ribeirão Preto(SP),SP,2.01,2026-07-20
Limão Taiti,1Kg,Frutas,CEASA-PE Recife(PE),PE,1.85,2026-07-20
Limão Taiti,1Kg,Frutas,CEASA-PR Foz do Iguaçu(PR),PR,3.0,2026-07-20
Limão Taiti,1Kg,Frutas,CEASA-ES Vitória(ES),ES,4.63,2026-07-20
Limão Taiti,1Kg,Frutas,CEASA-MA São Luís(MA),MA,5.0,2026-07-20
Limão Taiti,1Kg,Frutas,CEASA-MT Cuiabá(MT),MT,4.0,2026-07-20
Limão Taiti,1Kg,Frutas,CEASAMINAS Belo Horizonte(MG),MG,3.5,2026-07-20
Limão Taiti,1Kg,Frutas,CEASA-RJ Rio de Janeiro(RJ),RJ,3.25,2026-07-20
Limão Taiti,1Kg,Frutas,CEAGESP São José dos Campos(SP),SP,4.58,2026-07-20
Limão Taiti,1Kg,Frutas,CEASA-CE Fortaleza(CE),CE,6.0,2026-07-20
Limão Taiti,1Kg,Frutas,CEASA-PR Curitiba(PR),PR,3.91,2026-07-20
Limão Taiti,1Kg,Frutas,CEASA-AL Maceió(AL),AL,2.5,2026-07-20
Limão Taiti,1Kg,Frutas,AMA-BA Juazeiro(BA),BA,2.25,2026-07-20
Limão Taiti,1Kg,Frutas,CEAGESP São Paulo(SP),SP,2.91,2026-07-20
Limão Taiti,1Kg,Frutas,CEASA-PR Cascavel(PR),PR,4.0,2026-07-20
Maçã Nacional,1Kg,Frutas,CEAGESP Ribeirão Preto(SP),SP,9.39,2026-07-20
Maçã Nacional,1Kg,Frutas,CEASA-PE Recife(PE),PE,6.67,2026-07-20
Maçã Nacional,1Kg,Frutas,CEASA-PR Foz do Iguaçu(PR),PR,7.11,2026-07-20
Maçã Nacional,1Kg,Frutas,CEASA-ES Vitória(ES),ES,5.22,2026-07-20
Maçã Nacional,1Kg,Frutas,CEASA-MA São Luís(MA),MA,10.58,2026-07-20
Maçã Nacional,1Kg,Frutas,CEASA-MT Cuiabá(MT),MT,8.33,2026-07-20
Maçã Nacional,1Kg,Frutas,CEASAMINAS Belo Horizonte(MG),MG,5.27,2026-07-20
Maçã Nacional,1Kg,Frutas,CEASA-RJ Rio de Janeiro(RJ),RJ,6.67,2026-07-20
Maçã Nacional,1Kg,Frutas,CEAGESP São José dos Campos(SP),SP,6.11,2026-07-20
Maçã Nacional,1Kg,Frutas,CEASA-CE Fortaleza(CE),CE,10.4,2026-07-20
Maçã Nacional,1Kg,Frutas,CEASA-PR Curitiba(PR),PR,6.67,2026-07-20
Maçã Nacional,1Kg,Frutas,CEASA-AL Maceió(AL),AL,10.6,2026-07-20
Maçã Nacional,1Kg,Frutas,AMA-BA Juazeiro(BA),BA,5.42,2026-07-20
Maçã Nacional,1Kg,Frutas,CEAGESP São Paulo(SP),SP,5.34,2026-07-20
Maçã Nacional,1Kg,Frutas,CEASA-PR Cascavel(PR),PR,5.8,2026-07-20
Mamão Formosa,1Kg,Frutas,CEAGESP Ribeirão Preto(SP),SP,3.53,2026-07-20
Mamão Formosa,1Kg,Frutas,CEASA-PE Recife(PE),PE,3.5,2026-07-20
Mamão Formosa,1Kg,Frutas,CEASA-PR Foz do Iguaçu(PR),PR,6.0,2026-07-20
Mamão Formosa,1Kg,Frutas,CEASA-ES Vitória(ES),ES,6.0,2026-07-20
Mamão Formosa,1Kg,Frutas,CEASA-MA São Luís(MA),MA,5.24,2026-07-20
Mamão Formosa,1Kg,Frutas,CEASA-MT Cuiabá(MT),MT,3.95,2026-07-20
Mamão Formosa,1Kg,Frutas,CEASAMINAS Belo Horizonte(MG),MG,3.88,2026-07-20
Mamão Formosa,1Kg,Frutas,CEASA-RJ Rio de Janeiro(RJ),RJ,7.0,2026-07-20
Mamão Formosa,1Kg,Frutas,CEAGESP São José dos Campos(SP),SP,8.5,2026-07-20
Mamão Formosa,1Kg,Frutas,CEASA-CE Fortaleza(CE),CE,4.0,2026-07-20
Mamão Formosa,1Kg,Frutas,CEASA-PR Curitiba(PR),PR,5.0,2026-07-20
Mamão Formosa,1Kg,Frutas,CEASA-AL Maceió(AL),AL,2.0,2026-07-20
Mamão Formosa,1Kg,Frutas,AMA-BA Juazeiro(BA),BA,1.75,2026-07-20
Mamão Formosa,1Kg,Frutas,CEAGESP São Paulo(SP),SP,5.28,2026-07-20
Mamão Formosa,1Kg,Frutas,CEASA-PR Cascavel(PR),PR,8.0,2026-07-20
Mamão Havaí,1Kg,Frutas,CEAGESP Ribeirão Preto(SP),SP,7.43,2026-07-20
Mamão Havaí,1Kg,Frutas,CEASA-PE Recife(PE),PE,5.0,2026-07-20
Mamão Havaí,1Kg,Frutas,CEASA-PR Foz do Iguaçu(PR),PR,7.0,2026-07-20
Mamão Havaí,1Kg,Frutas,CEASA-ES Vitória(ES),ES,8.67,2026-07-20
Mamão Havaí,1Kg,Frutas,CEASA-MA São Luís(MA),MA,9.5,2026-07-20
Mamão Havaí,1Kg,Frutas,CEASA-MT Cuiabá(MT),MT,11.0,2026-07-20
Mamão Havaí,1Kg,Frutas,CEASAMINAS Belo Horizonte(MG),MG,10.0,2026-07-20
Mamão Havaí,1Kg,Frutas,CEASA-RJ Rio de Janeiro(RJ),RJ,11.0,2026-07-20
Mamão Havaí,1Kg,Frutas,CEAGESP São José dos Campos(SP),SP,8.8,2026-07-20
Mamão Havaí,1Kg,Frutas,CEASA-CE Fortaleza(CE),CE,8.0,2026-07-20
Mamão Havaí,1Kg,Frutas,CEASA-PR Curitiba(PR),PR,12.5,2026-07-20
Mamão Havaí,1Kg,Frutas,CEASA-AL Maceió(AL),AL,3.5,2026-07-20
Mamão Havaí,1Kg,Frutas,AMA-BA Juazeiro(BA),BA,4.55,2026-07-20
Mamão Havaí,1Kg,Frutas,CEAGESP São Paulo(SP),SP,6.77,2026-07-20
Mamão Havaí,1Kg,Frutas,CEASA-PR Cascavel(PR),PR,14.0,2026-07-20
Manga,1Kg,Frutas,CEAGESP Ribeirão Preto(SP),SP,7.08,2026-07-20
Manga,1Kg,Frutas,CEASA-PE Recife(PE),PE,5.2,2026-07-20
Manga,1Kg,Frutas,CEASA-PR Foz do Iguaçu(PR),PR,8.0,2026-07-20
Manga,1Kg,Frutas,CEASA-ES Vitória(ES),ES,7.5,2026-07-20
Manga,1Kg,Frutas,CEASA-MA São Luís(MA),MA,11.35,2026-07-20
Manga,1Kg,Frutas,CEASA-MT Cuiabá(MT),MT,7.37,2026-07-20
Manga,1Kg,Frutas,CEASAMINAS Belo Horizonte(MG),MG,5.55,2026-07-20
Manga,1Kg,Frutas,CEASA-RJ Rio de Janeiro(RJ),RJ,6.67,2026-07-20
Manga,1Kg,Frutas,CEAGESP São José dos Campos(SP),SP,8.82,2026-07-20
Manga,1Kg,Frutas,CEASA-CE Fortaleza(CE),CE,5.65,2026-07-20
Manga,1Kg,Frutas,CEASA-PR Curitiba(PR),PR,8.0,2026-07-20
Manga,1Kg,Frutas,CEASA-AL Maceió(AL),AL,2.4,2026-07-20
Manga,1Kg,Frutas,AMA-BA Juazeiro(BA),BA,4.04,2026-07-20
Manga,1Kg,Frutas,CEAGESP São Paulo(SP),SP,6.18,2026-07-20
Manga,1Kg,Frutas,CEASA-PR Cascavel(PR),PR,11.0,2026-07-20
Maracujá Azedo,1Kg,Frutas,CEAGESP Ribeirão Preto(SP),SP,7.24,2026-07-20
Maracujá Azedo,1Kg,Frutas,CEASA-PE Recife(PE),PE,4.7,2026-07-20
Maracujá Azedo,1Kg,Frutas,CEASA-PR Foz do Iguaçu(PR),PR,9.45,2026-07-20
Maracujá Azedo,1Kg,Frutas,CEASA-ES Vitória(ES),ES,7.0,2026-07-20
Maracujá Azedo,1Kg,Frutas,CEASA-MA São Luís(MA),MA,9.34,2026-07-20
Maracujá Azedo,1Kg,Frutas,CEASA-MT Cuiabá(MT),MT,10.0,2026-07-20
Maracujá Azedo,1Kg,Frutas,CEASAMINAS Belo Horizonte(MG),MG,5.83,2026-07-20
Maracujá Azedo,1Kg,Frutas,CEASA-RJ Rio de Janeiro(RJ),RJ,6.5,2026-07-20
Maracujá Azedo,1Kg,Frutas,CEAGESP São José dos Campos(SP),SP,9.0,2026-07-20
Maracujá Azedo,1Kg,Frutas,CEASA-CE Fortaleza(CE),CE,5.65,2026-07-20
Maracujá Azedo,1Kg,Frutas,CEASA-PR Curitiba(PR),PR,9.09,2026-07-20
Maracujá Azedo,1Kg,Frutas,CEASA-AL Maceió(AL),AL,5.33,2026-07-20
Maracujá Azedo,1Kg,Frutas,AMA-BA Juazeiro(BA),BA,4.06,2026-07-20
Maracujá Azedo,1Kg,Frutas,CEAGESP São Paulo(SP),SP,6.17,2026-07-20
Maracujá Azedo,1Kg,Frutas,CEASA-PR Cascavel(PR),PR,14.0,2026-07-20
Melancia,1Kg,Frutas,CEAGESP Ribeirão Preto(SP),SP,2.72,2026-07-20
Melancia,1Kg,Frutas,CEASA-PE Recife(PE),PE,2.2,2026-07-20
Melancia,1Kg,Frutas,CEASA-PR Foz do Iguaçu(PR),PR,2.8,2026-07-20
Melancia,1Kg,Frutas,CEASA-ES Vitória(ES),ES,3.47,2026-07-20
Melancia,1Kg,Frutas,CEASA-MA São Luís(MA),MA,3.97,2026-07-20
Melancia,1Kg,Frutas,CEASA-MT Cuiabá(MT),MT,3.0,2026-07-20
Melancia,1Kg,Frutas,CEASAMINAS Belo Horizonte(MG),MG,3.5,2026-07-20
Melancia,1Kg,Frutas,CEASA-RJ Rio de Janeiro(RJ),RJ,3.2,2026-07-20
Melancia,1Kg,Frutas,CEAGESP São José dos Campos(SP),SP,3.5,2026-07-20
Melancia,1Kg,Frutas,CEASA-CE Fortaleza(CE),CE,2.5,2026-07-20
Melancia,1Kg,Frutas,CEASA-PR Curitiba(PR),PR,3.5,2026-07-20
Melancia,1Kg,Frutas,CEASA-AL Maceió(AL),AL,1.39,2026-07-20
Melancia,1Kg,Frutas,AMA-BA Juazeiro(BA),BA,1.6,2026-07-20
Melancia,1Kg,Frutas,CEAGESP São Paulo(SP),SP,2.7,2026-07-20
Melancia,1Kg,Frutas,CEASA-PR Cascavel(PR),PR,3.9,2026-07-20
Melão Amarelo,1Kg,Frutas,CEAGESP Ribeirão Preto(SP),SP,10.0,2026-07-20
Melão Amarelo,1Kg,Frutas,CEASA-PE Recife(PE),PE,2.5,2026-07-20
Melão Amarelo,1Kg,Frutas,CEASA-PR Foz do Iguaçu(PR),PR,3.7,2026-07-20
Melão Amarelo,1Kg,Frutas,CEASA-ES Vitória(ES),ES,6.65,2026-07-20
Melão Amarelo,1Kg,Frutas,CEASA-MA São Luís(MA),MA,4.75,2026-07-20
Melão Amarelo,1Kg,Frutas,CEASA-MT Cuiabá(MT),MT,4.44,2026-07-20
Melão Amarelo,1Kg,Frutas,CEASAMINAS Belo Horizonte(MG),MG,3.84,2026-07-20
Melão Amarelo,1Kg,Frutas,CEASA-RJ Rio de Janeiro(RJ),RJ,3.85,2026-07-20
Melão Amarelo,1Kg,Frutas,CEAGESP São José dos Campos(SP),SP,5.77,2026-07-20
Melão Amarelo,1Kg,Frutas,CEASA-CE Fortaleza(CE),CE,4.0,2026-07-20
Melão Amarelo,1Kg,Frutas,CEASA-PR Curitiba(PR),PR,5.38,2026-07-20
Melão Amarelo,1Kg,Frutas,CEASA-AL Maceió(AL),AL,3.5,2026-07-20
Melão Amarelo,1Kg,Frutas,AMA-BA Juazeiro(BA),BA,1.9,2026-07-20
Melão Amarelo,1Kg,Frutas,CEAGESP São Paulo(SP),SP,3.38,2026-07-20
Melão Amarelo,1Kg,Frutas,CEASA-PR Cascavel(PR),PR,5.8,2026-07-20
Morango,1Kg,Frutas,CEAGESP Ribeirão Preto(SP),SP,40.0,2026-07-20
Morango,1Kg,Frutas,CEASA-PE Recife(PE),PE,40.0,2026-07-20
Morango,1Kg,Frutas,CEASA-PR Foz do Iguaçu(PR),PR,42.0,2026-07-20
Morango,1Kg,Frutas,CEASA-ES Vitória(ES),ES,22.5,2026-07-20
Morango,1Kg,Frutas,CEASA-MA São Luís(MA),MA,59.7,2026-07-20
Morango,1Kg,Frutas,CEASA-MT Cuiabá(MT),MT,40.0,2026-07-20
Morango,1Kg,Frutas,CEASAMINAS Belo Horizonte(MG),MG,25.0,2026-07-20
Morango,1Kg,Frutas,CEASA-RJ Rio de Janeiro(RJ),RJ,20.83,2026-07-20
Morango,1Kg,Frutas,CEAGESP São José dos Campos(SP),SP,18.0,2026-07-20
Morango,1Kg,Frutas,CEASA-CE Fortaleza(CE),CE,40.0,2026-07-20
Morango,1Kg,Frutas,CEASA-PR Curitiba(PR),PR,23.33,2026-07-20
Morango,1Kg,Frutas,CEASA-AL Maceió(AL),AL,25.0,2026-07-20
Morango,1Kg,Frutas,AMA-BA Juazeiro(BA),BA,38.5,2026-07-20
Morango,1Kg,Frutas,CEAGESP São Paulo(SP),SP,27.97,2026-07-20
Morango,1Kg,Frutas,CEASA-PR Cascavel(PR),PR,36.65,2026-07-20
Pêra Estrangeira,1Kg,Frutas,CEAGESP Ribeirão Preto(SP),SP,11.67,2026-07-20
Pêra Estrangeira,1Kg,Frutas,CEASA-PE Recife(PE),PE,8.5,2026-07-20
Pêra Estrangeira,1Kg,Frutas,CEASA-PR Foz do Iguaçu(PR),PR,7.78,2026-07-20
Pêra Estrangeira,1Kg,Frutas,CEASA-ES Vitória(ES),ES,9.8,2026-07-20
Pêra Estrangeira,1Kg,Frutas,CEASA-MA São Luís(MA),MA,17.45,2026-07-20
Pêra Estrangeira,1Kg,Frutas,CEASAMINAS Belo Horizonte(MG),MG,8.0,2026-07-20
Pêra Estrangeira,1Kg,Frutas,CEASA-RJ Rio de Janeiro(RJ),RJ,14.0,2026-07-20
Pêra Estrangeira,1Kg,Frutas,CEAGESP São José dos Campos(SP),SP,10.6,2026-07-20
Pêra Estrangeira,1Kg,Frutas,CEASA-CE Fortaleza(CE),CE,13.9,2026-07-20
Pêra Estrangeira,1Kg,Frutas,CEASA-PR Curitiba(PR),PR,8.33,2026-07-20
Pêra Estrangeira,1Kg,Frutas,CEASA-AL Maceió(AL),AL,9.75,2026-07-20
Pêra Estrangeira,1Kg,Frutas,AMA-BA Juazeiro(BA),BA,9.17,2026-07-20
Pêra Estrangeira,1Kg,Frutas,CEAGESP São Paulo(SP),SP,7.67,2026-07-20
Pêra Estrangeira,1Kg,Frutas,CEASA-PR Cascavel(PR),PR,8.5,2026-07-20
Tangerina,1Kg,Frutas,CEAGESP Ribeirão Preto(SP),SP,3.16,2026-07-20
Tangerina,1Kg,Frutas,CEASA-PE Recife(PE),PE,2.8,2026-07-20
Tangerina,1Kg,Frutas,CEASA-PR Foz do Iguaçu(PR),PR,2.0,2026-07-20
Tangerina,1Kg,Frutas,CEASA-ES Vitória(ES),ES,2.57,2026-07-20
Tangerina,1Kg,Frutas,CEASA-MA São Luís(MA),MA,4.38,2026-07-20
Tangerina,1Kg,Frutas,CEASA-MT Cuiabá(MT),MT,3.5,2026-07-20
Tangerina,1Kg,Frutas,CEASAMINAS Belo Horizonte(MG),MG,2.77,2026-07-20
Tangerina,1Kg,Frutas,CEASA-RJ Rio de Janeiro(RJ),RJ,5.0,2026-07-20
Tangerina,1Kg,Frutas,CEAGESP São José dos Campos(SP),SP,3.62,2026-07-20
Tangerina,1Kg,Frutas,CEASA-CE Fortaleza(CE),CE,6.75,2026-07-20
Tangerina,1Kg,Frutas,CEASA-PR Curitiba(PR),PR,2.0,2026-07-20
Tangerina,1Kg,Frutas,CEASA-AL Maceió(AL),AL,3.33,2026-07-20
Tangerina,1Kg,Frutas,AMA-BA Juazeiro(BA),BA,5.56,2026-07-20
Tangerina,1Kg,Frutas,CEAGESP São Paulo(SP),SP,2.31,2026-07-20
Tangerina,1Kg,Frutas,CEASA-PR Cascavel(PR),PR,4.1,2026-07-20
Uva Itália,1Kg,Frutas,CEAGESP Ribeirão Preto(SP),SP,14.3,2026-07-20
Uva Itália,1Kg,Frutas,CEASA-PE Recife(PE),PE,6.67,2026-07-20
Uva Itália,1Kg,Frutas,CEASA-PR Foz do Iguaçu(PR),PR,11.0,2026-07-20
Uva Itália,1Kg,Frutas,CEASA-ES Vitória(ES),ES,13.75,2026-07-20
Uva Itália,1Kg,Frutas,CEASA-MA São Luís(MA),MA,20.96,2026-07-20
Uva Itália,1Kg,Frutas,CEASAMINAS Belo Horizonte(MG),MG,13.75,2026-07-20
Uva Itália,1Kg,Frutas,CEASA-RJ Rio de Janeiro(RJ),RJ,10.0,2026-07-20
Uva Itália,1Kg,Frutas,CEAGESP São José dos Campos(SP),SP,10.0,2026-07-20
Uva Itália,1Kg,Frutas,CEASA-CE Fortaleza(CE),CE,8.5,2026-07-20
Uva Itália,1Kg,Frutas,CEASA-PR Curitiba(PR),PR,10.0,2026-07-20
Uva Itália,1Kg,Frutas,CEASA-AL Maceió(AL),AL,5.45,2026-07-20
Uva Itália,1Kg,Frutas,AMA-BA Juazeiro(BA),BA,7.0,2026-07-20
Uva Itália,1Kg,Frutas,CEAGESP São Paulo(SP),SP,11.27,2026-07-20
Uva Itália,1Kg,Frutas,CEASA-PR Cascavel(PR),PR,12.0,2026-07-20
Uva Niagara,1Kg,Frutas,CEAGESP Ribeirão Preto(SP),SP,14.0,2026-07-20
Uva Niagara,1Kg,Frutas,CEASA-PR Foz do Iguaçu(PR),PR,12.0,2026-07-20
Uva Niagara,1Kg,Frutas,CEASA-ES Vitória(ES),ES,15.0,2026-07-20
Uva Niagara,1Kg,Frutas,CEASA-MT Cuiabá(MT),MT,18.0,2026-07-20
Uva Niagara,1Kg,Frutas,CEASAMINAS Belo Horizonte(MG),MG,8.0,2026-07-20
Uva Niagara,1Kg,Frutas,CEASA-RJ Rio de Janeiro(RJ),RJ,8.0,2026-07-20
Uva Niagara,1Kg,Frutas,CEAGESP São José dos Campos(SP),SP,12.0,2026-07-20
Uva Niagara,1Kg,Frutas,CEASA-PR Curitiba(PR),PR,10.0,2026-07-20
Uva Niagara,1Kg,Frutas,CEAGESP São Paulo(SP),SP,9.82,2026-07-20
Uva Niagara,1Kg,Frutas,CEASA-PR Cascavel(PR),PR,13.0,2026-07-20
Uva Rubi,1Kg,Frutas,CEAGESP Ribeirão Preto(SP),SP,16.0,2026-07-20
Uva Rubi,1Kg,Frutas,CEASA-PR Foz do Iguaçu(PR),PR,11.0,2026-07-20
Uva Rubi,1Kg,Frutas,CEASA-RJ Rio de Janeiro(RJ),RJ,10.0,2026-07-20
Uva Rubi,1Kg,Frutas,CEAGESP São José dos Campos(SP),SP,10.0,2026-07-20
Uva Rubi,1Kg,Frutas,CEASA-PR Curitiba(PR),PR,10.0,2026-07-20
Uva Rubi,1Kg,Frutas,CEASA-AL Maceió(AL),AL,6.5,2026-07-20
Abacate,1Kg,Frutas,CEASA-MT Cuiabá(MT),MT,5.56,2026-07-19
Abacaxi,1Un,Frutas,CEASA-MT Cuiabá(MT),MT,7.5,2026-07-19
Banana Nanica,1Kg,Frutas,CEASA-MT Cuiabá(MT),MT,3.16,2026-07-19
Banana Prata,1Kg,Frutas,CEASA-MT Cuiabá(MT),MT,5.79,2026-07-19
Coco Verde,1unidade,Frutas,CEASA-MT Cuiabá(MT),MT,3.0,2026-07-19
Laranja Pêra,1Kg,Frutas,CEASA-MT Cuiabá(MT),MT,2.0,2026-07-19
Limão Taiti,1Kg,Frutas,CEASA-MT Cuiabá(MT),MT,4.0,2026-07-19
Maçã Nacional,1Kg,Frutas,CEASA-MT Cuiabá(MT),MT,8.33,2026-07-19
Mamão Formosa,1Kg,Frutas,CEASA-MT Cuiabá(MT),MT,3.95,2026-07-19
Mamão Havaí,1Kg,Frutas,CEASA-MT Cuiabá(MT),MT,11.0,2026-07-19
Manga,1Kg,Frutas,CEASA-MT Cuiabá(MT),MT,7.37,2026-07-19
Maracujá Azedo,1Kg,Frutas,CEASA-MT Cuiabá(MT),MT,10.0,2026-07-19
Melancia,1Kg,Frutas,CEASA-MT Cuiabá(MT),MT,3.0,2026-07-19
Melão Amarelo,1Kg,Frutas,CEASA-MT Cuiabá(MT),MT,4.44,2026-07-19
Morango,1Kg,Frutas,CEASA-MT Cuiabá(MT),MT,45.0,2026-07-19
Tangerina,1Kg,Frutas,CEASA-MT Cuiabá(MT),MT,3.5,2026-07-19
Uva Niagara,1Kg,Frutas,CEASA-MT Cuiabá(MT),MT,18.0,2026-07-19
Abacate,1Kg,Frutas,CEASA-PE Recife(PE),PE,4.5,2026-07-17
Abacate,1Kg,Frutas,CEASA-ES Vitória(ES),ES,2.21,2026-07-17
Abacate,1Kg,Frutas,CEASA-MA São Luís(MA),MA,8.43,2026-07-17
Abacate,1Kg,Frutas,CEASA-MT Cuiabá(MT),MT,5.56,2026-07-17
Abacate,1Kg,Frutas,CEASA-PB Patos(PB),PB,4.36,2026-07-17
Abacate,1Kg,Frutas,CEASA-BA Salvador(BA),BA,4.0,2026-07-17
Abacate,1Kg,Frutas,CEASA-SP Campinas(SP),SP,3.5,2026-07-17
Abacate,1Kg,Frutas,CEASAMINAS Belo Horizonte(MG),MG,2.77,2026-07-17
Abacate,1Kg,Frutas,CEASA-RJ Rio de Janeiro(RJ),RJ,4.0,2026-07-17
Abacate,1Kg,Frutas,CEASA-CE Fortaleza(CE),CE,4.9,2026-07-17
Abacate,1Kg,Frutas,CEASA-CE Tianguá(CE),CE,4.8,2026-07-17
Abacate,1Kg,Frutas,CEASA-PR Curitiba(PR),PR,3.75,2026-07-17
Abacate,1Kg,Frutas,CEASA-TO Palmas(TO),TO,5.75,2026-07-17
Abacate,1Kg,Frutas,CEASA-AL Maceió(AL),AL,6.6,2026-07-17
Abacate,1Kg,Frutas,AMA-BA Juazeiro(BA),BA,3.65,2026-07-17
Abacate,1Kg,Frutas,CEAGESP São Paulo(SP),SP,3.26,2026-07-17
Abacate,1Kg,Frutas,CEASA-PR Cascavel(PR),PR,3.0,2026-07-17
Abacaxi,1Un,Frutas,CEASA-PE Recife(PE),PE,3.5,2026-07-17
Abacaxi,1Un,Frutas,CEASA-ES Vitória(ES),ES,7.0,2026-07-17
Abacaxi,1Un,Frutas,CEASA-MA São Luís(MA),MA,9.75,2026-07-17
Abacaxi,1Un,Frutas,CEASA-MT Cuiabá(MT),MT,7.5,2026-07-17
Abacaxi,1Un,Frutas,CEASA-PB Patos(PB),PB,5.0,2026-07-17
Abacaxi,1Un,Frutas,CEASA-BA Salvador(BA),BA,5.5,2026-07-17
Abacaxi,1Un,Frutas,CEASA-SP Campinas(SP),SP,4.17,2026-07-17
Abacaxi,1Un,Frutas,CEASAMINAS Belo Horizonte(MG),MG,5.83,2026-07-17
Abacaxi,1Un,Frutas,CEASA-RJ Rio de Janeiro(RJ),RJ,5.0,2026-07-17
Abacaxi,1Un,Frutas,CEASA-CE Fortaleza(CE),CE,5.65,2026-07-17
Abacaxi,1Un,Frutas,CEASA-CE Tianguá(CE),CE,6.0,2026-07-17
Abacaxi,1Un,Frutas,CEASA-PR Curitiba(PR),PR,7.5,2026-07-17
Abacaxi,1Un,Frutas,CEASA-TO Palmas(TO),TO,7.0,2026-07-17
Abacaxi,1Un,Frutas,CEASA-AL Maceió(AL),AL,4.0,2026-07-17
Abacaxi,1Un,Frutas,AMA-BA Juazeiro(BA),BA,7.0,2026-07-17
Abacaxi,1Un,Frutas,CEAGESP São Paulo(SP),SP,5.56,2026-07-17
Abacaxi,1Un,Frutas,CEASA-PR Cascavel(PR),PR,9.0,2026-07-17
Banana Nanica,1Kg,Frutas,CEASA-ES Vitória(ES),ES,3.83,2026-07-17
Banana Nanica,1Kg,Frutas,CEASA-MA São Luís(MA),MA,4.97,2026-07-17
Banana Nanica,1Kg,Frutas,CEASA-MT Cuiabá(MT),MT,3.16,2026-07-17
Banana Nanica,1Kg,Frutas,CEASA-PB Patos(PB),PB,2.97,2026-07-17
Banana Nanica,1Kg,Frutas,CEASA-SP Campinas(SP),SP,3.5,2026-07-17
Banana Nanica,1Kg,Frutas,CEASAMINAS Belo Horizonte(MG),MG,3.25,2026-07-17
Banana Nanica,1Kg,Frutas,CEASA-RJ Rio de Janeiro(RJ),RJ,3.25,2026-07-17
Banana Nanica,1Kg,Frutas,CEASA-CE Fortaleza(CE),CE,3.2,2026-07-17
Banana Nanica,1Kg,Frutas,CEASA-CE Tianguá(CE),CE,4.38,2026-07-17
Banana Nanica,1Kg,Frutas,CEASA-PR Curitiba(PR),PR,2.5,2026-07-17
Banana Nanica,1Kg,Frutas,CEASA-TO Palmas(TO),TO,3.75,2026-07-17
Banana Nanica,1Kg,Frutas,AMA-BA Juazeiro(BA),BA,2.5,2026-07-17
Banana Nanica,1Kg,Frutas,CEAGESP São Paulo(SP),SP,3.25,2026-07-17
Banana Nanica,1Kg,Frutas,CEASA-PR Cascavel(PR),PR,3.5,2026-07-17
Banana Prata,1Kg,Frutas,CEASA-PE Recife(PE),PE,2.27,2026-07-17
Banana Prata,1Kg,Frutas,CEASA-ES Vitória(ES),ES,5.0,2026-07-17
Banana Prata,1Kg,Frutas,CEASA-MA São Luís(MA),MA,5.38,2026-07-17
Banana Prata,1Kg,Frutas,CEASA-MT Cuiabá(MT),MT,5.79,2026-07-17
Banana Prata,1Kg,Frutas,CEASA-PB Patos(PB),PB,3.42,2026-07-17
Banana Prata,1Kg,Frutas,CEASA-BA Salvador(BA),BA,3.1,2026-07-17
Banana Prata,1Kg,Frutas,CEASA-SP Campinas(SP),SP,5.0,2026-07-17
Banana Prata,1Kg,Frutas,CEASAMINAS Belo Horizonte(MG),MG,3.5,2026-07-17
Banana Prata,1Kg,Frutas,CEASA-RJ Rio de Janeiro(RJ),RJ,3.0,2026-07-17
Banana Prata,1Kg,Frutas,CEASA-CE Fortaleza(CE),CE,4.0,2026-07-17
Banana Prata,1Kg,Frutas,CEASA-CE Tianguá(CE),CE,3.0,2026-07-17
Banana Prata,1Kg,Frutas,CEASA-PR Curitiba(PR),PR,4.0,2026-07-17
Banana Prata,1Kg,Frutas,CEASA-TO Palmas(TO),TO,4.0,2026-07-17
Banana Prata,1Kg,Frutas,CEASA-AL Maceió(AL),AL,4.3,2026-07-17
Banana Prata,1Kg,Frutas,AMA-BA Juazeiro(BA),BA,1.92,2026-07-17
Banana Prata,1Kg,Frutas,CEAGESP São Paulo(SP),SP,4.59,2026-07-17
Banana Prata,1Kg,Frutas,CEASA-PR Cascavel(PR),PR,6.5,2026-07-17
Coco Verde,1unidade,Frutas,CEASA-PE Recife(PE),PE,1.8,2026-07-17
Coco Verde,1unidade,Frutas,CEASA-ES Vitória(ES),ES,3.5,2026-07-17
Coco Verde,1unidade,Frutas,CEASA-MA São Luís(MA),MA,3.6,2026-07-17
Coco Verde,1unidade,Frutas,CEASA-MT Cuiabá(MT),MT,3.0,2026-07-17
Coco Verde,1unidade,Frutas,CEASA-PB Patos(PB),PB,0.69,2026-07-17
Coco Verde,1unidade,Frutas,CEASA-BA Salvador(BA),BA,1.7,2026-07-17
Coco Verde,1unidade,Frutas,CEASA-SP Campinas(SP),SP,3.25,2026-07-17
Coco Verde,1unidade,Frutas,CEASAMINAS Belo Horizonte(MG),MG,3.0,2026-07-17
Coco Verde,1unidade,Frutas,CEASA-RJ Rio de Janeiro(RJ),RJ,3.0,2026-07-17
Coco Verde,1unidade,Frutas,CEASA-CE Fortaleza(CE),CE,2.3,2026-07-17
Coco Verde,1unidade,Frutas,CEASA-CE Tianguá(CE),CE,2.0,2026-07-17
Coco Verde,1unidade,Frutas,CEASA-PR Curitiba(PR),PR,6.0,2026-07-17
Coco Verde,1unidade,Frutas,CEASA-AL Maceió(AL),AL,2.0,2026-07-17
Coco Verde,1unidade,Frutas,AMA-BA Juazeiro(BA),BA,1.0,2026-07-17
Coco Verde,1unidade,Frutas,CEAGESP São Paulo(SP),SP,2.76,2026-07-17
Coco Verde,1unidade,Frutas,CEASA-PR Cascavel(PR),PR,5.0,2026-07-17
Goiaba,1Kg,Frutas,CEASA-PE Recife(PE),PE,1.8,2026-07-17
Goiaba,1Kg,Frutas,CEASA-ES Vitória(ES),ES,3.28,2026-07-17
Goiaba,1Kg,Frutas,CEASA-MA São Luís(MA),MA,7.13,2026-07-17
Goiaba,1Kg,Frutas,CEASA-PB Patos(PB),PB,2.62,2026-07-17
Goiaba,1Kg,Frutas,CEASA-BA Salvador(BA),BA,3.75,2026-07-17
Goiaba,1Kg,Frutas,CEASA-SP Campinas(SP),SP,6.33,2026-07-17
Goiaba,1Kg,Frutas,CEASAMINAS Belo Horizonte(MG),MG,5.0,2026-07-17
Goiaba,1Kg,Frutas,CEASA-RJ Rio de Janeiro(RJ),RJ,8.0,2026-07-17
Goiaba,1Kg,Frutas,CEASA-CE Fortaleza(CE),CE,3.7,2026-07-17
Goiaba,1Kg,Frutas,CEASA-CE Tianguá(CE),CE,4.0,2026-07-17
Goiaba,1Kg,Frutas,CEASA-PR Curitiba(PR),PR,5.63,2026-07-17
Goiaba,1Kg,Frutas,CEASA-AL Maceió(AL),AL,2.84,2026-07-17
Goiaba,1Kg,Frutas,AMA-BA Juazeiro(BA),BA,2.25,2026-07-17
Goiaba,1Kg,Frutas,CEAGESP São Paulo(SP),SP,5.46,2026-07-17
Goiaba,1Kg,Frutas,CEASA-PR Cascavel(PR),PR,5.5,2026-07-17
Laranja Pêra,1Kg,Frutas,CEASA-PE Recife(PE),PE,1.75,2026-07-17
Laranja Pêra,1Kg,Frutas,CEASA-ES Vitória(ES),ES,1.65,2026-07-17
Laranja Pêra,1Kg,Frutas,CEASA-MA São Luís(MA),MA,2.88,2026-07-17
Laranja Pêra,1Kg,Frutas,CEASA-MT Cuiabá(MT),MT,2.0,2026-07-17
Laranja Pêra,1Kg,Frutas,CEASA-PB Patos(PB),PB,2.15,2026-07-17
Laranja Pêra,1Kg,Frutas,CEASA-BA Salvador(BA),BA,1.2,2026-07-17
Laranja Pêra,1Kg,Frutas,CEASA-SP Campinas(SP),SP,2.25,2026-07-17
Laranja Pêra,1Kg,Frutas,CEASAMINAS Belo Horizonte(MG),MG,1.75,2026-07-17
Laranja Pêra,1Kg,Frutas,CEASA-RJ Rio de Janeiro(RJ),RJ,2.5,2026-07-17
Laranja Pêra,1Kg,Frutas,CEASA-CE Fortaleza(CE),CE,2.5,2026-07-17
Laranja Pêra,1Kg,Frutas,CEASA-CE Tianguá(CE),CE,1.75,2026-07-17
Laranja Pêra,1Kg,Frutas,CEASA-PR Curitiba(PR),PR,2.5,2026-07-17
Laranja Pêra,1Kg,Frutas,CEASA-TO Palmas(TO),TO,2.3,2026-07-17
Laranja Pêra,1Kg,Frutas,CEASA-AL Maceió(AL),AL,1.66,2026-07-17
Laranja Pêra,1Kg,Frutas,AMA-BA Juazeiro(BA),BA,1.0,2026-07-17
Laranja Pêra,1Kg,Frutas,CEAGESP São Paulo(SP),SP,1.97,2026-07-17
Laranja Pêra,1Kg,Frutas,CEASA-PR Cascavel(PR),PR,2.6,2026-07-17
Limão Taiti,1Kg,Frutas,CEASA-PE Recife(PE),PE,1.85,2026-07-17
Limão Taiti,1Kg,Frutas,CEASA-ES Vitória(ES),ES,4.5,2026-07-17
Limão Taiti,1Kg,Frutas,CEASA-MA São Luís(MA),MA,5.0,2026-07-17
Limão Taiti,1Kg,Frutas,CEASA-MT Cuiabá(MT),MT,4.0,2026-07-17
Limão Taiti,1Kg,Frutas,CEASA-PB Patos(PB),PB,3.58,2026-07-17
Limão Taiti,1Kg,Frutas,CEASA-BA Salvador(BA),BA,3.25,2026-07-17
Limão Taiti,1Kg,Frutas,CEASA-SP Campinas(SP),SP,3.4,2026-07-17
Limão Taiti,1Kg,Frutas,CEASAMINAS Belo Horizonte(MG),MG,3.5,2026-07-17
Limão Taiti,1Kg,Frutas,CEASA-RJ Rio de Janeiro(RJ),RJ,3.25,2026-07-17
Limão Taiti,1Kg,Frutas,CEASA-CE Fortaleza(CE),CE,6.0,2026-07-17
Limão Taiti,1Kg,Frutas,CEASA-CE Tianguá(CE),CE,1.8,2026-07-17
Limão Taiti,1Kg,Frutas,CEASA-PR Curitiba(PR),PR,3.48,2026-07-17
Limão Taiti,1Kg,Frutas,CEASA-TO Palmas(TO),TO,5.0,2026-07-17
Limão Taiti,1Kg,Frutas,CEASA-AL Maceió(AL),AL,2.5,2026-07-17
Limão Taiti,1Kg,Frutas,AMA-BA Juazeiro(BA),BA,2.25,2026-07-17
Limão Taiti,1Kg,Frutas,CEAGESP São Paulo(SP),SP,2.92,2026-07-17
Limão Taiti,1Kg,Frutas,CEASA-PR Cascavel(PR),PR,4.0,2026-07-17
Maçã Nacional,1Kg,Frutas,CEASA-PE Recife(PE),PE,6.67,2026-07-17
Maçã Nacional,1Kg,Frutas,CEASA-ES Vitória(ES),ES,5.08,2026-07-17
Maçã Nacional,1Kg,Frutas,CEASA-MA São Luís(MA),MA,10.58,2026-07-17
Maçã Nacional,1Kg,Frutas,CEASA-MT Cuiabá(MT),MT,8.33,2026-07-17
Maçã Nacional,1Kg,Frutas,CEASA-PB Patos(PB),PB,7.22,2026-07-17
Maçã Nacional,1Kg,Frutas,CEASA-BA Salvador(BA),BA,7.0,2026-07-17
Maçã Nacional,1Kg,Frutas,CEASA-SP Campinas(SP),SP,6.39,2026-07-17
Maçã Nacional,1Kg,Frutas,CEASAMINAS Belo Horizonte(MG),MG,5.0,2026-07-17
Maçã Nacional,1Kg,Frutas,CEASA-RJ Rio de Janeiro(RJ),RJ,6.67,2026-07-17
Maçã Nacional,1Kg,Frutas,CEASA-CE Fortaleza(CE),CE,10.4,2026-07-17
Maçã Nacional,1Kg,Frutas,CEASA-CE Tianguá(CE),CE,7.22,2026-07-17
Maçã Nacional,1Kg,Frutas,CEASA-PR Curitiba(PR),PR,6.67,2026-07-17
Maçã Nacional,1Kg,Frutas,CEASA-TO Palmas(TO),TO,5.28,2026-07-17
Maçã Nacional,1Kg,Frutas,CEASA-AL Maceió(AL),AL,10.6,2026-07-17
Maçã Nacional,1Kg,Frutas,AMA-BA Juazeiro(BA),BA,5.42,2026-07-17
Maçã Nacional,1Kg,Frutas,CEAGESP São Paulo(SP),SP,7.17,2026-07-17
Maçã Nacional,1Kg,Frutas,CEASA-PR Cascavel(PR),PR,6.0,2026-07-17
Mamão Formosa,1Kg,Frutas,CEASA-PE Recife(PE),PE,3.5,2026-07-17
Mamão Formosa,1Kg,Frutas,CEASA-ES Vitória(ES),ES,5.17,2026-07-17
Mamão Formosa,1Kg,Frutas,CEASA-MA São Luís(MA),MA,5.24,2026-07-17
Mamão Formosa,1Kg,Frutas,CEASA-MT Cuiabá(MT),MT,3.95,2026-07-17
Mamão Formosa,1Kg,Frutas,CEASA-PB Patos(PB),PB,2.08,2026-07-17
Mamão Formosa,1Kg,Frutas,CEASA-BA Salvador(BA),BA,3.5,2026-07-17
Mamão Formosa,1Kg,Frutas,CEASA-SP Campinas(SP),SP,5.56,2026-07-17
Mamão Formosa,1Kg,Frutas,CEASAMINAS Belo Horizonte(MG),MG,3.88,2026-07-17
Mamão Formosa,1Kg,Frutas,CEASA-RJ Rio de Janeiro(RJ),RJ,6.0,2026-07-17
Mamão Formosa,1Kg,Frutas,CEASA-CE Fortaleza(CE),CE,4.0,2026-07-17
Mamão Formosa,1Kg,Frutas,CEASA-CE Tianguá(CE),CE,2.05,2026-07-17
Mamão Formosa,1Kg,Frutas,CEASA-PR Curitiba(PR),PR,5.0,2026-07-17
Mamão Formosa,1Kg,Frutas,CEASA-TO Palmas(TO),TO,6.0,2026-07-17
Mamão Formosa,1Kg,Frutas,CEASA-AL Maceió(AL),AL,2.0,2026-07-17
Mamão Formosa,1Kg,Frutas,AMA-BA Juazeiro(BA),BA,1.75,2026-07-17
Mamão Formosa,1Kg,Frutas,CEAGESP São Paulo(SP),SP,5.22,2026-07-17
Mamão Formosa,1Kg,Frutas,CEASA-PR Cascavel(PR),PR,9.1,2026-07-17
Mamão Havaí,1Kg,Frutas,CEASA-PE Recife(PE),PE,5.0,2026-07-17
Mamão Havaí,1Kg,Frutas,CEASA-ES Vitória(ES),ES,9.2,2026-07-17
Mamão Havaí,1Kg,Frutas,CEASA-MA São Luís(MA),MA,9.5,2026-07-17
Mamão Havaí,1Kg,Frutas,CEASA-MT Cuiabá(MT),MT,11.0,2026-07-17
Mamão Havaí,1Kg,Frutas,CEASA-PB Patos(PB),PB,6.08,2026-07-17
Mamão Havaí,1Kg,Frutas,CEASA-BA Salvador(BA),BA,5.0,2026-07-17
Mamão Havaí,1Kg,Frutas,CEASA-SP Campinas(SP),SP,12.5,2026-07-17
Mamão Havaí,1Kg,Frutas,CEASAMINAS Belo Horizonte(MG),MG,10.0,2026-07-17
Mamão Havaí,1Kg,Frutas,CEASA-RJ Rio de Janeiro(RJ),RJ,11.0,2026-07-17
Mamão Havaí,1Kg,Frutas,CEASA-CE Fortaleza(CE),CE,8.0,2026-07-17
Mamão Havaí,1Kg,Frutas,CEASA-CE Tianguá(CE),CE,3.64,2026-07-17
Mamão Havaí,1Kg,Frutas,CEASA-PR Curitiba(PR),PR,16.25,2026-07-17
Mamão Havaí,1Kg,Frutas,CEASA-AL Maceió(AL),AL,3.5,2026-07-17
Mamão Havaí,1Kg,Frutas,AMA-BA Juazeiro(BA),BA,4.55,2026-07-17
Mamão Havaí,1Kg,Frutas,CEAGESP São Paulo(SP),SP,7.64,2026-07-17
Mamão Havaí,1Kg,Frutas,CEASA-PR Cascavel(PR),PR,15.0,2026-07-17
Manga,1Kg,Frutas,CEASA-PE Recife(PE),PE,5.2,2026-07-17
Manga,1Kg,Frutas,CEASA-ES Vitória(ES),ES,7.33,2026-07-17
Manga,1Kg,Frutas,CEASA-MA São Luís(MA),MA,11.35,2026-07-17
Manga,1Kg,Frutas,CEASA-MT Cuiabá(MT),MT,7.37,2026-07-17
Manga,1Kg,Frutas,CEASA-PB Patos(PB),PB,2.56,2026-07-17
Manga,1Kg,Frutas,CEASA-BA Salvador(BA),BA,7.0,2026-07-17
Manga,1Kg,Frutas,CEASA-SP Campinas(SP),SP,9.0,2026-07-17
Manga,1Kg,Frutas,CEASAMINAS Belo Horizonte(MG),MG,5.55,2026-07-17
Manga,1Kg,Frutas,CEASA-RJ Rio de Janeiro(RJ),RJ,7.78,2026-07-17
Manga,1Kg,Frutas,CEASA-CE Fortaleza(CE),CE,5.4,2026-07-17
Manga,1Kg,Frutas,CEASA-CE Tianguá(CE),CE,6.4,2026-07-17
Manga,1Kg,Frutas,CEASA-PR Curitiba(PR),PR,8.0,2026-07-17
Manga,1Kg,Frutas,CEASA-TO Palmas(TO),TO,7.0,2026-07-17
Manga,1Kg,Frutas,CEASA-AL Maceió(AL),AL,2.4,2026-07-17
Manga,1Kg,Frutas,AMA-BA Juazeiro(BA),BA,4.04,2026-07-17
Manga,1Kg,Frutas,CEAGESP São Paulo(SP),SP,6.22,2026-07-17
Manga,1Kg,Frutas,CEASA-PR Cascavel(PR),PR,10.0,2026-07-17
Maracujá Azedo,1Kg,Frutas,CEASA-PE Recife(PE),PE,4.7,2026-07-17
Maracujá Azedo,1Kg,Frutas,CEASA-ES Vitória(ES),ES,7.0,2026-07-17
Maracujá Azedo,1Kg,Frutas,CEASA-MA São Luís(MA),MA,9.34,2026-07-17
Maracujá Azedo,1Kg,Frutas,CEASA-MT Cuiabá(MT),MT,10.0,2026-07-17
Maracujá Azedo,1Kg,Frutas,CEASA-PB Patos(PB),PB,3.97,2026-07-17
Maracujá Azedo,1Kg,Frutas,CEASA-BA Salvador(BA),BA,6.0,2026-07-17
Maracujá Azedo,1Kg,Frutas,CEASA-SP Campinas(SP),SP,7.73,2026-07-17
Maracujá Azedo,1Kg,Frutas,CEASAMINAS Belo Horizonte(MG),MG,5.83,2026-07-17
Maracujá Azedo,1Kg,Frutas,CEASA-RJ Rio de Janeiro(RJ),RJ,7.0,2026-07-17
Maracujá Azedo,1Kg,Frutas,CEASA-CE Fortaleza(CE),CE,5.35,2026-07-17
Maracujá Azedo,1Kg,Frutas,CEASA-CE Tianguá(CE),CE,5.0,2026-07-17
Maracujá Azedo,1Kg,Frutas,CEASA-PR Curitiba(PR),PR,9.09,2026-07-17
Maracujá Azedo,1Kg,Frutas,CEASA-TO Palmas(TO),TO,8.0,2026-07-17
Maracujá Azedo,1Kg,Frutas,CEASA-AL Maceió(AL),AL,5.33,2026-07-17
Maracujá Azedo,1Kg,Frutas,AMA-BA Juazeiro(BA),BA,4.06,2026-07-17
Maracujá Azedo,1Kg,Frutas,CEAGESP São Paulo(SP),SP,6.03,2026-07-17
Maracujá Azedo,1Kg,Frutas,CEASA-PR Cascavel(PR),PR,14.0,2026-07-17
Melancia,1Kg,Frutas,CEASA-PE Recife(PE),PE,2.2,2026-07-17
Melancia,1Kg,Frutas,CEASA-ES Vitória(ES),ES,3.5,2026-07-17
Melancia,1Kg,Frutas,CEASA-MA São Luís(MA),MA,3.97,2026-07-17
Melancia,1Kg,Frutas,CEASA-MT Cuiabá(MT),MT,3.0,2026-07-17
Melancia,1Kg,Frutas,CEASA-PB Patos(PB),PB,1.77,2026-07-17
Melancia,1Kg,Frutas,CEASA-BA Salvador(BA),BA,2.0,2026-07-17
Melancia,1Kg,Frutas,CEASA-SP Campinas(SP),SP,3.2,2026-07-17
Melancia,1Kg,Frutas,CEASAMINAS Belo Horizonte(MG),MG,3.5,2026-07-17
Melancia,1Kg,Frutas,CEASA-RJ Rio de Janeiro(RJ),RJ,3.2,2026-07-17
Melancia,1Kg,Frutas,CEASA-CE Fortaleza(CE),CE,3.0,2026-07-17
Melancia,1Kg,Frutas,CEASA-CE Tianguá(CE),CE,2.0,2026-07-17
Melancia,1Kg,Frutas,CEASA-PR Curitiba(PR),PR,3.0,2026-07-17
Melancia,1Kg,Frutas,CEASA-TO Palmas(TO),TO,2.4,2026-07-17
Melancia,1Kg,Frutas,CEASA-AL Maceió(AL),AL,1.39,2026-07-17
Melancia,1Kg,Frutas,AMA-BA Juazeiro(BA),BA,1.6,2026-07-17
Melancia,1Kg,Frutas,CEAGESP São Paulo(SP),SP,2.58,2026-07-17
Melancia,1Kg,Frutas,CEASA-PR Cascavel(PR),PR,3.9,2026-07-17
Melão Amarelo,1Kg,Frutas,CEASA-PE Recife(PE),PE,2.5,2026-07-17
Melão Amarelo,1Kg,Frutas,CEASA-ES Vitória(ES),ES,6.36,2026-07-17
Melão Amarelo,1Kg,Frutas,CEASA-MA São Luís(MA),MA,4.75,2026-07-17
Melão Amarelo,1Kg,Frutas,CEASA-MT Cuiabá(MT),MT,4.44,2026-07-17
Melão Amarelo,1Kg,Frutas,CEASA-PB Patos(PB),PB,2.58,2026-07-17
Melão Amarelo,1Kg,Frutas,CEASA-BA Salvador(BA),BA,3.3,2026-07-17
Melão Amarelo,1Kg,Frutas,CEASA-SP Campinas(SP),SP,4.0,2026-07-17
Melão Amarelo,1Kg,Frutas,CEASAMINAS Belo Horizonte(MG),MG,3.84,2026-07-17
Melão Amarelo,1Kg,Frutas,CEASA-RJ Rio de Janeiro(RJ),RJ,3.85,2026-07-17
Melão Amarelo,1Kg,Frutas,CEASA-CE Fortaleza(CE),CE,4.0,2026-07-17
Melão Amarelo,1Kg,Frutas,CEASA-CE Tianguá(CE),CE,3.18,2026-07-17
Melão Amarelo,1Kg,Frutas,CEASA-PR Curitiba(PR),PR,5.38,2026-07-17
Melão Amarelo,1Kg,Frutas,CEASA-TO Palmas(TO),TO,4.95,2026-07-17
Melão Amarelo,1Kg,Frutas,CEASA-AL Maceió(AL),AL,3.5,2026-07-17
Melão Amarelo,1Kg,Frutas,AMA-BA Juazeiro(BA),BA,1.9,2026-07-17
Melão Amarelo,1Kg,Frutas,CEAGESP São Paulo(SP),SP,3.34,2026-07-17
Melão Amarelo,1Kg,Frutas,CEASA-PR Cascavel(PR),PR,5.8,2026-07-17
Morango,1Kg,Frutas,CEASA-PE Recife(PE),PE,40.0,2026-07-17
Morango,1Kg,Frutas,CEASA-ES Vitória(ES),ES,23.75,2026-07-17
Morango,1Kg,Frutas,CEASA-MA São Luís(MA),MA,59.7,2026-07-17
Morango,1Kg,Frutas,CEASA-MT Cuiabá(MT),MT,45.0,2026-07-17
Morango,1Kg,Frutas,CEASA-PB Patos(PB),PB,34.33,2026-07-17
Morango,1Kg,Frutas,CEASA-BA Salvador(BA),BA,33.0,2026-07-17
Morango,1Kg,Frutas,CEASA-SP Campinas(SP),SP,29.17,2026-07-17
Morango,1Kg,Frutas,CEASAMINAS Belo Horizonte(MG),MG,25.0,2026-07-17
Morango,1Kg,Frutas,CEASA-RJ Rio de Janeiro(RJ),RJ,20.83,2026-07-17
Morango,1Kg,Frutas,CEASA-CE Fortaleza(CE),CE,45.0,2026-07-17
Morango,1Kg,Frutas,CEASA-CE Tianguá(CE),CE,50.0,2026-07-17
Morango,1Kg,Frutas,CEASA-PR Curitiba(PR),PR,23.33,2026-07-17
Morango,1Kg,Frutas,CEASA-AL Maceió(AL),AL,25.0,2026-07-17
Morango,1Kg,Frutas,AMA-BA Juazeiro(BA),BA,38.5,2026-07-17
Morango,1Kg,Frutas,CEAGESP São Paulo(SP),SP,29.1,2026-07-17
Morango,1Kg,Frutas,CEASA-PR Cascavel(PR),PR,36.65,2026-07-17
Pêra Estrangeira,1Kg,Frutas,CEASA-PE Recife(PE),PE,8.5,2026-07-17
Pêra Estrangeira,1Kg,Frutas,CEASA-ES Vitória(ES),ES,9.89,2026-07-17
Pêra Estrangeira,1Kg,Frutas,CEASA-MA São Luís(MA),MA,17.45,2026-07-17
Pêra Estrangeira,1Kg,Frutas,CEASA-PB Patos(PB),PB,8.67,2026-07-17
Pêra Estrangeira,1Kg,Frutas,CEASA-BA Salvador(BA),BA,9.0,2026-07-17
Pêra Estrangeira,1Kg,Frutas,CEASA-SP Campinas(SP),SP,7.64,2026-07-17
Pêra Estrangeira,1Kg,Frutas,CEASAMINAS Belo Horizonte(MG),MG,8.0,2026-07-17
Pêra Estrangeira,1Kg,Frutas,CEASA-RJ Rio de Janeiro(RJ),RJ,14.0,2026-07-17
Pêra Estrangeira,1Kg,Frutas,CEASA-CE Fortaleza(CE),CE,13.9,2026-07-17
Pêra Estrangeira,1Kg,Frutas,CEASA-PR Curitiba(PR),PR,8.33,2026-07-17
Pêra Estrangeira,1Kg,Frutas,CEASA-TO Palmas(TO),TO,10.56,2026-07-17
Pêra Estrangeira,1Kg,Frutas,CEASA-AL Maceió(AL),AL,9.75,2026-07-17
Pêra Estrangeira,1Kg,Frutas,AMA-BA Juazeiro(BA),BA,9.17,2026-07-17
Pêra Estrangeira,1Kg,Frutas,CEAGESP São Paulo(SP),SP,8.32,2026-07-17
Pêra Estrangeira,1Kg,Frutas,CEASA-PR Cascavel(PR),PR,8.5,2026-07-17
Tangerina,1Kg,Frutas,CEASA-PE Recife(PE),PE,3.2,2026-07-17
Tangerina,1Kg,Frutas,CEASA-ES Vitória(ES),ES,2.78,2026-07-17
Tangerina,1Kg,Frutas,CEASA-MA São Luís(MA),MA,4.38,2026-07-17
Tangerina,1Kg,Frutas,CEASA-MT Cuiabá(MT),MT,3.5,2026-07-17
Tangerina,1Kg,Frutas,CEASA-PB Patos(PB),PB,6.0,2026-07-17
Tangerina,1Kg,Frutas,CEASA-BA Salvador(BA),BA,2.6,2026-07-17
Tangerina,1Kg,Frutas,CEASA-SP Campinas(SP),SP,2.75,2026-07-17
Tangerina,1Kg,Frutas,CEASAMINAS Belo Horizonte(MG),MG,2.77,2026-07-17
Tangerina,1Kg,Frutas,CEASA-RJ Rio de Janeiro(RJ),RJ,5.56,2026-07-17
Tangerina,1Kg,Frutas,CEASA-CE Fortaleza(CE),CE,7.0,2026-07-17
Tangerina,1Kg,Frutas,CEASA-CE Tianguá(CE),CE,4.0,2026-07-17
Tangerina,1Kg,Frutas,CEASA-PR Curitiba(PR),PR,2.0,2026-07-17
Tangerina,1Kg,Frutas,CEASA-TO Palmas(TO),TO,4.5,2026-07-17
Tangerina,1Kg,Frutas,CEASA-AL Maceió(AL),AL,3.33,2026-07-17
Tangerina,1Kg,Frutas,AMA-BA Juazeiro(BA),BA,5.56,2026-07-17
Tangerina,1Kg,Frutas,CEAGESP São Paulo(SP),SP,2.36,2026-07-17
Tangerina,1Kg,Frutas,CEASA-PR Cascavel(PR),PR,4.3,2026-07-17
Uva Itália,1Kg,Frutas,CEASA-PE Recife(PE),PE,6.67,2026-07-17
Uva Itália,1Kg,Frutas,CEASA-ES Vitória(ES),ES,13.75,2026-07-17
Uva Itália,1Kg,Frutas,CEASA-MA São Luís(MA),MA,20.96,2026-07-17
Uva Itália,1Kg,Frutas,CEASA-PB Patos(PB),PB,7.92,2026-07-17
Uva Itália,1Kg,Frutas,CEASA-BA Salvador(BA),BA,6.5,2026-07-17
Uva Itália,1Kg,Frutas,CEASA-SP Campinas(SP),SP,10.0,2026-07-17
Uva Itália,1Kg,Frutas,CEASAMINAS Belo Horizonte(MG),MG,14.37,2026-07-17
Uva Itália,1Kg,Frutas,CEASA-RJ Rio de Janeiro(RJ),RJ,9.0,2026-07-17
Uva Itália,1Kg,Frutas,CEASA-CE Fortaleza(CE),CE,8.0,2026-07-17
Uva Itália,1Kg,Frutas,CEASA-CE Tianguá(CE),CE,9.0,2026-07-17
Uva Itália,1Kg,Frutas,CEASA-PR Curitiba(PR),PR,10.0,2026-07-17
Uva Itália,1Kg,Frutas,CEASA-AL Maceió(AL),AL,5.45,2026-07-17
Uva Itália,1Kg,Frutas,AMA-BA Juazeiro(BA),BA,7.0,2026-07-17
Uva Itália,1Kg,Frutas,CEAGESP São Paulo(SP),SP,11.35,2026-07-17
Uva Itália,1Kg,Frutas,CEASA-PR Cascavel(PR),PR,11.0,2026-07-17
Uva Niagara,1Kg,Frutas,CEASA-ES Vitória(ES),ES,16.0,2026-07-17
Uva Niagara,1Kg,Frutas,CEASA-MT Cuiabá(MT),MT,18.0,2026-07-17
Uva Niagara,1Kg,Frutas,CEASA-PB Patos(PB),PB,6.33,2026-07-17
Uva Niagara,1Kg,Frutas,CEASA-SP Campinas(SP),SP,9.0,2026-07-17
Uva Niagara,1Kg,Frutas,CEASAMINAS Belo Horizonte(MG),MG,8.0,2026-07-17
Uva Niagara,1Kg,Frutas,CEASA-RJ Rio de Janeiro(RJ),RJ,11.0,2026-07-17
Uva Niagara,1Kg,Frutas,CEASA-PR Curitiba(PR),PR,10.0,2026-07-17
Uva Niagara,1Kg,Frutas,CEAGESP São Paulo(SP),SP,9.81,2026-07-17
Uva Niagara,1Kg,Frutas,CEASA-PR Cascavel(PR),PR,11.0,2026-07-17
Uva Rubi,1Kg,Frutas,CEASA-PB Patos(PB),PB,9.25,2026-07-17
Uva Rubi,1Kg,Frutas,CEASA-SP Campinas(SP),SP,11.0,2026-07-17
Uva Rubi,1Kg,Frutas,CEASA-RJ Rio de Janeiro(RJ),RJ,11.0,2026-07-17
Uva Rubi,1Kg,Frutas,CEASA-CE Tianguá(CE),CE,10.0,2026-07-17
Uva Rubi,1Kg,Frutas,CEASA-PR Curitiba(PR),PR,10.0,2026-07-17
Uva Rubi,1Kg,Frutas,CEASA-AL Maceió(AL),AL,6.5,2026-07-17
Uva Rubi,1Kg,Frutas,CEAGESP São Paulo(SP),SP,12.19,2026-07-17
Abacate,1Kg,Frutas,CEAGESP Ribeirão Preto(SP),SP,2.0,2026-07-16
Abacate,1Kg,Frutas,CEASA-MT Cuiabá(MT),MT,5.56,2026-07-16
Abacate,1Kg,Frutas,CEASA-ES Vitória(ES),ES,2.19,2026-07-16
Abacate,1Kg,Frutas,CEASA-RS Caxias do Sul(RS),RS,4.25,2026-07-16
Abacate,1Kg,Frutas,CEASA-RJ Rio de Janeiro(RJ),RJ,4.0,2026-07-16
Abacate,1Kg,Frutas,CEASA-CE Fortaleza(CE),CE,5.0,2026-07-16
Abacate,1Kg,Frutas,CEASA-PR Curitiba(PR),PR,3.75,2026-07-16
Abacate,1Kg,Frutas,CEASA-AL Maceió(AL),AL,6.6,2026-07-16
Abacate,1Kg,Frutas,CEASA-RN Natal(RN),RN,3.75,2026-07-16
Abacate,1Kg,Frutas,AMA-BA Juazeiro(BA),BA,3.65,2026-07-16
Abacate,1Kg,Frutas,CEASA-PR Cascavel(PR),PR,3.0,2026-07-16
Abacate,1Kg,Frutas,CEASA-RS Porto Alegre(RS),RS,4.16,2026-07-16
Abacaxi,1Un,Frutas,CEAGESP Ribeirão Preto(SP),SP,6.33,2026-07-16
Abacaxi,1Un,Frutas,CEASA-MT Cuiabá(MT),MT,7.5,2026-07-16
Abacaxi,1Un,Frutas,CEASA-ES Vitória(ES),ES,7.0,2026-07-16
Abacaxi,1Un,Frutas,CEASA-RS Caxias do Sul(RS),RS,7.28,2026-07-16
Abacaxi,1Un,Frutas,CEASA-RJ Rio de Janeiro(RJ),RJ,5.0,2026-07-16
Abacaxi,1Un,Frutas,CEASA-CE Fortaleza(CE),CE,5.65,2026-07-16
Abacaxi,1Un,Frutas,CEASA-PR Curitiba(PR),PR,7.5,2026-07-16
Abacaxi,1Un,Frutas,CEASA-AL Maceió(AL),AL,4.0,2026-07-16
Abacaxi,1Un,Frutas,CEASA-RN Natal(RN),RN,5.0,2026-07-16
Abacaxi,1Un,Frutas,AMA-BA Juazeiro(BA),BA,7.0,2026-07-16
Abacaxi,1Un,Frutas,CEASA-PR Cascavel(PR),PR,9.0,2026-07-16
Abacaxi,1Un,Frutas,CEASA-RS Porto Alegre(RS),RS,6.5,2026-07-16
Banana Nanica,1Kg,Frutas,CEAGESP Ribeirão Preto(SP),SP,3.07,2026-07-16
Banana Nanica,1Kg,Frutas,CEASA-MT Cuiabá(MT),MT,3.16,2026-07-16
Banana Nanica,1Kg,Frutas,CEASA-ES Vitória(ES),ES,3.83,2026-07-16
Banana Nanica,1Kg,Frutas,CEASA-RS Caxias do Sul(RS),RS,3.5,2026-07-16
Banana Nanica,1Kg,Frutas,CEASA-RJ Rio de Janeiro(RJ),RJ,3.25,2026-07-16
Banana Nanica,1Kg,Frutas,CEASA-CE Fortaleza(CE),CE,3.2,2026-07-16
Banana Nanica,1Kg,Frutas,CEASA-PR Curitiba(PR),PR,2.5,2026-07-16
Banana Nanica,1Kg,Frutas,CEASA-RN Natal(RN),RN,4.5,2026-07-16
Banana Nanica,1Kg,Frutas,AMA-BA Juazeiro(BA),BA,2.5,2026-07-16
Banana Nanica,1Kg,Frutas,CEASA-PR Cascavel(PR),PR,3.5,2026-07-16
Banana Nanica,1Kg,Frutas,CEASA-RS Porto Alegre(RS),RS,3.75,2026-07-16
Banana Prata,1Kg,Frutas,CEAGESP Ribeirão Preto(SP),SP,4.76,2026-07-16
Banana Prata,1Kg,Frutas,CEASA-MT Cuiabá(MT),MT,5.79,2026-07-16
Banana Prata,1Kg,Frutas,CEASA-ES Vitória(ES),ES,4.83,2026-07-16
Banana Prata,1Kg,Frutas,CEASA-RS Caxias do Sul(RS),RS,3.5,2026-07-16
Banana Prata,1Kg,Frutas,CEASA-RJ Rio de Janeiro(RJ),RJ,3.0,2026-07-16
Banana Prata,1Kg,Frutas,CEASA-CE Fortaleza(CE),CE,4.0,2026-07-16
Banana Prata,1Kg,Frutas,CEASA-PR Curitiba(PR),PR,4.0,2026-07-16
Banana Prata,1Kg,Frutas,CEASA-AL Maceió(AL),AL,4.3,2026-07-16
Banana Prata,1Kg,Frutas,CEASA-RN Natal(RN),RN,2.75,2026-07-16
Banana Prata,1Kg,Frutas,AMA-BA Juazeiro(BA),BA,1.92,2026-07-16
Banana Prata,1Kg,Frutas,CEASA-PR Cascavel(PR),PR,6.5,2026-07-16
Banana Prata,1Kg,Frutas,CEASA-RS Porto Alegre(RS),RS,4.5,2026-07-16
Coco Verde,1unidade,Frutas,CEAGESP Ribeirão Preto(SP),SP,3.5,2026-07-16
Coco Verde,1unidade,Frutas,CEASA-MT Cuiabá(MT),MT,3.0,2026-07-16
Coco Verde,1unidade,Frutas,CEASA-ES Vitória(ES),ES,3.5,2026-07-16
Coco Verde,1unidade,Frutas,CEASA-RS Caxias do Sul(RS),RS,6.5,2026-07-16
Coco Verde,1unidade,Frutas,CEASA-RJ Rio de Janeiro(RJ),RJ,3.0,2026-07-16
Coco Verde,1unidade,Frutas,CEASA-CE Fortaleza(CE),CE,2.3,2026-07-16
Coco Verde,1unidade,Frutas,CEASA-PR Curitiba(PR),PR,6.0,2026-07-16
Coco Verde,1unidade,Frutas,CEASA-AL Maceió(AL),AL,2.0,2026-07-16
Coco Verde,1unidade,Frutas,CEASA-RN Natal(RN),RN,2.5,2026-07-16
Coco Verde,1unidade,Frutas,AMA-BA Juazeiro(BA),BA,1.0,2026-07-16
Coco Verde,1unidade,Frutas,CEASA-PR Cascavel(PR),PR,5.0,2026-07-16
Coco Verde,1unidade,Frutas,CEASA-RS Porto Alegre(RS),RS,6.0,2026-07-16
Goiaba,1Kg,Frutas,CEAGESP Ribeirão Preto(SP),SP,7.89,2026-07-16
Goiaba,1Kg,Frutas,CEASA-ES Vitória(ES),ES,3.0,2026-07-16
Goiaba,1Kg,Frutas,CEASA-RS Caxias do Sul(RS),RS,6.0,2026-07-16
Goiaba,1Kg,Frutas,CEASA-RJ Rio de Janeiro(RJ),RJ,8.0,2026-07-16
Goiaba,1Kg,Frutas,CEASA-CE Fortaleza(CE),CE,4.0,2026-07-16
Goiaba,1Kg,Frutas,CEASA-PR Curitiba(PR),PR,5.63,2026-07-16
Goiaba,1Kg,Frutas,CEASA-AL Maceió(AL),AL,2.84,2026-07-16
Goiaba,1Kg,Frutas,CEASA-RN Natal(RN),RN,4.0,2026-07-16
Goiaba,1Kg,Frutas,AMA-BA Juazeiro(BA),BA,2.25,2026-07-16
Goiaba,1Kg,Frutas,CEASA-PR Cascavel(PR),PR,5.5,2026-07-16
Goiaba,1Kg,Frutas,CEASA-RS Porto Alegre(RS),RS,9.15,2026-07-16
Laranja Pêra,1Kg,Frutas,CEAGESP Ribeirão Preto(SP),SP,2.9,2026-07-16
Laranja Pêra,1Kg,Frutas,CEASA-MT Cuiabá(MT),MT,2.0,2026-07-16
Laranja Pêra,1Kg,Frutas,CEASA-ES Vitória(ES),ES,1.67,2026-07-16
Laranja Pêra,1Kg,Frutas,CEASA-RS Caxias do Sul(RS),RS,2.0,2026-07-16
Laranja Pêra,1Kg,Frutas,CEASA-RJ Rio de Janeiro(RJ),RJ,2.5,2026-07-16
Laranja Pêra,1Kg,Frutas,CEASA-CE Fortaleza(CE),CE,2.5,2026-07-16
Laranja Pêra,1Kg,Frutas,CEASA-PR Curitiba(PR),PR,2.5,2026-07-16
Laranja Pêra,1Kg,Frutas,CEASA-AL Maceió(AL),AL,1.66,2026-07-16
Laranja Pêra,1Kg,Frutas,CEASA-RN Natal(RN),RN,2.25,2026-07-16
Laranja Pêra,1Kg,Frutas,AMA-BA Juazeiro(BA),BA,1.0,2026-07-16
Laranja Pêra,1Kg,Frutas,CEASA-PR Cascavel(PR),PR,2.6,2026-07-16
Laranja Pêra,1Kg,Frutas,CEASA-RS Porto Alegre(RS),RS,1.94,2026-07-16
Limão Taiti,1Kg,Frutas,CEAGESP Ribeirão Preto(SP),SP,2.01,2026-07-16
Limão Taiti,1Kg,Frutas,CEASA-MT Cuiabá(MT),MT,4.0,2026-07-16
Limão Taiti,1Kg,Frutas,CEASA-ES Vitória(ES),ES,4.25,2026-07-16
Limão Taiti,1Kg,Frutas,CEASA-RS Caxias do Sul(RS),RS,2.96,2026-07-16
Limão Taiti,1Kg,Frutas,CEASA-RJ Rio de Janeiro(RJ),RJ,3.25,2026-07-16
Limão Taiti,1Kg,Frutas,CEASA-CE Fortaleza(CE),CE,6.0,2026-07-16
Limão Taiti,1Kg,Frutas,CEASA-PR Curitiba(PR),PR,3.48,2026-07-16
Limão Taiti,1Kg,Frutas,CEASA-AL Maceió(AL),AL,2.5,2026-07-16
Limão Taiti,1Kg,Frutas,CEASA-RN Natal(RN),RN,2.7,2026-07-16
Limão Taiti,1Kg,Frutas,AMA-BA Juazeiro(BA),BA,2.25,2026-07-16
Limão Taiti,1Kg,Frutas,CEASA-PR Cascavel(PR),PR,4.0,2026-07-16
Limão Taiti,1Kg,Frutas,CEASA-RS Porto Alegre(RS),RS,3.9,2026-07-16
Maçã Nacional,1Kg,Frutas,CEAGESP Ribeirão Preto(SP),SP,9.39,2026-07-16
Maçã Nacional,1Kg,Frutas,CEASA-MT Cuiabá(MT),MT,8.33,2026-07-16
Maçã Nacional,1Kg,Frutas,CEASA-ES Vitória(ES),ES,5.14,2026-07-16
Maçã Nacional,1Kg,Frutas,CEASA-RS Caxias do Sul(RS),RS,5.05,2026-07-16
Maçã Nacional,1Kg,Frutas,CEASA-RJ Rio de Janeiro(RJ),RJ,6.67,2026-07-16
Maçã Nacional,1Kg,Frutas,CEASA-CE Fortaleza(CE),CE,10.4,2026-07-16
Maçã Nacional,1Kg,Frutas,CEASA-PR Curitiba(PR),PR,6.67,2026-07-16
Maçã Nacional,1Kg,Frutas,CEASA-AL Maceió(AL),AL,10.6,2026-07-16
Maçã Nacional,1Kg,Frutas,CEASA-RN Natal(RN),RN,8.0,2026-07-16
Maçã Nacional,1Kg,Frutas,AMA-BA Juazeiro(BA),BA,5.42,2026-07-16
Maçã Nacional,1Kg,Frutas,CEASA-PR Cascavel(PR),PR,6.0,2026-07-16
Maçã Nacional,1Kg,Frutas,CEASA-RS Porto Alegre(RS),RS,7.22,2026-07-16
Mamão Formosa,1Kg,Frutas,CEAGESP Ribeirão Preto(SP),SP,3.53,2026-07-16
Mamão Formosa,1Kg,Frutas,CEASA-MT Cuiabá(MT),MT,3.95,2026-07-16
Mamão Formosa,1Kg,Frutas,CEASA-ES Vitória(ES),ES,5.75,2026-07-16
Mamão Formosa,1Kg,Frutas,CEASA-RS Caxias do Sul(RS),RS,6.5,2026-07-16
Mamão Formosa,1Kg,Frutas,CEASA-RJ Rio de Janeiro(RJ),RJ,6.0,2026-07-16
Mamão Formosa,1Kg,Frutas,CEASA-CE Fortaleza(CE),CE,4.0,2026-07-16
Mamão Formosa,1Kg,Frutas,CEASA-PR Curitiba(PR),PR,5.0,2026-07-16
Mamão Formosa,1Kg,Frutas,CEASA-AL Maceió(AL),AL,2.0,2026-07-16
Mamão Formosa,1Kg,Frutas,CEASA-RN Natal(RN),RN,2.8,2026-07-16
Mamão Formosa,1Kg,Frutas,AMA-BA Juazeiro(BA),BA,1.75,2026-07-16
Mamão Formosa,1Kg,Frutas,CEASA-PR Cascavel(PR),PR,9.1,2026-07-16
Mamão Formosa,1Kg,Frutas,CEASA-RS Porto Alegre(RS),RS,7.29,2026-07-16
Mamão Havaí,1Kg,Frutas,CEAGESP Ribeirão Preto(SP),SP,7.43,2026-07-16
Mamão Havaí,1Kg,Frutas,CEASA-MT Cuiabá(MT),MT,11.0,2026-07-16
Mamão Havaí,1Kg,Frutas,CEASA-ES Vitória(ES),ES,11.5,2026-07-16
Mamão Havaí,1Kg,Frutas,CEASA-RS Caxias do Sul(RS),RS,18.75,2026-07-16
Mamão Havaí,1Kg,Frutas,CEASA-RJ Rio de Janeiro(RJ),RJ,11.0,2026-07-16
Mamão Havaí,1Kg,Frutas,CEASA-CE Fortaleza(CE),CE,8.0,2026-07-16
Mamão Havaí,1Kg,Frutas,CEASA-PR Curitiba(PR),PR,16.25,2026-07-16
Mamão Havaí,1Kg,Frutas,CEASA-AL Maceió(AL),AL,3.5,2026-07-16
Mamão Havaí,1Kg,Frutas,CEASA-RN Natal(RN),RN,4.5,2026-07-16
Mamão Havaí,1Kg,Frutas,AMA-BA Juazeiro(BA),BA,4.55,2026-07-16
Mamão Havaí,1Kg,Frutas,CEASA-PR Cascavel(PR),PR,15.0,2026-07-16
Mamão Havaí,1Kg,Frutas,CEASA-RS Porto Alegre(RS),RS,17.0,2026-07-16
Manga,1Kg,Frutas,CEAGESP Ribeirão Preto(SP),SP,7.08,2026-07-16
Manga,1Kg,Frutas,CEASA-MT Cuiabá(MT),MT,7.37,2026-07-16
Manga,1Kg,Frutas,CEASA-ES Vitória(ES),ES,7.4,2026-07-16
Manga,1Kg,Frutas,CEASA-RS Caxias do Sul(RS),RS,6.74,2026-07-16
Manga,1Kg,Frutas,CEASA-RJ Rio de Janeiro(RJ),RJ,7.78,2026-07-16
Manga,1Kg,Frutas,CEASA-CE Fortaleza(CE),CE,5.85,2026-07-16
Manga,1Kg,Frutas,CEASA-PR Curitiba(PR),PR,8.0,2026-07-16
Manga,1Kg,Frutas,CEASA-AL Maceió(AL),AL,2.4,2026-07-16
Manga,1Kg,Frutas,CEASA-RN Natal(RN),RN,3.8,2026-07-16
Manga,1Kg,Frutas,AMA-BA Juazeiro(BA),BA,4.04,2026-07-16
Manga,1Kg,Frutas,CEASA-PR Cascavel(PR),PR,10.0,2026-07-16
Manga,1Kg,Frutas,CEASA-RS Porto Alegre(RS),RS,8.33,2026-07-16
Maracujá Azedo,1Kg,Frutas,CEAGESP Ribeirão Preto(SP),SP,7.24,2026-07-16
Maracujá Azedo,1Kg,Frutas,CEASA-MT Cuiabá(MT),MT,10.0,2026-07-16
Maracujá Azedo,1Kg,Frutas,CEASA-ES Vitória(ES),ES,7.0,2026-07-16
Maracujá Azedo,1Kg,Frutas,CEASA-RS Caxias do Sul(RS),RS,10.67,2026-07-16
Maracujá Azedo,1Kg,Frutas,CEASA-RJ Rio de Janeiro(RJ),RJ,7.0,2026-07-16
Maracujá Azedo,1Kg,Frutas,CEASA-CE Fortaleza(CE),CE,5.6,2026-07-16
Maracujá Azedo,1Kg,Frutas,CEASA-PR Curitiba(PR),PR,9.09,2026-07-16
Maracujá Azedo,1Kg,Frutas,CEASA-AL Maceió(AL),AL,5.33,2026-07-16
Maracujá Azedo,1Kg,Frutas,CEASA-RN Natal(RN),RN,6.0,2026-07-16
Maracujá Azedo,1Kg,Frutas,AMA-BA Juazeiro(BA),BA,4.06,2026-07-16
Maracujá Azedo,1Kg,Frutas,CEASA-PR Cascavel(PR),PR,14.0,2026-07-16
Maracujá Azedo,1Kg,Frutas,CEASA-RS Porto Alegre(RS),RS,7.0,2026-07-16
Melancia,1Kg,Frutas,CEAGESP Ribeirão Preto(SP),SP,2.72,2026-07-16
Melancia,1Kg,Frutas,CEASA-MT Cuiabá(MT),MT,3.0,2026-07-16
Melancia,1Kg,Frutas,CEASA-ES Vitória(ES),ES,3.5,2026-07-16
Melancia,1Kg,Frutas,CEASA-RS Caxias do Sul(RS),RS,3.17,2026-07-16
Melancia,1Kg,Frutas,CEASA-RJ Rio de Janeiro(RJ),RJ,3.2,2026-07-16
Melancia,1Kg,Frutas,CEASA-CE Fortaleza(CE),CE,3.0,2026-07-16
Melancia,1Kg,Frutas,CEASA-PR Curitiba(PR),PR,2.8,2026-07-16
Melancia,1Kg,Frutas,CEASA-AL Maceió(AL),AL,1.39,2026-07-16
Melancia,1Kg,Frutas,CEASA-RN Natal(RN),RN,2.5,2026-07-16
Melancia,1Kg,Frutas,AMA-BA Juazeiro(BA),BA,1.6,2026-07-16
Melancia,1Kg,Frutas,CEASA-PR Cascavel(PR),PR,3.9,2026-07-16
Melancia,1Kg,Frutas,CEASA-RS Porto Alegre(RS),RS,3.0,2026-07-16
Melão Amarelo,1Kg,Frutas,CEAGESP Ribeirão Preto(SP),SP,10.0,2026-07-16
Melão Amarelo,1Kg,Frutas,CEASA-MT Cuiabá(MT),MT,4.44,2026-07-16
Melão Amarelo,1Kg,Frutas,CEASA-ES Vitória(ES),ES,6.3,2026-07-16
Melão Amarelo,1Kg,Frutas,CEASA-RS Caxias do Sul(RS),RS,4.36,2026-07-16
Melão Amarelo,1Kg,Frutas,CEASA-RJ Rio de Janeiro(RJ),RJ,3.85,2026-07-16
Melão Amarelo,1Kg,Frutas,CEASA-CE Fortaleza(CE),CE,4.0,2026-07-16
Melão Amarelo,1Kg,Frutas,CEASA-PR Curitiba(PR),PR,5.38,2026-07-16
Melão Amarelo,1Kg,Frutas,CEASA-AL Maceió(AL),AL,3.5,2026-07-16
Melão Amarelo,1Kg,Frutas,CEASA-RN Natal(RN),RN,3.5,2026-07-16
Melão Amarelo,1Kg,Frutas,AMA-BA Juazeiro(BA),BA,2.2,2026-07-16
Melão Amarelo,1Kg,Frutas,CEASA-PR Cascavel(PR),PR,5.8,2026-07-16
Melão Amarelo,1Kg,Frutas,CEASA-RS Porto Alegre(RS),RS,4.52,2026-07-16
Morango,1Kg,Frutas,CEAGESP Ribeirão Preto(SP),SP,40.0,2026-07-16
Morango,1Kg,Frutas,CEASA-MT Cuiabá(MT),MT,45.0,2026-07-16
Morango,1Kg,Frutas,CEASA-ES Vitória(ES),ES,22.17,2026-07-16
Morango,1Kg,Frutas,CEASA-RS Caxias do Sul(RS),RS,9.06,2026-07-16
Morango,1Kg,Frutas,CEASA-RJ Rio de Janeiro(RJ),RJ,20.83,2026-07-16
Morango,1Kg,Frutas,CEASA-CE Fortaleza(CE),CE,45.0,2026-07-16
Morango,1Kg,Frutas,CEASA-PR Curitiba(PR),PR,26.67,2026-07-16
Morango,1Kg,Frutas,CEASA-AL Maceió(AL),AL,25.0,2026-07-16
Morango,1Kg,Frutas,CEASA-RN Natal(RN),RN,45.0,2026-07-16
Morango,1Kg,Frutas,AMA-BA Juazeiro(BA),BA,36.0,2026-07-16
Morango,1Kg,Frutas,CEASA-PR Cascavel(PR),PR,36.65,2026-07-16
Morango,1Kg,Frutas,CEASA-RS Porto Alegre(RS),RS,35.0,2026-07-16
Pêra Estrangeira,1Kg,Frutas,CEAGESP Ribeirão Preto(SP),SP,11.67,2026-07-16
Pêra Estrangeira,1Kg,Frutas,CEASA-ES Vitória(ES),ES,9.82,2026-07-16
Pêra Estrangeira,1Kg,Frutas,CEASA-RS Caxias do Sul(RS),RS,7.5,2026-07-16
Pêra Estrangeira,1Kg,Frutas,CEASA-RJ Rio de Janeiro(RJ),RJ,14.0,2026-07-16
Pêra Estrangeira,1Kg,Frutas,CEASA-CE Fortaleza(CE),CE,13.9,2026-07-16
Pêra Estrangeira,1Kg,Frutas,CEASA-PR Curitiba(PR),PR,8.33,2026-07-16
Pêra Estrangeira,1Kg,Frutas,CEASA-AL Maceió(AL),AL,9.75,2026-07-16
Pêra Estrangeira,1Kg,Frutas,CEASA-RN Natal(RN),RN,10.0,2026-07-16
Pêra Estrangeira,1Kg,Frutas,AMA-BA Juazeiro(BA),BA,9.17,2026-07-16
Pêra Estrangeira,1Kg,Frutas,CEASA-PR Cascavel(PR),PR,8.5,2026-07-16
Pêra Estrangeira,1Kg,Frutas,CEASA-RS Porto Alegre(RS),RS,7.22,2026-07-16
Tangerina,1Kg,Frutas,CEAGESP Ribeirão Preto(SP),SP,3.16,2026-07-16
Tangerina,1Kg,Frutas,CEASA-MT Cuiabá(MT),MT,3.5,2026-07-16
Tangerina,1Kg,Frutas,CEASA-ES Vitória(ES),ES,2.78,2026-07-16
Tangerina,1Kg,Frutas,CEASA-RS Caxias do Sul(RS),RS,1.72,2026-07-16
Tangerina,1Kg,Frutas,CEASA-RJ Rio de Janeiro(RJ),RJ,5.56,2026-07-16
Tangerina,1Kg,Frutas,CEASA-CE Fortaleza(CE),CE,7.0,2026-07-16
Tangerina,1Kg,Frutas,CEASA-PR Curitiba(PR),PR,2.25,2026-07-16
Tangerina,1Kg,Frutas,CEASA-AL Maceió(AL),AL,3.33,2026-07-16
Tangerina,1Kg,Frutas,CEASA-RN Natal(RN),RN,3.6,2026-07-16
Tangerina,1Kg,Frutas,AMA-BA Juazeiro(BA),BA,6.11,2026-07-16
Tangerina,1Kg,Frutas,CEASA-PR Cascavel(PR),PR,4.3,2026-07-16
Tangerina,1Kg,Frutas,CEASA-RS Porto Alegre(RS),RS,1.94,2026-07-16
Uva Itália,1Kg,Frutas,CEAGESP Ribeirão Preto(SP),SP,14.3,2026-07-16
Uva Itália,1Kg,Frutas,CEASA-ES Vitória(ES),ES,13.75,2026-07-16
Uva Itália,1Kg,Frutas,CEASA-RS Caxias do Sul(RS),RS,9.53,2026-07-16
Uva Itália,1Kg,Frutas,CEASA-RJ Rio de Janeiro(RJ),RJ,9.0,2026-07-16
Uva Itália,1Kg,Frutas,CEASA-CE Fortaleza(CE),CE,8.0,2026-07-16
Uva Itália,1Kg,Frutas,CEASA-PR Curitiba(PR),PR,10.0,2026-07-16
Uva Itália,1Kg,Frutas,CEASA-AL Maceió(AL),AL,5.45,2026-07-16
Uva Itália,1Kg,Frutas,CEASA-RN Natal(RN),RN,7.5,2026-07-16
Uva Itália,1Kg,Frutas,AMA-BA Juazeiro(BA),BA,7.0,2026-07-16
Uva Itália,1Kg,Frutas,CEASA-PR Cascavel(PR),PR,11.0,2026-07-16
Uva Itália,1Kg,Frutas,CEASA-RS Porto Alegre(RS),RS,20.0,2026-07-16
Uva Niagara,1Kg,Frutas,CEAGESP Ribeirão Preto(SP),SP,14.0,2026-07-16
Uva Niagara,1Kg,Frutas,CEASA-MT Cuiabá(MT),MT,18.0,2026-07-16
Uva Niagara,1Kg,Frutas,CEASA-RS Caxias do Sul(RS),RS,8.17,2026-07-16
Uva Niagara,1Kg,Frutas,CEASA-RJ Rio de Janeiro(RJ),RJ,11.0,2026-07-16
Uva Niagara,1Kg,Frutas,CEASA-PR Curitiba(PR),PR,10.63,2026-07-16
Uva Niagara,1Kg,Frutas,CEASA-PR Cascavel(PR),PR,11.0,2026-07-16
Uva Niagara,1Kg,Frutas,CEASA-RS Porto Alegre(RS),RS,11.43,2026-07-16
Uva Rubi,1Kg,Frutas,CEAGESP Ribeirão Preto(SP),SP,16.0,2026-07-16
Uva Rubi,1Kg,Frutas,CEASA-RS Caxias do Sul(RS),RS,9.53,2026-07-16
Uva Rubi,1Kg,Frutas,CEASA-RJ Rio de Janeiro(RJ),RJ,11.0,2026-07-16
Uva Rubi,1Kg,Frutas,CEASA-PR Curitiba(PR),PR,10.0,2026-07-16
Uva Rubi,1Kg,Frutas,CEASA-AL Maceió(AL),AL,6.5,2026-07-16
Uva Rubi,1Kg,Frutas,CEASA-RN Natal(RN),RN,11.0,2026-07-16
Uva Rubi,1Kg,Frutas,CEASA-RS Porto Alegre(RS),RS,20.0,2026-07-16
Abacate,1Kg,Frutas,CEAGESP Ribeirão Preto(SP),SP,2.0,2026-07-15
Abacate,1Kg,Frutas,CEASA-PE Recife(PE),PE,4.5,2026-07-15
Abacate,1Kg,Frutas,CEASA-CE Fortaleza(CE),CE,4.5,2026-07-15
Abacate,1Kg,Frutas,CEASA-PR Curitiba(PR),PR,3.5,2026-07-15
Abacate,1Kg,Frutas,CEASA-ES Vitória(ES),ES,2.19,2026-07-15
Abacate,1Kg,Frutas,CEASA-MT Cuiabá(MT),MT,5.56,2026-07-15
Abacate,1Kg,Frutas,CEASAMINAS Belo Horizonte(MG),MG,3.33,2026-07-15
Abacate,1Kg,Frutas,CEASA-RJ Rio de Janeiro(RJ),RJ,4.0,2026-07-15
Abacate,1Kg,Frutas,CEASA-AL Maceió(AL),AL,6.6,2026-07-15
Abacate,1Kg,Frutas,CEAGESP São Paulo(SP),SP,3.45,2026-07-15
Abacate,1Kg,Frutas,CEASA-MA São Luís(MA),MA,7.0,2026-07-15
Abacaxi,1Un,Frutas,CEAGESP Ribeirão Preto(SP),SP,6.33,2026-07-15
Abacaxi,1Un,Frutas,CEASA-PE Recife(PE),PE,3.5,2026-07-15
Abacaxi,1Un,Frutas,CEASA-CE Fortaleza(CE),CE,5.0,2026-07-15
Abacaxi,1Un,Frutas,CEASA-PR Curitiba(PR),PR,7.5,2026-07-15
Abacaxi,1Un,Frutas,CEASA-ES Vitória(ES),ES,7.0,2026-07-15
Abacaxi,1Un,Frutas,CEASA-MT Cuiabá(MT),MT,7.5,2026-07-15
Abacaxi,1Un,Frutas,CEASAMINAS Belo Horizonte(MG),MG,5.83,2026-07-15
Abacaxi,1Un,Frutas,CEASA-RJ Rio de Janeiro(RJ),RJ,5.0,2026-07-15
Abacaxi,1Un,Frutas,CEASA-AL Maceió(AL),AL,4.0,2026-07-15
Abacaxi,1Un,Frutas,CEAGESP São Paulo(SP),SP,6.06,2026-07-15
Abacaxi,1Un,Frutas,CEASA-MA São Luís(MA),MA,9.75,2026-07-15
Banana Nanica,1Kg,Frutas,CEAGESP Ribeirão Preto(SP),SP,3.07,2026-07-15
Banana Nanica,1Kg,Frutas,CEASA-CE Fortaleza(CE),CE,2.8,2026-07-15
Banana Nanica,1Kg,Frutas,CEASA-PR Curitiba(PR),PR,2.5,2026-07-15
Banana Nanica,1Kg,Frutas,CEASA-ES Vitória(ES),ES,3.48,2026-07-15
Banana Nanica,1Kg,Frutas,CEASA-MT Cuiabá(MT),MT,3.16,2026-07-15
Banana Nanica,1Kg,Frutas,CEASAMINAS Belo Horizonte(MG),MG,3.25,2026-07-15
Banana Nanica,1Kg,Frutas,CEASA-RJ Rio de Janeiro(RJ),RJ,3.25,2026-07-15
Banana Nanica,1Kg,Frutas,CEAGESP São Paulo(SP),SP,3.16,2026-07-15
Banana Nanica,1Kg,Frutas,CEASA-MA São Luís(MA),MA,4.87,2026-07-15
Banana Prata,1Kg,Frutas,CEAGESP Ribeirão Preto(SP),SP,4.76,2026-07-15
Banana Prata,1Kg,Frutas,CEASA-PE Recife(PE),PE,2.27,2026-07-15
Banana Prata,1Kg,Frutas,CEASA-CE Fortaleza(CE),CE,4.0,2026-07-15
Banana Prata,1Kg,Frutas,CEASA-PR Curitiba(PR),PR,4.0,2026-07-15
Banana Prata,1Kg,Frutas,CEASA-ES Vitória(ES),ES,5.0,2026-07-15
Banana Prata,1Kg,Frutas,CEASA-MT Cuiabá(MT),MT,5.79,2026-07-15
Banana Prata,1Kg,Frutas,CEASAMINAS Belo Horizonte(MG),MG,3.75,2026-07-15
Banana Prata,1Kg,Frutas,CEASA-RJ Rio de Janeiro(RJ),RJ,3.0,2026-07-15
Banana Prata,1Kg,Frutas,CEASA-AL Maceió(AL),AL,4.3,2026-07-15
Banana Prata,1Kg,Frutas,CEAGESP São Paulo(SP),SP,4.6,2026-07-15
Banana Prata,1Kg,Frutas,CEASA-MA São Luís(MA),MA,5.33,2026-07-15
Coco Verde,1unidade,Frutas,CEAGESP Ribeirão Preto(SP),SP,3.5,2026-07-15
Coco Verde,1unidade,Frutas,CEASA-PE Recife(PE),PE,1.8,2026-07-15
Coco Verde,1unidade,Frutas,CEASA-CE Fortaleza(CE),CE,2.3,2026-07-15
Coco Verde,1unidade,Frutas,CEASA-PR Curitiba(PR),PR,6.0,2026-07-15
Coco Verde,1unidade,Frutas,CEASA-ES Vitória(ES),ES,3.5,2026-07-15
Coco Verde,1unidade,Frutas,CEASA-MT Cuiabá(MT),MT,3.0,2026-07-15
Coco Verde,1unidade,Frutas,CEASAMINAS Belo Horizonte(MG),MG,3.0,2026-07-15
Coco Verde,1unidade,Frutas,CEASA-RJ Rio de Janeiro(RJ),RJ,3.0,2026-07-15
Coco Verde,1unidade,Frutas,CEASA-AL Maceió(AL),AL,2.0,2026-07-15
Coco Verde,1unidade,Frutas,CEAGESP São Paulo(SP),SP,2.8,2026-07-15
Coco Verde,1unidade,Frutas,CEASA-MA São Luís(MA),MA,3.6,2026-07-15
Goiaba,1Kg,Frutas,CEAGESP Ribeirão Preto(SP),SP,7.89,2026-07-15
Goiaba,1Kg,Frutas,CEASA-PE Recife(PE),PE,2.5,2026-07-15
Goiaba,1Kg,Frutas,CEASA-CE Fortaleza(CE),CE,3.4,2026-07-15
Goiaba,1Kg,Frutas,CEASA-PR Curitiba(PR),PR,5.63,2026-07-15
Goiaba,1Kg,Frutas,CEASA-ES Vitória(ES),ES,3.0,2026-07-15
Goiaba,1Kg,Frutas,CEASAMINAS Belo Horizonte(MG),MG,5.0,2026-07-15
Goiaba,1Kg,Frutas,CEASA-RJ Rio de Janeiro(RJ),RJ,8.0,2026-07-15
Goiaba,1Kg,Frutas,CEASA-AL Maceió(AL),AL,2.84,2026-07-15
Goiaba,1Kg,Frutas,CEAGESP São Paulo(SP),SP,5.87,2026-07-15
Goiaba,1Kg,Frutas,CEASA-MA São Luís(MA),MA,7.13,2026-07-15
Laranja Pêra,1Kg,Frutas,CEAGESP Ribeirão Preto(SP),SP,2.9,2026-07-15
Laranja Pêra,1Kg,Frutas,CEASA-PE Recife(PE),PE,1.75,2026-07-15
Laranja Pêra,1Kg,Frutas,CEASA-CE Fortaleza(CE),CE,2.5,2026-07-15
Laranja Pêra,1Kg,Frutas,CEASA-PR Curitiba(PR),PR,2.5,2026-07-15
Laranja Pêra,1Kg,Frutas,CEASA-ES Vitória(ES),ES,1.65,2026-07-15
Laranja Pêra,1Kg,Frutas,CEASA-MT Cuiabá(MT),MT,2.0,2026-07-15
Laranja Pêra,1Kg,Frutas,CEASAMINAS Belo Horizonte(MG),MG,1.75,2026-07-15
Laranja Pêra,1Kg,Frutas,CEASA-RJ Rio de Janeiro(RJ),RJ,2.5,2026-07-15
Laranja Pêra,1Kg,Frutas,CEASA-AL Maceió(AL),AL,1.66,2026-07-15
Laranja Pêra,1Kg,Frutas,CEAGESP São Paulo(SP),SP,1.95,2026-07-15
Laranja Pêra,1Kg,Frutas,CEASA-MA São Luís(MA),MA,2.88,2026-07-15
Limão Taiti,1Kg,Frutas,CEAGESP Ribeirão Preto(SP),SP,2.01,2026-07-15
Limão Taiti,1Kg,Frutas,CEASA-PE Recife(PE),PE,2.22,2026-07-15
Limão Taiti,1Kg,Frutas,CEASA-CE Fortaleza(CE),CE,6.0,2026-07-15
Limão Taiti,1Kg,Frutas,CEASA-PR Curitiba(PR),PR,3.04,2026-07-15
Limão Taiti,1Kg,Frutas,CEASA-ES Vitória(ES),ES,4.42,2026-07-15
Limão Taiti,1Kg,Frutas,CEASA-MT Cuiabá(MT),MT,4.0,2026-07-15
Limão Taiti,1Kg,Frutas,CEASAMINAS Belo Horizonte(MG),MG,3.0,2026-07-15
Limão Taiti,1Kg,Frutas,CEASA-RJ Rio de Janeiro(RJ),RJ,3.25,2026-07-15
Limão Taiti,1Kg,Frutas,CEASA-AL Maceió(AL),AL,2.5,2026-07-15
Limão Taiti,1Kg,Frutas,CEAGESP São Paulo(SP),SP,2.88,2026-07-15
Limão Taiti,1Kg,Frutas,CEASA-MA São Luís(MA),MA,4.75,2026-07-15
Maçã Nacional,1Kg,Frutas,CEAGESP Ribeirão Preto(SP),SP,9.39,2026-07-15
Maçã Nacional,1Kg,Frutas,CEASA-PE Recife(PE),PE,6.67,2026-07-15
Maçã Nacional,1Kg,Frutas,CEASA-CE Fortaleza(CE),CE,10.4,2026-07-15
Maçã Nacional,1Kg,Frutas,CEASA-PR Curitiba(PR),PR,6.67,2026-07-15
Maçã Nacional,1Kg,Frutas,CEASA-ES Vitória(ES),ES,5.14,2026-07-15
Maçã Nacional,1Kg,Frutas,CEASA-MT Cuiabá(MT),MT,8.33,2026-07-15
Maçã Nacional,1Kg,Frutas,CEASAMINAS Belo Horizonte(MG),MG,5.0,2026-07-15
Maçã Nacional,1Kg,Frutas,CEASA-RJ Rio de Janeiro(RJ),RJ,6.67,2026-07-15
Maçã Nacional,1Kg,Frutas,CEASA-AL Maceió(AL),AL,10.6,2026-07-15
Maçã Nacional,1Kg,Frutas,CEAGESP São Paulo(SP),SP,7.38,2026-07-15
Maçã Nacional,1Kg,Frutas,CEASA-MA São Luís(MA),MA,11.4,2026-07-15
Mamão Formosa,1Kg,Frutas,CEAGESP Ribeirão Preto(SP),SP,3.53,2026-07-15
Mamão Formosa,1Kg,Frutas,CEASA-PE Recife(PE),PE,3.5,2026-07-15
Mamão Formosa,1Kg,Frutas,CEASA-CE Fortaleza(CE),CE,4.0,2026-07-15
Mamão Formosa,1Kg,Frutas,CEASA-PR Curitiba(PR),PR,5.0,2026-07-15
Mamão Formosa,1Kg,Frutas,CEASA-ES Vitória(ES),ES,5.5,2026-07-15
Mamão Formosa,1Kg,Frutas,CEASA-MT Cuiabá(MT),MT,3.95,2026-07-15
Mamão Formosa,1Kg,Frutas,CEASAMINAS Belo Horizonte(MG),MG,3.88,2026-07-15
Mamão Formosa,1Kg,Frutas,CEASA-RJ Rio de Janeiro(RJ),RJ,6.0,2026-07-15
Mamão Formosa,1Kg,Frutas,CEASA-AL Maceió(AL),AL,2.0,2026-07-15
Mamão Formosa,1Kg,Frutas,CEAGESP São Paulo(SP),SP,6.16,2026-07-15
Mamão Formosa,1Kg,Frutas,CEASA-MA São Luís(MA),MA,5.17,2026-07-15
Mamão Havaí,1Kg,Frutas,CEAGESP Ribeirão Preto(SP),SP,7.43,2026-07-15
Mamão Havaí,1Kg,Frutas,CEASA-PE Recife(PE),PE,5.0,2026-07-15
Mamão Havaí,1Kg,Frutas,CEASA-CE Fortaleza(CE),CE,6.0,2026-07-15
Mamão Havaí,1Kg,Frutas,CEASA-PR Curitiba(PR),PR,15.0,2026-07-15
Mamão Havaí,1Kg,Frutas,CEASA-ES Vitória(ES),ES,11.33,2026-07-15
Mamão Havaí,1Kg,Frutas,CEASA-MT Cuiabá(MT),MT,11.0,2026-07-15
Mamão Havaí,1Kg,Frutas,CEASAMINAS Belo Horizonte(MG),MG,10.0,2026-07-15
Mamão Havaí,1Kg,Frutas,CEASA-RJ Rio de Janeiro(RJ),RJ,11.0,2026-07-15
Mamão Havaí,1Kg,Frutas,CEASA-AL Maceió(AL),AL,3.5,2026-07-15
Mamão Havaí,1Kg,Frutas,CEAGESP São Paulo(SP),SP,7.95,2026-07-15
Mamão Havaí,1Kg,Frutas,CEASA-MA São Luís(MA),MA,9.5,2026-07-15
Manga,1Kg,Frutas,CEAGESP Ribeirão Preto(SP),SP,7.08,2026-07-15
Manga,1Kg,Frutas,CEASA-PE Recife(PE),PE,5.2,2026-07-15
Manga,1Kg,Frutas,CEASA-CE Fortaleza(CE),CE,5.6,2026-07-15
Manga,1Kg,Frutas,CEASA-PR Curitiba(PR),PR,8.0,2026-07-15
Manga,1Kg,Frutas,CEASA-ES Vitória(ES),ES,6.97,2026-07-15
Manga,1Kg,Frutas,CEASA-MT Cuiabá(MT),MT,7.37,2026-07-15
Manga,1Kg,Frutas,CEASAMINAS Belo Horizonte(MG),MG,5.55,2026-07-15
Manga,1Kg,Frutas,CEASA-RJ Rio de Janeiro(RJ),RJ,7.78,2026-07-15
Manga,1Kg,Frutas,CEASA-AL Maceió(AL),AL,2.4,2026-07-15
Manga,1Kg,Frutas,CEAGESP São Paulo(SP),SP,5.91,2026-07-15
Manga,1Kg,Frutas,CEASA-MA São Luís(MA),MA,11.15,2026-07-15
Maracujá Azedo,1Kg,Frutas,CEAGESP Ribeirão Preto(SP),SP,7.24,2026-07-15
Maracujá Azedo,1Kg,Frutas,CEASA-PE Recife(PE),PE,4.7,2026-07-15
Maracujá Azedo,1Kg,Frutas,CEASA-CE Fortaleza(CE),CE,5.2,2026-07-15
Maracujá Azedo,1Kg,Frutas,CEASA-PR Curitiba(PR),PR,9.09,2026-07-15
Maracujá Azedo,1Kg,Frutas,CEASA-ES Vitória(ES),ES,6.88,2026-07-15
Maracujá Azedo,1Kg,Frutas,CEASA-MT Cuiabá(MT),MT,10.0,2026-07-15
Maracujá Azedo,1Kg,Frutas,CEASAMINAS Belo Horizonte(MG),MG,5.83,2026-07-15
Maracujá Azedo,1Kg,Frutas,CEASA-RJ Rio de Janeiro(RJ),RJ,7.0,2026-07-15
Maracujá Azedo,1Kg,Frutas,CEASA-AL Maceió(AL),AL,5.33,2026-07-15
Maracujá Azedo,1Kg,Frutas,CEAGESP São Paulo(SP),SP,6.53,2026-07-15
Maracujá Azedo,1Kg,Frutas,CEASA-MA São Luís(MA),MA,9.17,2026-07-15
Melancia,1Kg,Frutas,CEAGESP Ribeirão Preto(SP),SP,2.72,2026-07-15
Melancia,1Kg,Frutas,CEASA-PE Recife(PE),PE,2.2,2026-07-15
Melancia,1Kg,Frutas,CEASA-CE Fortaleza(CE),CE,2.5,2026-07-15
Melancia,1Kg,Frutas,CEASA-PR Curitiba(PR),PR,2.8,2026-07-15
Melancia,1Kg,Frutas,CEASA-ES Vitória(ES),ES,3.56,2026-07-15
Melancia,1Kg,Frutas,CEASA-MT Cuiabá(MT),MT,3.0,2026-07-15
Melancia,1Kg,Frutas,CEASAMINAS Belo Horizonte(MG),MG,3.3,2026-07-15
Melancia,1Kg,Frutas,CEASA-RJ Rio de Janeiro(RJ),RJ,3.2,2026-07-15
Melancia,1Kg,Frutas,CEASA-AL Maceió(AL),AL,1.39,2026-07-15
Melancia,1Kg,Frutas,CEAGESP São Paulo(SP),SP,2.6,2026-07-15
Melancia,1Kg,Frutas,CEASA-MA São Luís(MA),MA,3.71,2026-07-15
Melão Amarelo,1Kg,Frutas,CEAGESP Ribeirão Preto(SP),SP,10.0,2026-07-15
Melão Amarelo,1Kg,Frutas,CEASA-PE Recife(PE),PE,2.5,2026-07-15
Melão Amarelo,1Kg,Frutas,CEASA-CE Fortaleza(CE),CE,4.0,2026-07-15
Melão Amarelo,1Kg,Frutas,CEASA-PR Curitiba(PR),PR,5.38,2026-07-15
Melão Amarelo,1Kg,Frutas,CEASA-ES Vitória(ES),ES,6.74,2026-07-15
Melão Amarelo,1Kg,Frutas,CEASA-MT Cuiabá(MT),MT,4.44,2026-07-15
Melão Amarelo,1Kg,Frutas,CEASAMINAS Belo Horizonte(MG),MG,3.84,2026-07-15
Melão Amarelo,1Kg,Frutas,CEASA-RJ Rio de Janeiro(RJ),RJ,3.85,2026-07-15
Melão Amarelo,1Kg,Frutas,CEASA-AL Maceió(AL),AL,3.5,2026-07-15
Melão Amarelo,1Kg,Frutas,CEAGESP São Paulo(SP),SP,3.4,2026-07-15
Melão Amarelo,1Kg,Frutas,CEASA-MA São Luís(MA),MA,4.75,2026-07-15
Morango,1Kg,Frutas,CEAGESP Ribeirão Preto(SP),SP,40.0,2026-07-15
Morango,1Kg,Frutas,CEASA-PE Recife(PE),PE,40.0,2026-07-15
Morango,1Kg,Frutas,CEASA-CE Fortaleza(CE),CE,45.0,2026-07-15
Morango,1Kg,Frutas,CEASA-PR Curitiba(PR),PR,26.67,2026-07-15
Morango,1Kg,Frutas,CEASA-ES Vitória(ES),ES,18.67,2026-07-15
Morango,1Kg,Frutas,CEASA-MT Cuiabá(MT),MT,45.0,2026-07-15
Morango,1Kg,Frutas,CEASAMINAS Belo Horizonte(MG),MG,25.0,2026-07-15
Morango,1Kg,Frutas,CEASA-RJ Rio de Janeiro(RJ),RJ,20.83,2026-07-15
Morango,1Kg,Frutas,CEASA-AL Maceió(AL),AL,25.0,2026-07-15
Morango,1Kg,Frutas,CEAGESP São Paulo(SP),SP,33.07,2026-07-15
Morango,1Kg,Frutas,CEASA-MA São Luís(MA),MA,61.71,2026-07-15
Pêra Estrangeira,1Kg,Frutas,CEAGESP Ribeirão Preto(SP),SP,11.67,2026-07-15
Pêra Estrangeira,1Kg,Frutas,CEASA-PE Recife(PE),PE,8.5,2026-07-15
Pêra Estrangeira,1Kg,Frutas,CEASA-CE Fortaleza(CE),CE,13.9,2026-07-15
Pêra Estrangeira,1Kg,Frutas,CEASA-PR Curitiba(PR),PR,8.33,2026-07-15
Pêra Estrangeira,1Kg,Frutas,CEASA-ES Vitória(ES),ES,10.07,2026-07-15
Pêra Estrangeira,1Kg,Frutas,CEASAMINAS Belo Horizonte(MG),MG,8.0,2026-07-15
Pêra Estrangeira,1Kg,Frutas,CEASA-RJ Rio de Janeiro(RJ),RJ,14.0,2026-07-15
Pêra Estrangeira,1Kg,Frutas,CEASA-AL Maceió(AL),AL,9.75,2026-07-15
Pêra Estrangeira,1Kg,Frutas,CEAGESP São Paulo(SP),SP,8.44,2026-07-15
Pêra Estrangeira,1Kg,Frutas,CEASA-MA São Luís(MA),MA,17.45,2026-07-15
Tangerina,1Kg,Frutas,CEAGESP Ribeirão Preto(SP),SP,3.16,2026-07-15
Tangerina,1Kg,Frutas,CEASA-PE Recife(PE),PE,2.6,2026-07-15
Tangerina,1Kg,Frutas,CEASA-CE Fortaleza(CE),CE,7.0,2026-07-15
Tangerina,1Kg,Frutas,CEASA-PR Curitiba(PR),PR,2.25,2026-07-15
Tangerina,1Kg,Frutas,CEASA-ES Vitória(ES),ES,2.81,2026-07-15
Tangerina,1Kg,Frutas,CEASA-MT Cuiabá(MT),MT,3.5,2026-07-15
Tangerina,1Kg,Frutas,CEASAMINAS Belo Horizonte(MG),MG,2.77,2026-07-15
Tangerina,1Kg,Frutas,CEASA-RJ Rio de Janeiro(RJ),RJ,5.56,2026-07-15
Tangerina,1Kg,Frutas,CEASA-AL Maceió(AL),AL,3.33,2026-07-15
Tangerina,1Kg,Frutas,CEAGESP São Paulo(SP),SP,2.46,2026-07-15
Tangerina,1Kg,Frutas,CEASA-MA São Luís(MA),MA,3.63,2026-07-15
Uva Itália,1Kg,Frutas,CEAGESP Ribeirão Preto(SP),SP,14.3,2026-07-15
Uva Itália,1Kg,Frutas,CEASA-PE Recife(PE),PE,6.67,2026-07-15
Uva Itália,1Kg,Frutas,CEASA-CE Fortaleza(CE),CE,8.0,2026-07-15
Uva Itália,1Kg,Frutas,CEASA-PR Curitiba(PR),PR,10.0,2026-07-15
Uva Itália,1Kg,Frutas,CEASA-ES Vitória(ES),ES,13.69,2026-07-15
Uva Itália,1Kg,Frutas,CEASAMINAS Belo Horizonte(MG),MG,14.5,2026-07-15
Uva Itália,1Kg,Frutas,CEASA-RJ Rio de Janeiro(RJ),RJ,9.0,2026-07-15
Uva Itália,1Kg,Frutas,CEASA-AL Maceió(AL),AL,5.45,2026-07-15
Uva Itália,1Kg,Frutas,CEAGESP São Paulo(SP),SP,12.54,2026-07-15
Uva Itália,1Kg,Frutas,CEASA-MA São Luís(MA),MA,24.13,2026-07-15
Uva Niagara,1Kg,Frutas,CEAGESP Ribeirão Preto(SP),SP,14.0,2026-07-15
Uva Niagara,1Kg,Frutas,CEASA-PR Curitiba(PR),PR,10.63,2026-07-15
Uva Niagara,1Kg,Frutas,CEASA-ES Vitória(ES),ES,16.0,2026-07-15
Uva Niagara,1Kg,Frutas,CEASA-MT Cuiabá(MT),MT,18.0,2026-07-15
Uva Niagara,1Kg,Frutas,CEASAMINAS Belo Horizonte(MG),MG,10.0,2026-07-15
Uva Niagara,1Kg,Frutas,CEASA-RJ Rio de Janeiro(RJ),RJ,11.0,2026-07-15
Uva Niagara,1Kg,Frutas,CEAGESP São Paulo(SP),SP,9.94,2026-07-15
Uva Rubi,1Kg,Frutas,CEAGESP Ribeirão Preto(SP),SP,16.0,2026-07-15
Uva Rubi,1Kg,Frutas,CEASA-PR Curitiba(PR),PR,10.0,2026-07-15
Uva Rubi,1Kg,Frutas,CEASA-RJ Rio de Janeiro(RJ),RJ,11.0,2026-07-15
Uva Rubi,1Kg,Frutas,CEASA-AL Maceió(AL),AL,6.5,2026-07-15
Abacate,1Kg,Frutas,CEAGESP Ribeirão Preto(SP),SP,2.0,2026-07-14
Abacate,1Kg,Frutas,CEASA-PB Patos(PB),PB,4.36,2026-07-14
Abacate,1Kg,Frutas,CEASA-SC Florianópolis(SC),SC,3.75,2026-07-14
Abacate,1Kg,Frutas,CEASA-PE Recife(PE),PE,4.0,2026-07-14
Abacate,1Kg,Frutas,CEASA-MS Campo Grande(MS),MS,4.25,2026-07-14
Abacate,1Kg,Frutas,CEASA-RJ Rio de Janeiro(RJ),RJ,4.0,2026-07-14
Abacate,1Kg,Frutas,CEASA-CE Fortaleza(CE),CE,4.5,2026-07-14
Abacate,1Kg,Frutas,CEASA-CE Tianguá(CE),CE,4.8,2026-07-14
Abacate,1Kg,Frutas,CEASA-PR Curitiba(PR),PR,3.5,2026-07-14
Abacate,1Kg,Frutas,CEASA-AL Maceió(AL),AL,6.6,2026-07-14
Abacate,1Kg,Frutas,CEASA-ES Vitória(ES),ES,2.32,2026-07-14
Abacate,1Kg,Frutas,CEASA-RN Natal(RN),RN,3.5,2026-07-14
Abacate,1Kg,Frutas,AMA-BA Juazeiro(BA),BA,3.65,2026-07-14
Abacate,1Kg,Frutas,CEASA-MA São Luís(MA),MA,7.0,2026-07-14
Abacate,1Kg,Frutas,CEASA-MT Cuiabá(MT),MT,5.56,2026-07-14
Abacate,1Kg,Frutas,CEASAMINAS Barbacena(MG),MG,3.33,2026-07-14
Abacate,1Kg,Frutas,CEASA-PR Cascavel(PR),PR,3.0,2026-07-14
Abacaxi,1Un,Frutas,CEAGESP Ribeirão Preto(SP),SP,6.33,2026-07-14
Abacaxi,1Un,Frutas,CEASA-PB Patos(PB),PB,5.0,2026-07-14
Abacaxi,1Un,Frutas,CEASA-SC Florianópolis(SC),SC,8.0,2026-07-14
Abacaxi,1Un,Frutas,CEASA-PE Recife(PE),PE,3.5,2026-07-14
Abacaxi,1Un,Frutas,CEASA-MS Campo Grande(MS),MS,9.15,2026-07-14
Abacaxi,1Un,Frutas,CEASA-RJ Rio de Janeiro(RJ),RJ,5.0,2026-07-14
Abacaxi,1Un,Frutas,CEASA-CE Fortaleza(CE),CE,5.67,2026-07-14
Abacaxi,1Un,Frutas,CEASA-CE Tianguá(CE),CE,6.0,2026-07-14
Abacaxi,1Un,Frutas,CEASA-PR Curitiba(PR),PR,7.5,2026-07-14
Abacaxi,1Un,Frutas,CEASA-AL Maceió(AL),AL,4.0,2026-07-14
Abacaxi,1Un,Frutas,CEASA-ES Vitória(ES),ES,6.75,2026-07-14
Abacaxi,1Un,Frutas,CEASA-RN Natal(RN),RN,5.0,2026-07-14
Abacaxi,1Un,Frutas,AMA-BA Juazeiro(BA),BA,7.0,2026-07-14
Abacaxi,1Un,Frutas,CEASA-MA São Luís(MA),MA,9.75,2026-07-14
Abacaxi,1Un,Frutas,CEASA-MT Cuiabá(MT),MT,7.5,2026-07-14
Abacaxi,1Un,Frutas,CEASAMINAS Barbacena(MG),MG,7.0,2026-07-14
Abacaxi,1Un,Frutas,CEASA-PR Cascavel(PR),PR,9.0,2026-07-14
Banana Nanica,1Kg,Frutas,CEAGESP Ribeirão Preto(SP),SP,3.07,2026-07-14
Banana Nanica,1Kg,Frutas,CEASA-PB Patos(PB),PB,2.97,2026-07-14
Banana Nanica,1Kg,Frutas,CEASA-SC Florianópolis(SC),SC,2.75,2026-07-14
Banana Nanica,1Kg,Frutas,CEASA-MS Campo Grande(MS),MS,3.9,2026-07-14
Banana Nanica,1Kg,Frutas,CEASA-RJ Rio de Janeiro(RJ),RJ,3.5,2026-07-14
Banana Nanica,1Kg,Frutas,CEASA-CE Fortaleza(CE),CE,3.2,2026-07-14
Banana Nanica,1Kg,Frutas,CEASA-CE Tianguá(CE),CE,4.38,2026-07-14
Banana Nanica,1Kg,Frutas,CEASA-PR Curitiba(PR),PR,2.5,2026-07-14
Banana Nanica,1Kg,Frutas,CEASA-ES Vitória(ES),ES,3.33,2026-07-14
Banana Nanica,1Kg,Frutas,CEASA-RN Natal(RN),RN,4.5,2026-07-14
Banana Nanica,1Kg,Frutas,AMA-BA Juazeiro(BA),BA,2.5,2026-07-14
Banana Nanica,1Kg,Frutas,CEASA-MA São Luís(MA),MA,4.87,2026-07-14
Banana Nanica,1Kg,Frutas,CEASA-MT Cuiabá(MT),MT,3.16,2026-07-14
Banana Nanica,1Kg,Frutas,CEASAMINAS Barbacena(MG),MG,2.77,2026-07-14
Banana Nanica,1Kg,Frutas,CEASA-PR Cascavel(PR),PR,3.5,2026-07-14
Banana Prata,1Kg,Frutas,CEAGESP Ribeirão Preto(SP),SP,4.76,2026-07-14
Banana Prata,1Kg,Frutas,CEASA-PB Patos(PB),PB,3.42,2026-07-14
Banana Prata,1Kg,Frutas,CEASA-SC Florianópolis(SC),SC,3.75,2026-07-14
Banana Prata,1Kg,Frutas,CEASA-PE Recife(PE),PE,2.27,2026-07-14
Banana Prata,1Kg,Frutas,CEASA-MS Campo Grande(MS),MS,7.4,2026-07-14
Banana Prata,1Kg,Frutas,CEASA-RJ Rio de Janeiro(RJ),RJ,3.5,2026-07-14
Banana Prata,1Kg,Frutas,CEASA-CE Fortaleza(CE),CE,4.0,2026-07-14
Banana Prata,1Kg,Frutas,CEASA-CE Tianguá(CE),CE,3.13,2026-07-14
Banana Prata,1Kg,Frutas,CEASA-PR Curitiba(PR),PR,4.0,2026-07-14
Banana Prata,1Kg,Frutas,CEASA-AL Maceió(AL),AL,4.3,2026-07-14
Banana Prata,1Kg,Frutas,CEASA-ES Vitória(ES),ES,5.0,2026-07-14
Banana Prata,1Kg,Frutas,CEASA-RN Natal(RN),RN,2.75,2026-07-14
Banana Prata,1Kg,Frutas,AMA-BA Juazeiro(BA),BA,1.92,2026-07-14
Banana Prata,1Kg,Frutas,CEASA-MA São Luís(MA),MA,5.33,2026-07-14
Banana Prata,1Kg,Frutas,CEASA-MT Cuiabá(MT),MT,5.79,2026-07-14
Banana Prata,1Kg,Frutas,CEASAMINAS Barbacena(MG),MG,3.88,2026-07-14
Banana Prata,1Kg,Frutas,CEASA-PR Cascavel(PR),PR,6.5,2026-07-14
Coco Verde,1unidade,Frutas,CEAGESP Ribeirão Preto(SP),SP,3.5,2026-07-14
Coco Verde,1unidade,Frutas,CEASA-PB Patos(PB),PB,0.69,2026-07-14
Coco Verde,1unidade,Frutas,CEASA-SC Florianópolis(SC),SC,5.0,2026-07-14
Coco Verde,1unidade,Frutas,CEASA-PE Recife(PE),PE,1.8,2026-07-14
Coco Verde,1unidade,Frutas,CEASA-MS Campo Grande(MS),MS,5.0,2026-07-14
Coco Verde,1unidade,Frutas,CEASA-RJ Rio de Janeiro(RJ),RJ,3.2,2026-07-14
Coco Verde,1unidade,Frutas,CEASA-CE Fortaleza(CE),CE,2.3,2026-07-14
Coco Verde,1unidade,Frutas,CEASA-CE Tianguá(CE),CE,1.89,2026-07-14
Coco Verde,1unidade,Frutas,CEASA-PR Curitiba(PR),PR,6.0,2026-07-14
Coco Verde,1unidade,Frutas,CEASA-AL Maceió(AL),AL,2.0,2026-07-14
Coco Verde,1unidade,Frutas,CEASA-ES Vitória(ES),ES,3.5,2026-07-14
Coco Verde,1unidade,Frutas,CEASA-RN Natal(RN),RN,2.5,2026-07-14
Coco Verde,1unidade,Frutas,AMA-BA Juazeiro(BA),BA,1.0,2026-07-14
Coco Verde,1unidade,Frutas,CEASA-MA São Luís(MA),MA,3.6,2026-07-14
Coco Verde,1unidade,Frutas,CEASA-MT Cuiabá(MT),MT,3.0,2026-07-14
Coco Verde,1unidade,Frutas,CEASAMINAS Barbacena(MG),MG,4.0,2026-07-14
Coco Verde,1unidade,Frutas,CEASA-PR Cascavel(PR),PR,5.0,2026-07-14
Goiaba,1Kg,Frutas,CEAGESP Ribeirão Preto(SP),SP,7.89,2026-07-14
Goiaba,1Kg,Frutas,CEASA-PB Patos(PB),PB,2.62,2026-07-14
Goiaba,1Kg,Frutas,CEASA-SC Florianópolis(SC),SC,5.0,2026-07-14
Goiaba,1Kg,Frutas,CEASA-PE Recife(PE),PE,2.86,2026-07-14
Goiaba,1Kg,Frutas,CEASA-MS Campo Grande(MS),MS,5.0,2026-07-14
Goiaba,1Kg,Frutas,CEASA-RJ Rio de Janeiro(RJ),RJ,8.0,2026-07-14
Goiaba,1Kg,Frutas,CEASA-CE Fortaleza(CE),CE,3.4,2026-07-14
Goiaba,1Kg,Frutas,CEASA-CE Tianguá(CE),CE,4.4,2026-07-14
Goiaba,1Kg,Frutas,CEASA-PR Curitiba(PR),PR,5.63,2026-07-14
Goiaba,1Kg,Frutas,CEASA-AL Maceió(AL),AL,2.84,2026-07-14
Goiaba,1Kg,Frutas,CEASA-ES Vitória(ES),ES,3.0,2026-07-14
Goiaba,1Kg,Frutas,CEASA-RN Natal(RN),RN,4.0,2026-07-14
Goiaba,1Kg,Frutas,AMA-BA Juazeiro(BA),BA,2.5,2026-07-14
Goiaba,1Kg,Frutas,CEASA-MA São Luís(MA),MA,7.13,2026-07-14
Goiaba,1Kg,Frutas,CEASAMINAS Barbacena(MG),MG,4.5,2026-07-14
Goiaba,1Kg,Frutas,CEASA-PR Cascavel(PR),PR,5.8,2026-07-14
Laranja Pêra,1Kg,Frutas,CEAGESP Ribeirão Preto(SP),SP,2.9,2026-07-14
Laranja Pêra,1Kg,Frutas,CEASA-PB Patos(PB),PB,2.15,2026-07-14
Laranja Pêra,1Kg,Frutas,CEASA-SC Florianópolis(SC),SC,2.65,2026-07-14
Laranja Pêra,1Kg,Frutas,CEASA-PE Recife(PE),PE,1.75,2026-07-14
Laranja Pêra,1Kg,Frutas,CEASA-MS Campo Grande(MS),MS,2.0,2026-07-14
Laranja Pêra,1Kg,Frutas,CEASA-RJ Rio de Janeiro(RJ),RJ,2.5,2026-07-14
Laranja Pêra,1Kg,Frutas,CEASA-CE Fortaleza(CE),CE,2.5,2026-07-14
Laranja Pêra,1Kg,Frutas,CEASA-CE Tianguá(CE),CE,1.75,2026-07-14
Laranja Pêra,1Kg,Frutas,CEASA-PR Curitiba(PR),PR,2.5,2026-07-14
Laranja Pêra,1Kg,Frutas,CEASA-AL Maceió(AL),AL,1.66,2026-07-14
Laranja Pêra,1Kg,Frutas,CEASA-ES Vitória(ES),ES,1.64,2026-07-14
Laranja Pêra,1Kg,Frutas,CEASA-RN Natal(RN),RN,2.0,2026-07-14
Laranja Pêra,1Kg,Frutas,AMA-BA Juazeiro(BA),BA,1.0,2026-07-14
Laranja Pêra,1Kg,Frutas,CEASA-MA São Luís(MA),MA,2.88,2026-07-14
Laranja Pêra,1Kg,Frutas,CEASA-MT Cuiabá(MT),MT,2.0,2026-07-14
Laranja Pêra,1Kg,Frutas,CEASAMINAS Barbacena(MG),MG,2.0,2026-07-14
Laranja Pêra,1Kg,Frutas,CEASA-PR Cascavel(PR),PR,2.8,2026-07-14
Limão Taiti,1Kg,Frutas,CEAGESP Ribeirão Preto(SP),SP,2.01,2026-07-14
Limão Taiti,1Kg,Frutas,CEASA-PB Patos(PB),PB,3.58,2026-07-14
Limão Taiti,1Kg,Frutas,CEASA-SC Florianópolis(SC),SC,3.5,2026-07-14
Limão Taiti,1Kg,Frutas,CEASA-PE Recife(PE),PE,2.22,2026-07-14
Limão Taiti,1Kg,Frutas,CEASA-MS Campo Grande(MS),MS,2.6,2026-07-14
Limão Taiti,1Kg,Frutas,CEASA-RJ Rio de Janeiro(RJ),RJ,3.25,2026-07-14
Limão Taiti,1Kg,Frutas,CEASA-CE Fortaleza(CE),CE,6.0,2026-07-14
Limão Taiti,1Kg,Frutas,CEASA-CE Tianguá(CE),CE,1.8,2026-07-14
Limão Taiti,1Kg,Frutas,CEASA-PR Curitiba(PR),PR,3.04,2026-07-14
Limão Taiti,1Kg,Frutas,CEASA-AL Maceió(AL),AL,2.5,2026-07-14
Limão Taiti,1Kg,Frutas,CEASA-ES Vitória(ES),ES,4.33,2026-07-14
Limão Taiti,1Kg,Frutas,CEASA-RN Natal(RN),RN,2.5,2026-07-14
Limão Taiti,1Kg,Frutas,AMA-BA Juazeiro(BA),BA,2.25,2026-07-14
Limão Taiti,1Kg,Frutas,CEASA-MA São Luís(MA),MA,4.75,2026-07-14
Limão Taiti,1Kg,Frutas,CEASA-MT Cuiabá(MT),MT,4.0,2026-07-14
Limão Taiti,1Kg,Frutas,CEASAMINAS Barbacena(MG),MG,3.25,2026-07-14
Limão Taiti,1Kg,Frutas,CEASA-PR Cascavel(PR),PR,3.5,2026-07-14
Maçã Nacional,1Kg,Frutas,CEAGESP Ribeirão Preto(SP),SP,9.39,2026-07-14
Maçã Nacional,1Kg,Frutas,CEASA-PB Patos(PB),PB,7.22,2026-07-14
Maçã Nacional,1Kg,Frutas,CEASA-SC Florianópolis(SC),SC,5.56,2026-07-14
Maçã Nacional,1Kg,Frutas,CEASA-PE Recife(PE),PE,6.67,2026-07-14
Maçã Nacional,1Kg,Frutas,CEASA-MS Campo Grande(MS),MS,6.1,2026-07-14
Maçã Nacional,1Kg,Frutas,CEASA-RJ Rio de Janeiro(RJ),RJ,6.67,2026-07-14
Maçã Nacional,1Kg,Frutas,CEASA-CE Fortaleza(CE),CE,10.4,2026-07-14
Maçã Nacional,1Kg,Frutas,CEASA-CE Tianguá(CE),CE,7.22,2026-07-14
Maçã Nacional,1Kg,Frutas,CEASA-PR Curitiba(PR),PR,6.67,2026-07-14
Maçã Nacional,1Kg,Frutas,CEASA-AL Maceió(AL),AL,10.6,2026-07-14
Maçã Nacional,1Kg,Frutas,CEASA-ES Vitória(ES),ES,4.9,2026-07-14
Maçã Nacional,1Kg,Frutas,CEASA-RN Natal(RN),RN,8.0,2026-07-14
Maçã Nacional,1Kg,Frutas,AMA-BA Juazeiro(BA),BA,5.42,2026-07-14
Maçã Nacional,1Kg,Frutas,CEASA-MA São Luís(MA),MA,11.4,2026-07-14
Maçã Nacional,1Kg,Frutas,CEASA-MT Cuiabá(MT),MT,8.33,2026-07-14
Maçã Nacional,1Kg,Frutas,CEASAMINAS Barbacena(MG),MG,5.56,2026-07-14
Maçã Nacional,1Kg,Frutas,CEASA-PR Cascavel(PR),PR,6.0,2026-07-14
Mamão Formosa,1Kg,Frutas,CEAGESP Ribeirão Preto(SP),SP,3.53,2026-07-14
Mamão Formosa,1Kg,Frutas,CEASA-PB Patos(PB),PB,2.08,2026-07-14
Mamão Formosa,1Kg,Frutas,CEASA-SC Florianópolis(SC),SC,6.0,2026-07-14
Mamão Formosa,1Kg,Frutas,CEASA-PE Recife(PE),PE,3.5,2026-07-14
Mamão Formosa,1Kg,Frutas,CEASA-MS Campo Grande(MS),MS,4.25,2026-07-14
Mamão Formosa,1Kg,Frutas,CEASA-RJ Rio de Janeiro(RJ),RJ,6.0,2026-07-14
Mamão Formosa,1Kg,Frutas,CEASA-CE Fortaleza(CE),CE,4.0,2026-07-14
Mamão Formosa,1Kg,Frutas,CEASA-CE Tianguá(CE),CE,2.05,2026-07-14
Mamão Formosa,1Kg,Frutas,CEASA-PR Curitiba(PR),PR,5.0,2026-07-14
Mamão Formosa,1Kg,Frutas,CEASA-AL Maceió(AL),AL,2.0,2026-07-14
Mamão Formosa,1Kg,Frutas,CEASA-ES Vitória(ES),ES,5.67,2026-07-14
Mamão Formosa,1Kg,Frutas,CEASA-RN Natal(RN),RN,3.0,2026-07-14
Mamão Formosa,1Kg,Frutas,AMA-BA Juazeiro(BA),BA,1.58,2026-07-14
Mamão Formosa,1Kg,Frutas,CEASA-MA São Luís(MA),MA,5.17,2026-07-14
Mamão Formosa,1Kg,Frutas,CEASA-MT Cuiabá(MT),MT,3.95,2026-07-14
Mamão Formosa,1Kg,Frutas,CEASAMINAS Barbacena(MG),MG,3.33,2026-07-14
Mamão Formosa,1Kg,Frutas,CEASA-PR Cascavel(PR),PR,9.0,2026-07-14
Mamão Havaí,1Kg,Frutas,CEAGESP Ribeirão Preto(SP),SP,7.43,2026-07-14
Mamão Havaí,1Kg,Frutas,CEASA-PB Patos(PB),PB,6.08,2026-07-14
Mamão Havaí,1Kg,Frutas,CEASA-SC Florianópolis(SC),SC,13.33,2026-07-14
Mamão Havaí,1Kg,Frutas,CEASA-PE Recife(PE),PE,5.0,2026-07-14
Mamão Havaí,1Kg,Frutas,CEASA-MS Campo Grande(MS),MS,12.0,2026-07-14
Mamão Havaí,1Kg,Frutas,CEASA-RJ Rio de Janeiro(RJ),RJ,11.0,2026-07-14
Mamão Havaí,1Kg,Frutas,CEASA-CE Fortaleza(CE),CE,8.0,2026-07-14
Mamão Havaí,1Kg,Frutas,CEASA-CE Tianguá(CE),CE,3.86,2026-07-14
Mamão Havaí,1Kg,Frutas,CEASA-PR Curitiba(PR),PR,15.0,2026-07-14
Mamão Havaí,1Kg,Frutas,CEASA-AL Maceió(AL),AL,3.5,2026-07-14
Mamão Havaí,1Kg,Frutas,CEASA-ES Vitória(ES),ES,11.0,2026-07-14
Mamão Havaí,1Kg,Frutas,CEASA-RN Natal(RN),RN,5.0,2026-07-14
Mamão Havaí,1Kg,Frutas,AMA-BA Juazeiro(BA),BA,4.55,2026-07-14
Mamão Havaí,1Kg,Frutas,CEASA-MA São Luís(MA),MA,9.5,2026-07-14
Mamão Havaí,1Kg,Frutas,CEASA-MT Cuiabá(MT),MT,11.0,2026-07-14
Mamão Havaí,1Kg,Frutas,CEASAMINAS Barbacena(MG),MG,11.25,2026-07-14
Mamão Havaí,1Kg,Frutas,CEASA-PR Cascavel(PR),PR,14.0,2026-07-14
Manga,1Kg,Frutas,CEAGESP Ribeirão Preto(SP),SP,7.08,2026-07-14
Manga,1Kg,Frutas,CEASA-PB Patos(PB),PB,2.56,2026-07-14
Manga,1Kg,Frutas,CEASA-SC Florianópolis(SC),SC,6.0,2026-07-14
Manga,1Kg,Frutas,CEASA-PE Recife(PE),PE,5.2,2026-07-14
Manga,1Kg,Frutas,CEASA-MS Campo Grande(MS),MS,10.8,2026-07-14
Manga,1Kg,Frutas,CEASA-RJ Rio de Janeiro(RJ),RJ,7.78,2026-07-14
Manga,1Kg,Frutas,CEASA-CE Fortaleza(CE),CE,5.6,2026-07-14
Manga,1Kg,Frutas,CEASA-CE Tianguá(CE),CE,6.8,2026-07-14
Manga,1Kg,Frutas,CEASA-PR Curitiba(PR),PR,7.5,2026-07-14
Manga,1Kg,Frutas,CEASA-AL Maceió(AL),AL,2.4,2026-07-14
Manga,1Kg,Frutas,CEASA-ES Vitória(ES),ES,6.99,2026-07-14
Manga,1Kg,Frutas,CEASA-RN Natal(RN),RN,4.0,2026-07-14
Manga,1Kg,Frutas,AMA-BA Juazeiro(BA),BA,4.04,2026-07-14
Manga,1Kg,Frutas,CEASA-MA São Luís(MA),MA,11.15,2026-07-14
Manga,1Kg,Frutas,CEASA-MT Cuiabá(MT),MT,7.37,2026-07-14
Manga,1Kg,Frutas,CEASAMINAS Barbacena(MG),MG,5.5,2026-07-14
Manga,1Kg,Frutas,CEASA-PR Cascavel(PR),PR,10.0,2026-07-14
Maracujá Azedo,1Kg,Frutas,CEAGESP Ribeirão Preto(SP),SP,7.24,2026-07-14
Maracujá Azedo,1Kg,Frutas,CEASA-PB Patos(PB),PB,3.97,2026-07-14
Maracujá Azedo,1Kg,Frutas,CEASA-SC Florianópolis(SC),SC,7.27,2026-07-14
Maracujá Azedo,1Kg,Frutas,CEASA-PE Recife(PE),PE,4.7,2026-07-14
Maracujá Azedo,1Kg,Frutas,CEASA-MS Campo Grande(MS),MS,8.2,2026-07-14
Maracujá Azedo,1Kg,Frutas,CEASA-RJ Rio de Janeiro(RJ),RJ,7.0,2026-07-14
Maracujá Azedo,1Kg,Frutas,CEASA-CE Fortaleza(CE),CE,5.48,2026-07-14
Maracujá Azedo,1Kg,Frutas,CEASA-CE Tianguá(CE),CE,5.0,2026-07-14
Maracujá Azedo,1Kg,Frutas,CEASA-PR Curitiba(PR),PR,9.09,2026-07-14
Maracujá Azedo,1Kg,Frutas,CEASA-AL Maceió(AL),AL,5.33,2026-07-14
Maracujá Azedo,1Kg,Frutas,CEASA-ES Vitória(ES),ES,7.0,2026-07-14
Maracujá Azedo,1Kg,Frutas,CEASA-RN Natal(RN),RN,6.5,2026-07-14
Maracujá Azedo,1Kg,Frutas,AMA-BA Juazeiro(BA),BA,3.75,2026-07-14
Maracujá Azedo,1Kg,Frutas,CEASA-MA São Luís(MA),MA,9.17,2026-07-14
Maracujá Azedo,1Kg,Frutas,CEASA-MT Cuiabá(MT),MT,10.0,2026-07-14
Maracujá Azedo,1Kg,Frutas,CEASAMINAS Barbacena(MG),MG,9.16,2026-07-14
Maracujá Azedo,1Kg,Frutas,CEASA-PR Cascavel(PR),PR,13.0,2026-07-14
Melancia,1Kg,Frutas,CEAGESP Ribeirão Preto(SP),SP,2.72,2026-07-14
Melancia,1Kg,Frutas,CEASA-PB Patos(PB),PB,1.77,2026-07-14
Melancia,1Kg,Frutas,CEASA-SC Florianópolis(SC),SC,3.0,2026-07-14
Melancia,1Kg,Frutas,CEASA-PE Recife(PE),PE,2.2,2026-07-14
Melancia,1Kg,Frutas,CEASA-MS Campo Grande(MS),MS,3.5,2026-07-14
Melancia,1Kg,Frutas,CEASA-RJ Rio de Janeiro(RJ),RJ,5.0,2026-07-14
Melancia,1Kg,Frutas,CEASA-CE Fortaleza(CE),CE,3.0,2026-07-14
Melancia,1Kg,Frutas,CEASA-CE Tianguá(CE),CE,2.2,2026-07-14
Melancia,1Kg,Frutas,CEASA-PR Curitiba(PR),PR,2.8,2026-07-14
Melancia,1Kg,Frutas,CEASA-AL Maceió(AL),AL,1.39,2026-07-14
Melancia,1Kg,Frutas,CEASA-ES Vitória(ES),ES,3.2,2026-07-14
Melancia,1Kg,Frutas,CEASA-RN Natal(RN),RN,2.0,2026-07-14
Melancia,1Kg,Frutas,AMA-BA Juazeiro(BA),BA,1.6,2026-07-14
Melancia,1Kg,Frutas,CEASA-MA São Luís(MA),MA,3.71,2026-07-14
Melancia,1Kg,Frutas,CEASA-MT Cuiabá(MT),MT,3.0,2026-07-14
Melancia,1Kg,Frutas,CEASAMINAS Barbacena(MG),MG,3.3,2026-07-14
Melancia,1Kg,Frutas,CEASA-PR Cascavel(PR),PR,3.6,2026-07-14
Melão Amarelo,1Kg,Frutas,CEAGESP Ribeirão Preto(SP),SP,10.0,2026-07-14
Melão Amarelo,1Kg,Frutas,CEASA-PB Patos(PB),PB,2.58,2026-07-14
Melão Amarelo,1Kg,Frutas,CEASA-SC Florianópolis(SC),SC,5.38,2026-07-14
Melão Amarelo,1Kg,Frutas,CEASA-PE Recife(PE),PE,2.5,2026-07-14
Melão Amarelo,1Kg,Frutas,CEASA-MS Campo Grande(MS),MS,5.4,2026-07-14
Melão Amarelo,1Kg,Frutas,CEASA-RJ Rio de Janeiro(RJ),RJ,3.85,2026-07-14
Melão Amarelo,1Kg,Frutas,CEASA-CE Fortaleza(CE),CE,4.0,2026-07-14
Melão Amarelo,1Kg,Frutas,CEASA-CE Tianguá(CE),CE,3.18,2026-07-14
Melão Amarelo,1Kg,Frutas,CEASA-PR Curitiba(PR),PR,5.38,2026-07-14
Melão Amarelo,1Kg,Frutas,CEASA-AL Maceió(AL),AL,3.5,2026-07-14
Melão Amarelo,1Kg,Frutas,CEASA-ES Vitória(ES),ES,6.7,2026-07-14
Melão Amarelo,1Kg,Frutas,CEASA-RN Natal(RN),RN,3.5,2026-07-14
Melão Amarelo,1Kg,Frutas,AMA-BA Juazeiro(BA),BA,2.2,2026-07-14
Melão Amarelo,1Kg,Frutas,CEASA-MA São Luís(MA),MA,4.75,2026-07-14
Melão Amarelo,1Kg,Frutas,CEASA-MT Cuiabá(MT),MT,4.44,2026-07-14
Melão Amarelo,1Kg,Frutas,CEASAMINAS Barbacena(MG),MG,5.0,2026-07-14
Melão Amarelo,1Kg,Frutas,CEASA-PR Cascavel(PR),PR,5.5,2026-07-14
Morango,1Kg,Frutas,CEAGESP Ribeirão Preto(SP),SP,40.0,2026-07-14
Morango,1Kg,Frutas,CEASA-PB Patos(PB),PB,34.33,2026-07-14
Morango,1Kg,Frutas,CEASA-SC Florianópolis(SC),SC,35.0,2026-07-14
Morango,1Kg,Frutas,CEASA-PE Recife(PE),PE,40.0,2026-07-14
Morango,1Kg,Frutas,CEASA-MS Campo Grande(MS),MS,30.0,2026-07-14
Morango,1Kg,Frutas,CEASA-RJ Rio de Janeiro(RJ),RJ,20.83,2026-07-14
Morango,1Kg,Frutas,CEASA-CE Fortaleza(CE),CE,45.0,2026-07-14
Morango,1Kg,Frutas,CEASA-CE Tianguá(CE),CE,45.0,2026-07-14
Morango,1Kg,Frutas,CEASA-PR Curitiba(PR),PR,26.67,2026-07-14
Morango,1Kg,Frutas,CEASA-AL Maceió(AL),AL,25.0,2026-07-14
Morango,1Kg,Frutas,CEASA-ES Vitória(ES),ES,20.73,2026-07-14
Morango,1Kg,Frutas,CEASA-RN Natal(RN),RN,45.0,2026-07-14
Morango,1Kg,Frutas,AMA-BA Juazeiro(BA),BA,36.0,2026-07-14
Morango,1Kg,Frutas,CEASA-MA São Luís(MA),MA,61.71,2026-07-14
Morango,1Kg,Frutas,CEASA-MT Cuiabá(MT),MT,45.0,2026-07-14
Morango,1Kg,Frutas,CEASAMINAS Barbacena(MG),MG,13.33,2026-07-14
Morango,1Kg,Frutas,CEASA-PR Cascavel(PR),PR,38.35,2026-07-14
Pêra Estrangeira,1Kg,Frutas,CEAGESP Ribeirão Preto(SP),SP,11.67,2026-07-14
Pêra Estrangeira,1Kg,Frutas,CEASA-PB Patos(PB),PB,8.67,2026-07-14
Pêra Estrangeira,1Kg,Frutas,CEASA-SC Florianópolis(SC),SC,10.0,2026-07-14
Pêra Estrangeira,1Kg,Frutas,CEASA-PE Recife(PE),PE,8.5,2026-07-14
Pêra Estrangeira,1Kg,Frutas,CEASA-MS Campo Grande(MS),MS,8.0,2026-07-14
Pêra Estrangeira,1Kg,Frutas,CEASA-RJ Rio de Janeiro(RJ),RJ,14.0,2026-07-14
Pêra Estrangeira,1Kg,Frutas,CEASA-CE Fortaleza(CE),CE,13.9,2026-07-14
Pêra Estrangeira,1Kg,Frutas,CEASA-PR Curitiba(PR),PR,8.33,2026-07-14
Pêra Estrangeira,1Kg,Frutas,CEASA-AL Maceió(AL),AL,9.75,2026-07-14
Pêra Estrangeira,1Kg,Frutas,CEASA-ES Vitória(ES),ES,9.93,2026-07-14
Pêra Estrangeira,1Kg,Frutas,CEASA-RN Natal(RN),RN,10.0,2026-07-14
Pêra Estrangeira,1Kg,Frutas,AMA-BA Juazeiro(BA),BA,9.17,2026-07-14
Pêra Estrangeira,1Kg,Frutas,CEASA-MA São Luís(MA),MA,17.45,2026-07-14
Pêra Estrangeira,1Kg,Frutas,CEASAMINAS Barbacena(MG),MG,7.5,2026-07-14
Pêra Estrangeira,1Kg,Frutas,CEASA-PR Cascavel(PR),PR,8.5,2026-07-14
Tangerina,1Kg,Frutas,CEAGESP Ribeirão Preto(SP),SP,3.16,2026-07-14
Tangerina,1Kg,Frutas,CEASA-PB Patos(PB),PB,6.0,2026-07-14
Tangerina,1Kg,Frutas,CEASA-SC Florianópolis(SC),SC,2.27,2026-07-14
Tangerina,1Kg,Frutas,CEASA-PE Recife(PE),PE,2.6,2026-07-14
Tangerina,1Kg,Frutas,CEASA-MS Campo Grande(MS),MS,2.0,2026-07-14
Tangerina,1Kg,Frutas,CEASA-RJ Rio de Janeiro(RJ),RJ,5.56,2026-07-14
Tangerina,1Kg,Frutas,CEASA-CE Fortaleza(CE),CE,7.0,2026-07-14
Tangerina,1Kg,Frutas,CEASA-CE Tianguá(CE),CE,4.0,2026-07-14
Tangerina,1Kg,Frutas,CEASA-PR Curitiba(PR),PR,2.0,2026-07-14
Tangerina,1Kg,Frutas,CEASA-AL Maceió(AL),AL,3.33,2026-07-14
Tangerina,1Kg,Frutas,CEASA-ES Vitória(ES),ES,2.78,2026-07-14
Tangerina,1Kg,Frutas,CEASA-RN Natal(RN),RN,3.6,2026-07-14
Tangerina,1Kg,Frutas,AMA-BA Juazeiro(BA),BA,6.11,2026-07-14
Tangerina,1Kg,Frutas,CEASA-MA São Luís(MA),MA,3.63,2026-07-14
Tangerina,1Kg,Frutas,CEASA-MT Cuiabá(MT),MT,3.5,2026-07-14
Tangerina,1Kg,Frutas,CEASAMINAS Barbacena(MG),MG,2.22,2026-07-14
Tangerina,1Kg,Frutas,CEASA-PR Cascavel(PR),PR,4.0,2026-07-14
Uva Itália,1Kg,Frutas,CEAGESP Ribeirão Preto(SP),SP,14.3,2026-07-14
Uva Itália,1Kg,Frutas,CEASA-PB Patos(PB),PB,7.92,2026-07-14
Uva Itália,1Kg,Frutas,CEASA-SC Florianópolis(SC),SC,8.89,2026-07-14
Uva Itália,1Kg,Frutas,CEASA-PE Recife(PE),PE,6.67,2026-07-14
Uva Itália,1Kg,Frutas,CEASA-MS Campo Grande(MS),MS,11.45,2026-07-14
Uva Itália,1Kg,Frutas,CEASA-RJ Rio de Janeiro(RJ),RJ,9.0,2026-07-14
Uva Itália,1Kg,Frutas,CEASA-CE Fortaleza(CE),CE,8.0,2026-07-14
Uva Itália,1Kg,Frutas,CEASA-CE Tianguá(CE),CE,9.5,2026-07-14
Uva Itália,1Kg,Frutas,CEASA-PR Curitiba(PR),PR,10.0,2026-07-14
Uva Itália,1Kg,Frutas,CEASA-AL Maceió(AL),AL,5.45,2026-07-14
Uva Itália,1Kg,Frutas,CEASA-ES Vitória(ES),ES,13.75,2026-07-14
Uva Itália,1Kg,Frutas,CEASA-RN Natal(RN),RN,7.5,2026-07-14
Uva Itália,1Kg,Frutas,AMA-BA Juazeiro(BA),BA,7.0,2026-07-14
Uva Itália,1Kg,Frutas,CEASA-MA São Luís(MA),MA,24.13,2026-07-14
Uva Itália,1Kg,Frutas,CEASAMINAS Barbacena(MG),MG,10.0,2026-07-14
Uva Itália,1Kg,Frutas,CEASA-PR Cascavel(PR),PR,11.0,2026-07-14
Uva Niagara,1Kg,Frutas,CEAGESP Ribeirão Preto(SP),SP,14.0,2026-07-14
Uva Niagara,1Kg,Frutas,CEASA-PB Patos(PB),PB,6.33,2026-07-14
Uva Niagara,1Kg,Frutas,CEASA-SC Florianópolis(SC),SC,11.0,2026-07-14
Uva Niagara,1Kg,Frutas,CEASA-MS Campo Grande(MS),MS,13.0,2026-07-14
Uva Niagara,1Kg,Frutas,CEASA-RJ Rio de Janeiro(RJ),RJ,11.0,2026-07-14
Uva Niagara,1Kg,Frutas,CEASA-PR Curitiba(PR),PR,10.63,2026-07-14
Uva Niagara,1Kg,Frutas,CEASA-ES Vitória(ES),ES,16.0,2026-07-14
Uva Niagara,1Kg,Frutas,CEASA-MT Cuiabá(MT),MT,18.0,2026-07-14
Uva Niagara,1Kg,Frutas,CEASAMINAS Barbacena(MG),MG,12.0,2026-07-14
Uva Niagara,1Kg,Frutas,CEASA-PR Cascavel(PR),PR,11.5,2026-07-14
Uva Rubi,1Kg,Frutas,CEAGESP Ribeirão Preto(SP),SP,16.0,2026-07-14
Uva Rubi,1Kg,Frutas,CEASA-PB Patos(PB),PB,9.25,2026-07-14
Uva Rubi,1Kg,Frutas,CEASA-SC Florianópolis(SC),SC,8.89,2026-07-14
Uva Rubi,1Kg,Frutas,CEASA-MS Campo Grande(MS),MS,11.4,2026-07-14
Uva Rubi,1Kg,Frutas,CEASA-RJ Rio de Janeiro(RJ),RJ,11.0,2026-07-14
Uva Rubi,1Kg,Frutas,CEASA-CE Tianguá(CE),CE,10.5,2026-07-14
Uva Rubi,1Kg,Frutas,CEASA-PR Curitiba(PR),PR,10.0,2026-07-14
Uva Rubi,1Kg,Frutas,CEASA-AL Maceió(AL),AL,6.5,2026-07-14
Uva Rubi,1Kg,Frutas,CEASA-RN Natal(RN),RN,11.0,2026-07-14
Uva Rubi,1Kg,Frutas,CEASAMINAS Barbacena(MG),MG,10.0,2026-07-14
Abacate,1Kg,Frutas,CEAGESP Ribeirão Preto(SP),SP,2.0,2026-07-13
Abacate,1Kg,Frutas,CEASA-PE Recife(PE),PE,4.0,2026-07-13
Abacate,1Kg,Frutas,CEASA-PE Caruaru(PE),PE,5.0,2026-07-13
Abacate,1Kg,Frutas,CEASA-CE Fortaleza(CE),CE,4.65,2026-07-13
Abacate,1Kg,Frutas,CEASA-PR Curitiba(PR),PR,3.5,2026-07-13
Abacate,1Kg,Frutas,CEASA-AL Maceió(AL),AL,6.6,2026-07-13
Abacate,1Kg,Frutas,CEASA-ES Vitória(ES),ES,2.32,2026-07-13
Abacate,1Kg,Frutas,CEASA-MA São Luís(MA),MA,7.0,2026-07-13
Abacate,1Kg,Frutas,CEASA-MT Cuiabá(MT),MT,5.56,2026-07-13
Abacate,1Kg,Frutas,CEASAMINAS Belo Horizonte(MG),MG,3.33,2026-07-13
Abacate,1Kg,Frutas,CEASA-RJ Rio de Janeiro(RJ),RJ,3.67,2026-07-13
Abacate,1Kg,Frutas,CEAGESP Bauru(SP),SP,3.3,2026-07-13
Abacate,1Kg,Frutas,CEAGESP Presidente Prudente(SP),SP,3.18,2026-07-13
Abacate,1Kg,Frutas,AMA-BA Juazeiro(BA),BA,3.65,2026-07-13
Abacate,1Kg,Frutas,CEAGESP São Paulo(SP),SP,3.1,2026-07-13
Abacate,1Kg,Frutas,CEASA-PR Cascavel(PR),PR,3.0,2026-07-13
Abacaxi,1Un,Frutas,CEAGESP Ribeirão Preto(SP),SP,6.33,2026-07-13
Abacaxi,1Un,Frutas,CEASA-PE Recife(PE),PE,3.5,2026-07-13
Abacaxi,1Un,Frutas,CEASA-PE Caruaru(PE),PE,5.0,2026-07-13
Abacaxi,1Un,Frutas,CEASA-CE Fortaleza(CE),CE,5.65,2026-07-13
Abacaxi,1Un,Frutas,CEASA-PR Curitiba(PR),PR,7.5,2026-07-13
Abacaxi,1Un,Frutas,CEASA-AL Maceió(AL),AL,4.0,2026-07-13
Abacaxi,1Un,Frutas,CEASA-ES Vitória(ES),ES,7.2,2026-07-13
Abacaxi,1Un,Frutas,CEASA-MA São Luís(MA),MA,9.75,2026-07-13
Abacaxi,1Un,Frutas,CEASA-MT Cuiabá(MT),MT,7.5,2026-07-13
Abacaxi,1Un,Frutas,CEASAMINAS Belo Horizonte(MG),MG,5.83,2026-07-13
Abacaxi,1Un,Frutas,CEASA-RJ Rio de Janeiro(RJ),RJ,5.0,2026-07-13
Abacaxi,1Un,Frutas,CEAGESP Bauru(SP),SP,5.7,2026-07-13
Abacaxi,1Un,Frutas,CEAGESP Presidente Prudente(SP),SP,11.0,2026-07-13
Abacaxi,1Un,Frutas,AMA-BA Juazeiro(BA),BA,7.0,2026-07-13
Abacaxi,1Un,Frutas,CEAGESP São Paulo(SP),SP,6.01,2026-07-13
Abacaxi,1Un,Frutas,CEASA-PR Cascavel(PR),PR,9.9,2026-07-13
Banana Nanica,1Kg,Frutas,CEAGESP Ribeirão Preto(SP),SP,3.07,2026-07-13
Banana Nanica,1Kg,Frutas,CEASA-PE Caruaru(PE),PE,3.75,2026-07-13
Banana Nanica,1Kg,Frutas,CEASA-CE Fortaleza(CE),CE,3.2,2026-07-13
Banana Nanica,1Kg,Frutas,CEASA-PR Curitiba(PR),PR,2.5,2026-07-13
Banana Nanica,1Kg,Frutas,CEASA-ES Vitória(ES),ES,3.5,2026-07-13
Banana Nanica,1Kg,Frutas,CEASA-MA São Luís(MA),MA,4.87,2026-07-13
Banana Nanica,1Kg,Frutas,CEASA-MT Cuiabá(MT),MT,3.16,2026-07-13
Banana Nanica,1Kg,Frutas,CEASAMINAS Belo Horizonte(MG),MG,3.25,2026-07-13
Banana Nanica,1Kg,Frutas,CEASA-RJ Rio de Janeiro(RJ),RJ,3.5,2026-07-13
Banana Nanica,1Kg,Frutas,CEAGESP Bauru(SP),SP,3.6,2026-07-13
Banana Nanica,1Kg,Frutas,CEAGESP Presidente Prudente(SP),SP,4.0,2026-07-13
Banana Nanica,1Kg,Frutas,AMA-BA Juazeiro(BA),BA,2.5,2026-07-13
Banana Nanica,1Kg,Frutas,CEAGESP São Paulo(SP),SP,3.28,2026-07-13
Banana Nanica,1Kg,Frutas,CEASA-PR Cascavel(PR),PR,3.5,2026-07-13
Banana Prata,1Kg,Frutas,CEAGESP Ribeirão Preto(SP),SP,4.76,2026-07-13
Banana Prata,1Kg,Frutas,CEASA-PE Recife(PE),PE,2.27,2026-07-13
Banana Prata,1Kg,Frutas,CEASA-PE Caruaru(PE),PE,2.5,2026-07-13
Banana Prata,1Kg,Frutas,CEASA-CE Fortaleza(CE),CE,4.0,2026-07-13
Banana Prata,1Kg,Frutas,CEASA-PR Curitiba(PR),PR,4.0,2026-07-13
Banana Prata,1Kg,Frutas,CEASA-AL Maceió(AL),AL,4.3,2026-07-13
Banana Prata,1Kg,Frutas,CEASA-ES Vitória(ES),ES,5.0,2026-07-13
Banana Prata,1Kg,Frutas,CEASA-MA São Luís(MA),MA,5.33,2026-07-13
Banana Prata,1Kg,Frutas,CEASA-MT Cuiabá(MT),MT,5.79,2026-07-13
Banana Prata,1Kg,Frutas,CEASAMINAS Belo Horizonte(MG),MG,3.75,2026-07-13
Banana Prata,1Kg,Frutas,CEASA-RJ Rio de Janeiro(RJ),RJ,3.5,2026-07-13
Banana Prata,1Kg,Frutas,CEAGESP Bauru(SP),SP,6.3,2026-07-13
Banana Prata,1Kg,Frutas,CEAGESP Presidente Prudente(SP),SP,5.5,2026-07-13
Banana Prata,1Kg,Frutas,AMA-BA Juazeiro(BA),BA,1.92,2026-07-13
Banana Prata,1Kg,Frutas,CEAGESP São Paulo(SP),SP,4.77,2026-07-13
Banana Prata,1Kg,Frutas,CEASA-PR Cascavel(PR),PR,7.0,2026-07-13
Coco Verde,1unidade,Frutas,CEAGESP Ribeirão Preto(SP),SP,3.5,2026-07-13
Coco Verde,1unidade,Frutas,CEASA-PE Recife(PE),PE,1.8,2026-07-13
Coco Verde,1unidade,Frutas,CEASA-PE Caruaru(PE),PE,2.5,2026-07-13
Coco Verde,1unidade,Frutas,CEASA-CE Fortaleza(CE),CE,2.3,2026-07-13
Coco Verde,1unidade,Frutas,CEASA-PR Curitiba(PR),PR,6.0,2026-07-13
Coco Verde,1unidade,Frutas,CEASA-AL Maceió(AL),AL,2.0,2026-07-13
Coco Verde,1unidade,Frutas,CEASA-ES Vitória(ES),ES,3.5,2026-07-13
Coco Verde,1unidade,Frutas,CEASA-MA São Luís(MA),MA,3.6,2026-07-13
Coco Verde,1unidade,Frutas,CEASA-MT Cuiabá(MT),MT,3.0,2026-07-13
Coco Verde,1unidade,Frutas,CEASAMINAS Belo Horizonte(MG),MG,3.0,2026-07-13
Coco Verde,1unidade,Frutas,CEASA-RJ Rio de Janeiro(RJ),RJ,3.2,2026-07-13
Coco Verde,1unidade,Frutas,CEAGESP Bauru(SP),SP,4.5,2026-07-13
Coco Verde,1unidade,Frutas,CEAGESP Presidente Prudente(SP),SP,4.0,2026-07-13
Coco Verde,1unidade,Frutas,AMA-BA Juazeiro(BA),BA,1.0,2026-07-13
Coco Verde,1unidade,Frutas,CEAGESP São Paulo(SP),SP,2.8,2026-07-13
Coco Verde,1unidade,Frutas,CEASA-PR Cascavel(PR),PR,5.0,2026-07-13
Goiaba,1Kg,Frutas,CEAGESP Ribeirão Preto(SP),SP,7.89,2026-07-13
Goiaba,1Kg,Frutas,CEASA-PE Recife(PE),PE,2.86,2026-07-13
Goiaba,1Kg,Frutas,CEASA-PE Caruaru(PE),PE,3.2,2026-07-13
Goiaba,1Kg,Frutas,CEASA-CE Fortaleza(CE),CE,4.4,2026-07-13
Goiaba,1Kg,Frutas,CEASA-PR Curitiba(PR),PR,5.63,2026-07-13
Goiaba,1Kg,Frutas,CEASA-AL Maceió(AL),AL,2.84,2026-07-13
Goiaba,1Kg,Frutas,CEASA-ES Vitória(ES),ES,3.13,2026-07-13
Goiaba,1Kg,Frutas,CEASA-MA São Luís(MA),MA,7.13,2026-07-13
Goiaba,1Kg,Frutas,CEASAMINAS Belo Horizonte(MG),MG,5.0,2026-07-13
Goiaba,1Kg,Frutas,CEASA-RJ Rio de Janeiro(RJ),RJ,8.0,2026-07-13
Goiaba,1Kg,Frutas,CEAGESP Bauru(SP),SP,5.4,2026-07-13
Goiaba,1Kg,Frutas,CEAGESP Presidente Prudente(SP),SP,4.0,2026-07-13
Goiaba,1Kg,Frutas,AMA-BA Juazeiro(BA),BA,3.0,2026-07-13
Goiaba,1Kg,Frutas,CEAGESP São Paulo(SP),SP,5.84,2026-07-13
Goiaba,1Kg,Frutas,CEASA-PR Cascavel(PR),PR,6.0,2026-07-13
Laranja Pêra,1Kg,Frutas,CEAGESP Ribeirão Preto(SP),SP,2.9,2026-07-13
Laranja Pêra,1Kg,Frutas,CEASA-PE Recife(PE),PE,1.75,2026-07-13
Laranja Pêra,1Kg,Frutas,CEASA-PE Caruaru(PE),PE,1.0,2026-07-13
Laranja Pêra,1Kg,Frutas,CEASA-CE Fortaleza(CE),CE,2.5,2026-07-13
Laranja Pêra,1Kg,Frutas,CEASA-PR Curitiba(PR),PR,2.5,2026-07-13
Laranja Pêra,1Kg,Frutas,CEASA-AL Maceió(AL),AL,1.66,2026-07-13
Laranja Pêra,1Kg,Frutas,CEASA-ES Vitória(ES),ES,1.54,2026-07-13
Laranja Pêra,1Kg,Frutas,CEASA-MA São Luís(MA),MA,2.88,2026-07-13
Laranja Pêra,1Kg,Frutas,CEASA-MT Cuiabá(MT),MT,2.0,2026-07-13
Laranja Pêra,1Kg,Frutas,CEASAMINAS Belo Horizonte(MG),MG,1.75,2026-07-13
Laranja Pêra,1Kg,Frutas,CEASA-RJ Rio de Janeiro(RJ),RJ,2.5,2026-07-13
Laranja Pêra,1Kg,Frutas,CEAGESP Bauru(SP),SP,2.2,2026-07-13
Laranja Pêra,1Kg,Frutas,CEAGESP Presidente Prudente(SP),SP,1.81,2026-07-13
Laranja Pêra,1Kg,Frutas,AMA-BA Juazeiro(BA),BA,1.0,2026-07-13
Laranja Pêra,1Kg,Frutas,CEAGESP São Paulo(SP),SP,1.95,2026-07-13
Laranja Pêra,1Kg,Frutas,CEASA-PR Cascavel(PR),PR,2.9,2026-07-13
Limão Taiti,1Kg,Frutas,CEAGESP Ribeirão Preto(SP),SP,2.01,2026-07-13
Limão Taiti,1Kg,Frutas,CEASA-PE Recife(PE),PE,2.22,2026-07-13
Limão Taiti,1Kg,Frutas,CEASA-PE Caruaru(PE),PE,3.0,2026-07-13
Limão Taiti,1Kg,Frutas,CEASA-CE Fortaleza(CE),CE,6.0,2026-07-13
Limão Taiti,1Kg,Frutas,CEASA-PR Curitiba(PR),PR,3.04,2026-07-13
Limão Taiti,1Kg,Frutas,CEASA-AL Maceió(AL),AL,2.5,2026-07-13
Limão Taiti,1Kg,Frutas,CEASA-ES Vitória(ES),ES,4.19,2026-07-13
Limão Taiti,1Kg,Frutas,CEASA-MA São Luís(MA),MA,4.75,2026-07-13
Limão Taiti,1Kg,Frutas,CEASA-MT Cuiabá(MT),MT,4.0,2026-07-13
Limão Taiti,1Kg,Frutas,CEASAMINAS Belo Horizonte(MG),MG,3.5,2026-07-13
Limão Taiti,1Kg,Frutas,CEASA-RJ Rio de Janeiro(RJ),RJ,3.25,2026-07-13
Limão Taiti,1Kg,Frutas,CEAGESP Bauru(SP),SP,2.7,2026-07-13
Limão Taiti,1Kg,Frutas,CEAGESP Presidente Prudente(SP),SP,2.4,2026-07-13
Limão Taiti,1Kg,Frutas,AMA-BA Juazeiro(BA),BA,2.25,2026-07-13
Limão Taiti,1Kg,Frutas,CEAGESP São Paulo(SP),SP,2.85,2026-07-13
Limão Taiti,1Kg,Frutas,CEASA-PR Cascavel(PR),PR,3.7,2026-07-13
Maçã Nacional,1Kg,Frutas,CEAGESP Ribeirão Preto(SP),SP,9.39,2026-07-13
Maçã Nacional,1Kg,Frutas,CEASA-PE Recife(PE),PE,6.67,2026-07-13
Maçã Nacional,1Kg,Frutas,CEASA-PE Caruaru(PE),PE,10.0,2026-07-13
Maçã Nacional,1Kg,Frutas,CEASA-CE Fortaleza(CE),CE,10.4,2026-07-13
Maçã Nacional,1Kg,Frutas,CEASA-PR Curitiba(PR),PR,6.67,2026-07-13
Maçã Nacional,1Kg,Frutas,CEASA-AL Maceió(AL),AL,10.6,2026-07-13
Maçã Nacional,1Kg,Frutas,CEASA-ES Vitória(ES),ES,5.26,2026-07-13
Maçã Nacional,1Kg,Frutas,CEASA-MA São Luís(MA),MA,11.4,2026-07-13
Maçã Nacional,1Kg,Frutas,CEASA-MT Cuiabá(MT),MT,8.33,2026-07-13
Maçã Nacional,1Kg,Frutas,CEASAMINAS Belo Horizonte(MG),MG,5.0,2026-07-13
Maçã Nacional,1Kg,Frutas,CEASA-RJ Rio de Janeiro(RJ),RJ,6.67,2026-07-13
Maçã Nacional,1Kg,Frutas,CEAGESP Bauru(SP),SP,6.1,2026-07-13
Maçã Nacional,1Kg,Frutas,CEAGESP Presidente Prudente(SP),SP,7.22,2026-07-13
Maçã Nacional,1Kg,Frutas,AMA-BA Juazeiro(BA),BA,5.42,2026-07-13
Maçã Nacional,1Kg,Frutas,CEAGESP São Paulo(SP),SP,6.39,2026-07-13
Maçã Nacional,1Kg,Frutas,CEASA-PR Cascavel(PR),PR,6.0,2026-07-13
Mamão Formosa,1Kg,Frutas,CEAGESP Ribeirão Preto(SP),SP,3.53,2026-07-13
Mamão Formosa,1Kg,Frutas,CEASA-PE Recife(PE),PE,3.5,2026-07-13
Mamão Formosa,1Kg,Frutas,CEASA-PE Caruaru(PE),PE,3.5,2026-07-13
Mamão Formosa,1Kg,Frutas,CEASA-CE Fortaleza(CE),CE,4.0,2026-07-13
Mamão Formosa,1Kg,Frutas,CEASA-PR Curitiba(PR),PR,5.0,2026-07-13
Mamão Formosa,1Kg,Frutas,CEASA-AL Maceió(AL),AL,2.0,2026-07-13
Mamão Formosa,1Kg,Frutas,CEASA-ES Vitória(ES),ES,5.33,2026-07-13
Mamão Formosa,1Kg,Frutas,CEASA-MA São Luís(MA),MA,5.17,2026-07-13
Mamão Formosa,1Kg,Frutas,CEASA-MT Cuiabá(MT),MT,3.95,2026-07-13
Mamão Formosa,1Kg,Frutas,CEASAMINAS Belo Horizonte(MG),MG,3.61,2026-07-13
Mamão Formosa,1Kg,Frutas,CEASA-RJ Rio de Janeiro(RJ),RJ,6.0,2026-07-13
Mamão Formosa,1Kg,Frutas,CEAGESP Bauru(SP),SP,8.5,2026-07-13
Mamão Formosa,1Kg,Frutas,CEAGESP Presidente Prudente(SP),SP,3.75,2026-07-13
Mamão Formosa,1Kg,Frutas,AMA-BA Juazeiro(BA),BA,1.58,2026-07-13
Mamão Formosa,1Kg,Frutas,CEAGESP São Paulo(SP),SP,5.77,2026-07-13
Mamão Formosa,1Kg,Frutas,CEASA-PR Cascavel(PR),PR,8.0,2026-07-13
Mamão Havaí,1Kg,Frutas,CEAGESP Ribeirão Preto(SP),SP,7.43,2026-07-13
Mamão Havaí,1Kg,Frutas,CEASA-PE Recife(PE),PE,5.0,2026-07-13
Mamão Havaí,1Kg,Frutas,CEASA-PE Caruaru(PE),PE,5.5,2026-07-13
Mamão Havaí,1Kg,Frutas,CEASA-CE Fortaleza(CE),CE,8.0,2026-07-13
Mamão Havaí,1Kg,Frutas,CEASA-PR Curitiba(PR),PR,15.0,2026-07-13
Mamão Havaí,1Kg,Frutas,CEASA-AL Maceió(AL),AL,3.5,2026-07-13
Mamão Havaí,1Kg,Frutas,CEASA-ES Vitória(ES),ES,10.33,2026-07-13
Mamão Havaí,1Kg,Frutas,CEASA-MA São Luís(MA),MA,9.5,2026-07-13
Mamão Havaí,1Kg,Frutas,CEASA-MT Cuiabá(MT),MT,11.0,2026-07-13
Mamão Havaí,1Kg,Frutas,CEASAMINAS Belo Horizonte(MG),MG,10.0,2026-07-13
Mamão Havaí,1Kg,Frutas,CEASA-RJ Rio de Janeiro(RJ),RJ,11.0,2026-07-13
Mamão Havaí,1Kg,Frutas,CEAGESP Bauru(SP),SP,14.4,2026-07-13
Mamão Havaí,1Kg,Frutas,CEAGESP Presidente Prudente(SP),SP,16.0,2026-07-13
Mamão Havaí,1Kg,Frutas,AMA-BA Juazeiro(BA),BA,4.55,2026-07-13
Mamão Havaí,1Kg,Frutas,CEAGESP São Paulo(SP),SP,8.36,2026-07-13
Mamão Havaí,1Kg,Frutas,CEASA-PR Cascavel(PR),PR,13.0,2026-07-13
Manga,1Kg,Frutas,CEAGESP Ribeirão Preto(SP),SP,7.08,2026-07-13
Manga,1Kg,Frutas,CEASA-PE Recife(PE),PE,5.2,2026-07-13
Manga,1Kg,Frutas,CEASA-PE Caruaru(PE),PE,5.2,2026-07-13
Manga,1Kg,Frutas,CEASA-CE Fortaleza(CE),CE,5.65,2026-07-13
Manga,1Kg,Frutas,CEASA-PR Curitiba(PR),PR,7.5,2026-07-13
Manga,1Kg,Frutas,CEASA-AL Maceió(AL),AL,2.4,2026-07-13
Manga,1Kg,Frutas,CEASA-ES Vitória(ES),ES,7.06,2026-07-13
Manga,1Kg,Frutas,CEASA-MA São Luís(MA),MA,11.15,2026-07-13
Manga,1Kg,Frutas,CEASA-MT Cuiabá(MT),MT,7.37,2026-07-13
Manga,1Kg,Frutas,CEASAMINAS Belo Horizonte(MG),MG,5.55,2026-07-13
Manga,1Kg,Frutas,CEASA-RJ Rio de Janeiro(RJ),RJ,7.78,2026-07-13
Manga,1Kg,Frutas,CEAGESP Bauru(SP),SP,9.2,2026-07-13
Manga,1Kg,Frutas,CEAGESP Presidente Prudente(SP),SP,5.0,2026-07-13
Manga,1Kg,Frutas,AMA-BA Juazeiro(BA),BA,4.04,2026-07-13
Manga,1Kg,Frutas,CEAGESP São Paulo(SP),SP,5.88,2026-07-13
Manga,1Kg,Frutas,CEASA-PR Cascavel(PR),PR,10.0,2026-07-13
Maracujá Azedo,1Kg,Frutas,CEAGESP Ribeirão Preto(SP),SP,7.24,2026-07-13
Maracujá Azedo,1Kg,Frutas,CEASA-PE Recife(PE),PE,4.7,2026-07-13
Maracujá Azedo,1Kg,Frutas,CEASA-PE Caruaru(PE),PE,5.6,2026-07-13
Maracujá Azedo,1Kg,Frutas,CEASA-CE Fortaleza(CE),CE,6.25,2026-07-13
Maracujá Azedo,1Kg,Frutas,CEASA-PR Curitiba(PR),PR,8.18,2026-07-13
Maracujá Azedo,1Kg,Frutas,CEASA-AL Maceió(AL),AL,5.33,2026-07-13
Maracujá Azedo,1Kg,Frutas,CEASA-ES Vitória(ES),ES,7.63,2026-07-13
Maracujá Azedo,1Kg,Frutas,CEASA-MA São Luís(MA),MA,9.17,2026-07-13
Maracujá Azedo,1Kg,Frutas,CEASA-MT Cuiabá(MT),MT,10.0,2026-07-13
Maracujá Azedo,1Kg,Frutas,CEASAMINAS Belo Horizonte(MG),MG,5.83,2026-07-13
Maracujá Azedo,1Kg,Frutas,CEASA-RJ Rio de Janeiro(RJ),RJ,7.0,2026-07-13
Maracujá Azedo,1Kg,Frutas,CEAGESP Bauru(SP),SP,6.2,2026-07-13
Maracujá Azedo,1Kg,Frutas,CEAGESP Presidente Prudente(SP),SP,8.18,2026-07-13
Maracujá Azedo,1Kg,Frutas,AMA-BA Juazeiro(BA),BA,3.75,2026-07-13
Maracujá Azedo,1Kg,Frutas,CEAGESP São Paulo(SP),SP,6.52,2026-07-13
Maracujá Azedo,1Kg,Frutas,CEASA-PR Cascavel(PR),PR,14.0,2026-07-13
Melancia,1Kg,Frutas,CEAGESP Ribeirão Preto(SP),SP,2.72,2026-07-13
Melancia,1Kg,Frutas,CEASA-PE Recife(PE),PE,2.2,2026-07-13
Melancia,1Kg,Frutas,CEASA-PE Caruaru(PE),PE,1.8,2026-07-13
Melancia,1Kg,Frutas,CEASA-CE Fortaleza(CE),CE,3.0,2026-07-13
Melancia,1Kg,Frutas,CEASA-PR Curitiba(PR),PR,2.8,2026-07-13
Melancia,1Kg,Frutas,CEASA-AL Maceió(AL),AL,1.39,2026-07-13
Melancia,1Kg,Frutas,CEASA-ES Vitória(ES),ES,3.13,2026-07-13
Melancia,1Kg,Frutas,CEASA-MA São Luís(MA),MA,3.71,2026-07-13
Melancia,1Kg,Frutas,CEASA-MT Cuiabá(MT),MT,3.0,2026-07-13
Melancia,1Kg,Frutas,CEASAMINAS Belo Horizonte(MG),MG,3.0,2026-07-13
Melancia,1Kg,Frutas,CEASA-RJ Rio de Janeiro(RJ),RJ,3.0,2026-07-13
Melancia,1Kg,Frutas,CEAGESP Bauru(SP),SP,2.7,2026-07-13
Melancia,1Kg,Frutas,CEAGESP Presidente Prudente(SP),SP,3.5,2026-07-13
Melancia,1Kg,Frutas,AMA-BA Juazeiro(BA),BA,1.7,2026-07-13
Melancia,1Kg,Frutas,CEAGESP São Paulo(SP),SP,2.5,2026-07-13
Melancia,1Kg,Frutas,CEASA-PR Cascavel(PR),PR,3.6,2026-07-13
Melão Amarelo,1Kg,Frutas,CEAGESP Ribeirão Preto(SP),SP,10.0,2026-07-13
Melão Amarelo,1Kg,Frutas,CEASA-PE Recife(PE),PE,2.5,2026-07-13
Melão Amarelo,1Kg,Frutas,CEASA-PE Caruaru(PE),PE,2.5,2026-07-13
Melão Amarelo,1Kg,Frutas,CEASA-CE Fortaleza(CE),CE,4.0,2026-07-13
Melão Amarelo,1Kg,Frutas,CEASA-PR Curitiba(PR),PR,5.38,2026-07-13
Melão Amarelo,1Kg,Frutas,CEASA-AL Maceió(AL),AL,3.5,2026-07-13
Melão Amarelo,1Kg,Frutas,CEASA-ES Vitória(ES),ES,6.58,2026-07-13
Melão Amarelo,1Kg,Frutas,CEASA-MA São Luís(MA),MA,4.75,2026-07-13
Melão Amarelo,1Kg,Frutas,CEASA-MT Cuiabá(MT),MT,4.44,2026-07-13
Melão Amarelo,1Kg,Frutas,CEASAMINAS Belo Horizonte(MG),MG,3.84,2026-07-13
Melão Amarelo,1Kg,Frutas,CEASA-RJ Rio de Janeiro(RJ),RJ,4.62,2026-07-13
Melão Amarelo,1Kg,Frutas,CEAGESP Bauru(SP),SP,4.2,2026-07-13
Melão Amarelo,1Kg,Frutas,CEAGESP Presidente Prudente(SP),SP,4.61,2026-07-13
Melão Amarelo,1Kg,Frutas,AMA-BA Juazeiro(BA),BA,2.2,2026-07-13
Melão Amarelo,1Kg,Frutas,CEAGESP São Paulo(SP),SP,3.46,2026-07-13
Melão Amarelo,1Kg,Frutas,CEASA-PR Cascavel(PR),PR,5.5,2026-07-13
Morango,1Kg,Frutas,CEAGESP Ribeirão Preto(SP),SP,40.0,2026-07-13
Morango,1Kg,Frutas,CEASA-PE Recife(PE),PE,40.0,2026-07-13
Morango,1Kg,Frutas,CEASA-PE Caruaru(PE),PE,30.0,2026-07-13
Morango,1Kg,Frutas,CEASA-CE Fortaleza(CE),CE,45.0,2026-07-13
Morango,1Kg,Frutas,CEASA-PR Curitiba(PR),PR,26.67,2026-07-13
Morango,1Kg,Frutas,CEASA-AL Maceió(AL),AL,25.0,2026-07-13
Morango,1Kg,Frutas,CEASA-ES Vitória(ES),ES,20.0,2026-07-13
Morango,1Kg,Frutas,CEASA-MA São Luís(MA),MA,61.71,2026-07-13
Morango,1Kg,Frutas,CEASA-MT Cuiabá(MT),MT,45.0,2026-07-13
Morango,1Kg,Frutas,CEASAMINAS Belo Horizonte(MG),MG,29.16,2026-07-13
Morango,1Kg,Frutas,CEASA-RJ Rio de Janeiro(RJ),RJ,20.83,2026-07-13
Morango,1Kg,Frutas,CEAGESP Bauru(SP),SP,29.6,2026-07-13
Morango,1Kg,Frutas,CEAGESP Presidente Prudente(SP),SP,35.0,2026-07-13
Morango,1Kg,Frutas,AMA-BA Juazeiro(BA),BA,36.0,2026-07-13
Morango,1Kg,Frutas,CEAGESP São Paulo(SP),SP,34.5,2026-07-13
Morango,1Kg,Frutas,CEASA-PR Cascavel(PR),PR,40.0,2026-07-13
Pêra Estrangeira,1Kg,Frutas,CEAGESP Ribeirão Preto(SP),SP,11.67,2026-07-13
Pêra Estrangeira,1Kg,Frutas,CEASA-PE Recife(PE),PE,8.5,2026-07-13
Pêra Estrangeira,1Kg,Frutas,CEASA-PE Caruaru(PE),PE,12.0,2026-07-13
Pêra Estrangeira,1Kg,Frutas,CEASA-CE Fortaleza(CE),CE,13.9,2026-07-13
Pêra Estrangeira,1Kg,Frutas,CEASA-PR Curitiba(PR),PR,8.33,2026-07-13
Pêra Estrangeira,1Kg,Frutas,CEASA-AL Maceió(AL),AL,9.75,2026-07-13
Pêra Estrangeira,1Kg,Frutas,CEASA-ES Vitória(ES),ES,10.28,2026-07-13
Pêra Estrangeira,1Kg,Frutas,CEASA-MA São Luís(MA),MA,17.45,2026-07-13
Pêra Estrangeira,1Kg,Frutas,CEASAMINAS Belo Horizonte(MG),MG,8.0,2026-07-13
Pêra Estrangeira,1Kg,Frutas,CEASA-RJ Rio de Janeiro(RJ),RJ,14.0,2026-07-13
Pêra Estrangeira,1Kg,Frutas,CEAGESP Bauru(SP),SP,7.2,2026-07-13
Pêra Estrangeira,1Kg,Frutas,CEAGESP Presidente Prudente(SP),SP,8.88,2026-07-13
Pêra Estrangeira,1Kg,Frutas,AMA-BA Juazeiro(BA),BA,9.17,2026-07-13
Pêra Estrangeira,1Kg,Frutas,CEAGESP São Paulo(SP),SP,8.54,2026-07-13
Pêra Estrangeira,1Kg,Frutas,CEASA-PR Cascavel(PR),PR,9.0,2026-07-13
Tangerina,1Kg,Frutas,CEAGESP Ribeirão Preto(SP),SP,3.16,2026-07-13
Tangerina,1Kg,Frutas,CEASA-PE Recife(PE),PE,2.8,2026-07-13
Tangerina,1Kg,Frutas,CEASA-PE Caruaru(PE),PE,9.0,2026-07-13
Tangerina,1Kg,Frutas,CEASA-CE Fortaleza(CE),CE,7.0,2026-07-13
Tangerina,1Kg,Frutas,CEASA-PR Curitiba(PR),PR,2.0,2026-07-13
Tangerina,1Kg,Frutas,CEASA-AL Maceió(AL),AL,3.33,2026-07-13
Tangerina,1Kg,Frutas,CEASA-ES Vitória(ES),ES,2.6,2026-07-13
Tangerina,1Kg,Frutas,CEASA-MA São Luís(MA),MA,3.63,2026-07-13
Tangerina,1Kg,Frutas,CEASA-MT Cuiabá(MT),MT,3.5,2026-07-13
Tangerina,1Kg,Frutas,CEASAMINAS Belo Horizonte(MG),MG,2.77,2026-07-13
Tangerina,1Kg,Frutas,CEASA-RJ Rio de Janeiro(RJ),RJ,5.56,2026-07-13
Tangerina,1Kg,Frutas,CEAGESP Bauru(SP),SP,2.6,2026-07-13
Tangerina,1Kg,Frutas,CEAGESP Presidente Prudente(SP),SP,3.5,2026-07-13
Tangerina,1Kg,Frutas,AMA-BA Juazeiro(BA),BA,6.11,2026-07-13
Tangerina,1Kg,Frutas,CEAGESP São Paulo(SP),SP,2.48,2026-07-13
Tangerina,1Kg,Frutas,CEASA-PR Cascavel(PR),PR,4.0,2026-07-13
Uva Itália,1Kg,Frutas,CEAGESP Ribeirão Preto(SP),SP,14.3,2026-07-13
Uva Itália,1Kg,Frutas,CEASA-PE Recife(PE),PE,6.67,2026-07-13
Uva Itália,1Kg,Frutas,CEASA-PE Caruaru(PE),PE,12.0,2026-07-13
Uva Itália,1Kg,Frutas,CEASA-CE Fortaleza(CE),CE,8.0,2026-07-13
Uva Itália,1Kg,Frutas,CEASA-PR Curitiba(PR),PR,10.0,2026-07-13
Uva Itália,1Kg,Frutas,CEASA-AL Maceió(AL),AL,5.45,2026-07-13
Uva Itália,1Kg,Frutas,CEASA-ES Vitória(ES),ES,13.75,2026-07-13
Uva Itália,1Kg,Frutas,CEASA-MA São Luís(MA),MA,24.13,2026-07-13
Uva Itália,1Kg,Frutas,CEASAMINAS Belo Horizonte(MG),MG,13.75,2026-07-13
Uva Itália,1Kg,Frutas,CEASA-RJ Rio de Janeiro(RJ),RJ,11.0,2026-07-13
Uva Itália,1Kg,Frutas,CEAGESP Bauru(SP),SP,10.6,2026-07-13
Uva Itália,1Kg,Frutas,CEAGESP Presidente Prudente(SP),SP,9.0,2026-07-13
Uva Itália,1Kg,Frutas,AMA-BA Juazeiro(BA),BA,7.0,2026-07-13
Uva Itália,1Kg,Frutas,CEAGESP São Paulo(SP),SP,12.77,2026-07-13
Uva Itália,1Kg,Frutas,CEASA-PR Cascavel(PR),PR,10.5,2026-07-13
Uva Niagara,1Kg,Frutas,CEAGESP Ribeirão Preto(SP),SP,14.0,2026-07-13
Uva Niagara,1Kg,Frutas,CEASA-PR Curitiba(PR),PR,11.25,2026-07-13
Uva Niagara,1Kg,Frutas,CEASA-ES Vitória(ES),ES,16.0,2026-07-13
Uva Niagara,1Kg,Frutas,CEASA-MT Cuiabá(MT),MT,18.0,2026-07-13
Uva Niagara,1Kg,Frutas,CEASAMINAS Belo Horizonte(MG),MG,10.0,2026-07-13
Uva Niagara,1Kg,Frutas,CEASA-RJ Rio de Janeiro(RJ),RJ,11.0,2026-07-13
Uva Niagara,1Kg,Frutas,CEAGESP Bauru(SP),SP,10.8,2026-07-13
Uva Niagara,1Kg,Frutas,CEAGESP Presidente Prudente(SP),SP,11.0,2026-07-13
Uva Niagara,1Kg,Frutas,CEAGESP São Paulo(SP),SP,10.01,2026-07-13
Uva Niagara,1Kg,Frutas,CEASA-PR Cascavel(PR),PR,11.0,2026-07-13
Uva Rubi,1Kg,Frutas,CEAGESP Ribeirão Preto(SP),SP,16.0,2026-07-13
Uva Rubi,1Kg,Frutas,CEASA-PR Curitiba(PR),PR,10.0,2026-07-13
Uva Rubi,1Kg,Frutas,CEASA-AL Maceió(AL),AL,6.5,2026-07-13
Uva Rubi,1Kg,Frutas,CEASA-RJ Rio de Janeiro(RJ),RJ,11.0,2026-07-13
Uva Rubi,1Kg,Frutas,CEAGESP Bauru(SP),SP,17.0,2026-07-13
Uva Rubi,1Kg,Frutas,CEAGESP Presidente Prudente(SP),SP,9.0,2026-07-13
Abacate,1Kg,Frutas,CEASA-MT Cuiabá(MT),MT,4.44,2026-07-12
Abacaxi,1Un,Frutas,CEASA-MT Cuiabá(MT),MT,7.92,2026-07-12
Banana Nanica,1Kg,Frutas,CEASA-MT Cuiabá(MT),MT,3.16,2026-07-12
Banana Prata,1Kg,Frutas,CEASA-MT Cuiabá(MT),MT,5.79,2026-07-12
Coco Verde,1unidade,Frutas,CEASA-MT Cuiabá(MT),MT,3.17,2026-07-12
Laranja Pêra,1Kg,Frutas,CEASA-MT Cuiabá(MT),MT,2.22,2026-07-12
Limão Taiti,1Kg,Frutas,CEASA-MT Cuiabá(MT),MT,3.5,2026-07-12
Maçã Nacional,1Kg,Frutas,CEASA-MT Cuiabá(MT),MT,7.78,2026-07-12
Mamão Formosa,1Kg,Frutas,CEASA-MT Cuiabá(MT),MT,3.68,2026-07-12
Mamão Havaí,1Kg,Frutas,CEASA-MT Cuiabá(MT),MT,9.0,2026-07-12
Manga,1Kg,Frutas,CEASA-MT Cuiabá(MT),MT,6.32,2026-07-12
Maracujá Azedo,1Kg,Frutas,CEASA-MT Cuiabá(MT),MT,9.5,2026-07-12
Melancia,1Kg,Frutas,CEASA-MT Cuiabá(MT),MT,2.8,2026-07-12
Melão Amarelo,1Kg,Frutas,CEASA-MT Cuiabá(MT),MT,5.19,2026-07-12
Morango,1Kg,Frutas,CEASA-MT Cuiabá(MT),MT,45.0,2026-07-12
Tangerina,1Kg,Frutas,CEASA-MT Cuiabá(MT),MT,3.5,2026-07-12
Uva Niagara,1Kg,Frutas,CEASA-MT Cuiabá(MT),MT,20.0,2026-07-12
Abacate,1Kg,Frutas,CEASA-MT Cuiabá(MT),MT,4.44,2026-07-10
Abacate,1Kg,Frutas,CEASA-PB João Pessoa(PB),PB,4.5,2026-07-10
Abacate,1Kg,Frutas,CEASA-PE Recife(PE),PE,4.0,2026-07-10
Abacate,1Kg,Frutas,CEASA-MS Campo Grande(MS),MS,4.25,2026-07-10
Abacate,1Kg,Frutas,CEASA-PR Curitiba(PR),PR,3.5,2026-07-10
Abacate,1Kg,Frutas,CEASA-PR Foz do Iguaçu(PR),PR,2.3,2026-07-10
Abacate,1Kg,Frutas,CEASA-ES Vitória(ES),ES,2.29,2026-07-10
Abacate,1Kg,Frutas,CEASA-MA São Luís(MA),MA,7.0,2026-07-10
Abacate,1Kg,Frutas,CEASAMINAS Belo Horizonte(MG),MG,3.33,2026-07-10
Abacate,1Kg,Frutas,CEASA-RJ Rio de Janeiro(RJ),RJ,3.33,2026-07-10
Abacate,1Kg,Frutas,CEASA-CE Tianguá(CE),CE,4.6,2026-07-10
Abacate,1Kg,Frutas,CEASA-PR Cascavel(PR),PR,3.0,2026-07-10
Abacate,1Kg,Frutas,CEASA-AL Maceió(AL),AL,6.6,2026-07-10
Abacate,1Kg,Frutas,AMA-BA Juazeiro(BA),BA,3.65,2026-07-10
Abacate,1Kg,Frutas,CEAGESP São José dos Campos(SP),SP,4.3,2026-07-10
Abacaxi,1Un,Frutas,CEASA-MT Cuiabá(MT),MT,7.92,2026-07-10
Abacaxi,1Un,Frutas,CEASA-PB João Pessoa(PB),PB,5.0,2026-07-10
Abacaxi,1Un,Frutas,CEASA-PE Recife(PE),PE,3.5,2026-07-10
Abacaxi,1Un,Frutas,CEASA-MS Campo Grande(MS),MS,9.15,2026-07-10
Abacaxi,1Un,Frutas,CEASA-PR Curitiba(PR),PR,7.5,2026-07-10
Abacaxi,1Un,Frutas,CEASA-PR Foz do Iguaçu(PR),PR,8.75,2026-07-10
Abacaxi,1Un,Frutas,CEASA-ES Vitória(ES),ES,7.2,2026-07-10
Abacaxi,1Un,Frutas,CEASA-MA São Luís(MA),MA,9.75,2026-07-10
Abacaxi,1Un,Frutas,CEASAMINAS Belo Horizonte(MG),MG,5.83,2026-07-10
Abacaxi,1Un,Frutas,CEASA-RJ Rio de Janeiro(RJ),RJ,5.0,2026-07-10
Abacaxi,1Un,Frutas,CEASA-CE Tianguá(CE),CE,6.0,2026-07-10
Abacaxi,1Un,Frutas,CEASA-PR Cascavel(PR),PR,9.7,2026-07-10
Abacaxi,1Un,Frutas,CEASA-AL Maceió(AL),AL,4.0,2026-07-10
Abacaxi,1Un,Frutas,AMA-BA Juazeiro(BA),BA,7.0,2026-07-10
Abacaxi,1Un,Frutas,CEAGESP São José dos Campos(SP),SP,7.5,2026-07-10
Banana Nanica,1Kg,Frutas,CEASA-MT Cuiabá(MT),MT,3.16,2026-07-10
Banana Nanica,1Kg,Frutas,CEASA-PB João Pessoa(PB),PB,2.0,2026-07-10
Banana Nanica,1Kg,Frutas,CEASA-MS Campo Grande(MS),MS,3.5,2026-07-10
Banana Nanica,1Kg,Frutas,CEASA-PR Curitiba(PR),PR,2.5,2026-07-10
Banana Nanica,1Kg,Frutas,CEASA-PR Foz do Iguaçu(PR),PR,2.8,2026-07-10
Banana Nanica,1Kg,Frutas,CEASA-ES Vitória(ES),ES,3.5,2026-07-10
Banana Nanica,1Kg,Frutas,CEASA-MA São Luís(MA),MA,4.87,2026-07-10
Banana Nanica,1Kg,Frutas,CEASAMINAS Belo Horizonte(MG),MG,3.25,2026-07-10
Banana Nanica,1Kg,Frutas,CEASA-RJ Rio de Janeiro(RJ),RJ,3.25,2026-07-10
Banana Nanica,1Kg,Frutas,CEASA-CE Tianguá(CE),CE,4.69,2026-07-10
Banana Nanica,1Kg,Frutas,CEASA-PR Cascavel(PR),PR,3.5,2026-07-10
Banana Nanica,1Kg,Frutas,AMA-BA Juazeiro(BA),BA,2.5,2026-07-10
Banana Nanica,1Kg,Frutas,CEAGESP São José dos Campos(SP),SP,3.0,2026-07-10
Banana Prata,1Kg,Frutas,CEASA-MT Cuiabá(MT),MT,5.79,2026-07-10
Banana Prata,1Kg,Frutas,CEASA-PB João Pessoa(PB),PB,2.2,2026-07-10
Banana Prata,1Kg,Frutas,CEASA-PE Recife(PE),PE,2.27,2026-07-10
Banana Prata,1Kg,Frutas,CEASA-MS Campo Grande(MS),MS,6.5,2026-07-10
Banana Prata,1Kg,Frutas,CEASA-PR Curitiba(PR),PR,4.0,2026-07-10
Banana Prata,1Kg,Frutas,CEASA-PR Foz do Iguaçu(PR),PR,4.7,2026-07-10
Banana Prata,1Kg,Frutas,CEASA-ES Vitória(ES),ES,5.0,2026-07-10
Banana Prata,1Kg,Frutas,CEASA-MA São Luís(MA),MA,5.33,2026-07-10
Banana Prata,1Kg,Frutas,CEASAMINAS Belo Horizonte(MG),MG,3.75,2026-07-10
Banana Prata,1Kg,Frutas,CEASA-RJ Rio de Janeiro(RJ),RJ,3.0,2026-07-10
Banana Prata,1Kg,Frutas,CEASA-CE Tianguá(CE),CE,3.0,2026-07-10
Banana Prata,1Kg,Frutas,CEASA-PR Cascavel(PR),PR,6.5,2026-07-10
Banana Prata,1Kg,Frutas,CEASA-AL Maceió(AL),AL,4.3,2026-07-10
Banana Prata,1Kg,Frutas,AMA-BA Juazeiro(BA),BA,1.92,2026-07-10
Banana Prata,1Kg,Frutas,CEAGESP São José dos Campos(SP),SP,4.25,2026-07-10
Coco Verde,1unidade,Frutas,CEASA-MT Cuiabá(MT),MT,3.17,2026-07-10
Coco Verde,1unidade,Frutas,CEASA-PB João Pessoa(PB),PB,2.0,2026-07-10
Coco Verde,1unidade,Frutas,CEASA-PE Recife(PE),PE,1.5,2026-07-10
Coco Verde,1unidade,Frutas,CEASA-MS Campo Grande(MS),MS,5.0,2026-07-10
Coco Verde,1unidade,Frutas,CEASA-PR Curitiba(PR),PR,6.0,2026-07-10
Coco Verde,1unidade,Frutas,CEASA-PR Foz do Iguaçu(PR),PR,6.0,2026-07-10
Coco Verde,1unidade,Frutas,CEASA-ES Vitória(ES),ES,3.3,2026-07-10
Coco Verde,1unidade,Frutas,CEASA-MA São Luís(MA),MA,3.6,2026-07-10
Coco Verde,1unidade,Frutas,CEASAMINAS Belo Horizonte(MG),MG,3.0,2026-07-10
Coco Verde,1unidade,Frutas,CEASA-RJ Rio de Janeiro(RJ),RJ,3.5,2026-07-10
Coco Verde,1unidade,Frutas,CEASA-CE Tianguá(CE),CE,1.89,2026-07-10
Coco Verde,1unidade,Frutas,CEASA-PR Cascavel(PR),PR,5.0,2026-07-10
Coco Verde,1unidade,Frutas,CEASA-AL Maceió(AL),AL,2.0,2026-07-10
Coco Verde,1unidade,Frutas,AMA-BA Juazeiro(BA),BA,1.0,2026-07-10
Coco Verde,1unidade,Frutas,CEAGESP São José dos Campos(SP),SP,3.5,2026-07-10
Goiaba,1Kg,Frutas,CEASA-PB João Pessoa(PB),PB,2.9,2026-07-10
Goiaba,1Kg,Frutas,CEASA-PE Recife(PE),PE,2.86,2026-07-10
Goiaba,1Kg,Frutas,CEASA-MS Campo Grande(MS),MS,5.0,2026-07-10
Goiaba,1Kg,Frutas,CEASA-PR Curitiba(PR),PR,5.63,2026-07-10
Goiaba,1Kg,Frutas,CEASA-PR Foz do Iguaçu(PR),PR,7.0,2026-07-10
Goiaba,1Kg,Frutas,CEASA-ES Vitória(ES),ES,3.17,2026-07-10
Goiaba,1Kg,Frutas,CEASA-MA São Luís(MA),MA,7.13,2026-07-10
Goiaba,1Kg,Frutas,CEASAMINAS Belo Horizonte(MG),MG,5.0,2026-07-10
Goiaba,1Kg,Frutas,CEASA-RJ Rio de Janeiro(RJ),RJ,8.0,2026-07-10
Goiaba,1Kg,Frutas,CEASA-CE Tianguá(CE),CE,4.4,2026-07-10
Goiaba,1Kg,Frutas,CEASA-PR Cascavel(PR),PR,5.5,2026-07-10
Goiaba,1Kg,Frutas,CEASA-AL Maceió(AL),AL,2.84,2026-07-10
Goiaba,1Kg,Frutas,AMA-BA Juazeiro(BA),BA,3.0,2026-07-10
Goiaba,1Kg,Frutas,CEAGESP São José dos Campos(SP),SP,8.33,2026-07-10
Laranja Pêra,1Kg,Frutas,CEASA-MT Cuiabá(MT),MT,2.22,2026-07-10
Laranja Pêra,1Kg,Frutas,CEASA-PB João Pessoa(PB),PB,2.0,2026-07-10
Laranja Pêra,1Kg,Frutas,CEASA-PE Recife(PE),PE,1.75,2026-07-10
Laranja Pêra,1Kg,Frutas,CEASA-MS Campo Grande(MS),MS,2.0,2026-07-10
Laranja Pêra,1Kg,Frutas,CEASA-PR Curitiba(PR),PR,2.5,2026-07-10
Laranja Pêra,1Kg,Frutas,CEASA-PR Foz do Iguaçu(PR),PR,2.2,2026-07-10
Laranja Pêra,1Kg,Frutas,CEASA-ES Vitória(ES),ES,1.66,2026-07-10
Laranja Pêra,1Kg,Frutas,CEASA-MA São Luís(MA),MA,2.88,2026-07-10
Laranja Pêra,1Kg,Frutas,CEASAMINAS Belo Horizonte(MG),MG,1.75,2026-07-10
Laranja Pêra,1Kg,Frutas,CEASA-RJ Rio de Janeiro(RJ),RJ,2.25,2026-07-10
Laranja Pêra,1Kg,Frutas,CEASA-CE Tianguá(CE),CE,1.75,2026-07-10
Laranja Pêra,1Kg,Frutas,CEASA-PR Cascavel(PR),PR,2.9,2026-07-10
Laranja Pêra,1Kg,Frutas,CEASA-AL Maceió(AL),AL,1.66,2026-07-10
Laranja Pêra,1Kg,Frutas,AMA-BA Juazeiro(BA),BA,1.0,2026-07-10
Laranja Pêra,1Kg,Frutas,CEAGESP São José dos Campos(SP),SP,2.5,2026-07-10
Limão Taiti,1Kg,Frutas,CEASA-MT Cuiabá(MT),MT,3.5,2026-07-10
Limão Taiti,1Kg,Frutas,CEASA-PB João Pessoa(PB),PB,2.8,2026-07-10
Limão Taiti,1Kg,Frutas,CEASA-PE Recife(PE),PE,1.85,2026-07-10
Limão Taiti,1Kg,Frutas,CEASA-MS Campo Grande(MS),MS,2.6,2026-07-10
Limão Taiti,1Kg,Frutas,CEASA-PR Curitiba(PR),PR,3.04,2026-07-10
Limão Taiti,1Kg,Frutas,CEASA-PR Foz do Iguaçu(PR),PR,3.0,2026-07-10
Limão Taiti,1Kg,Frutas,CEASA-ES Vitória(ES),ES,4.33,2026-07-10
Limão Taiti,1Kg,Frutas,CEASA-MA São Luís(MA),MA,4.75,2026-07-10
Limão Taiti,1Kg,Frutas,CEASAMINAS Belo Horizonte(MG),MG,3.25,2026-07-10
Limão Taiti,1Kg,Frutas,CEASA-RJ Rio de Janeiro(RJ),RJ,3.5,2026-07-10
Limão Taiti,1Kg,Frutas,CEASA-CE Tianguá(CE),CE,1.8,2026-07-10
Limão Taiti,1Kg,Frutas,CEASA-PR Cascavel(PR),PR,3.5,2026-07-10
Limão Taiti,1Kg,Frutas,CEASA-AL Maceió(AL),AL,2.5,2026-07-10
Limão Taiti,1Kg,Frutas,AMA-BA Juazeiro(BA),BA,2.0,2026-07-10
Limão Taiti,1Kg,Frutas,CEAGESP São José dos Campos(SP),SP,3.75,2026-07-10
Maçã Nacional,1Kg,Frutas,CEASA-MT Cuiabá(MT),MT,7.78,2026-07-10
Maçã Nacional,1Kg,Frutas,CEASA-PB João Pessoa(PB),PB,8.5,2026-07-10
Maçã Nacional,1Kg,Frutas,CEASA-PE Recife(PE),PE,6.67,2026-07-10
Maçã Nacional,1Kg,Frutas,CEASA-MS Campo Grande(MS),MS,5.6,2026-07-10
Maçã Nacional,1Kg,Frutas,CEASA-PR Curitiba(PR),PR,6.67,2026-07-10
Maçã Nacional,1Kg,Frutas,CEASA-PR Foz do Iguaçu(PR),PR,7.11,2026-07-10
Maçã Nacional,1Kg,Frutas,CEASA-ES Vitória(ES),ES,5.36,2026-07-10
Maçã Nacional,1Kg,Frutas,CEASA-MA São Luís(MA),MA,11.4,2026-07-10
Maçã Nacional,1Kg,Frutas,CEASAMINAS Belo Horizonte(MG),MG,5.0,2026-07-10
Maçã Nacional,1Kg,Frutas,CEASA-RJ Rio de Janeiro(RJ),RJ,6.67,2026-07-10
Maçã Nacional,1Kg,Frutas,CEASA-CE Tianguá(CE),CE,7.22,2026-07-10
Maçã Nacional,1Kg,Frutas,CEASA-PR Cascavel(PR),PR,6.2,2026-07-10
Maçã Nacional,1Kg,Frutas,CEASA-AL Maceió(AL),AL,10.6,2026-07-10
Maçã Nacional,1Kg,Frutas,AMA-BA Juazeiro(BA),BA,5.42,2026-07-10
Maçã Nacional,1Kg,Frutas,CEAGESP São José dos Campos(SP),SP,6.39,2026-07-10
Mamão Formosa,1Kg,Frutas,CEASA-MT Cuiabá(MT),MT,3.68,2026-07-10
Mamão Formosa,1Kg,Frutas,CEASA-PB João Pessoa(PB),PB,2.5,2026-07-10
Mamão Formosa,1Kg,Frutas,CEASA-PE Recife(PE),PE,3.5,2026-07-10
Mamão Formosa,1Kg,Frutas,CEASA-MS Campo Grande(MS),MS,4.0,2026-07-10
Mamão Formosa,1Kg,Frutas,CEASA-PR Curitiba(PR),PR,5.0,2026-07-10
Mamão Formosa,1Kg,Frutas,CEASA-PR Foz do Iguaçu(PR),PR,6.0,2026-07-10
Mamão Formosa,1Kg,Frutas,CEASA-ES Vitória(ES),ES,5.5,2026-07-10
Mamão Formosa,1Kg,Frutas,CEASA-MA São Luís(MA),MA,5.17,2026-07-10
Mamão Formosa,1Kg,Frutas,CEASAMINAS Belo Horizonte(MG),MG,3.33,2026-07-10
Mamão Formosa,1Kg,Frutas,CEASA-RJ Rio de Janeiro(RJ),RJ,5.0,2026-07-10
Mamão Formosa,1Kg,Frutas,CEASA-CE Tianguá(CE),CE,2.05,2026-07-10
Mamão Formosa,1Kg,Frutas,CEASA-PR Cascavel(PR),PR,8.0,2026-07-10
Mamão Formosa,1Kg,Frutas,CEASA-AL Maceió(AL),AL,2.0,2026-07-10
Mamão Formosa,1Kg,Frutas,AMA-BA Juazeiro(BA),BA,1.58,2026-07-10
Mamão Formosa,1Kg,Frutas,CEAGESP São José dos Campos(SP),SP,8.0,2026-07-10
Mamão Havaí,1Kg,Frutas,CEASA-MT Cuiabá(MT),MT,9.0,2026-07-10
Mamão Havaí,1Kg,Frutas,CEASA-PB João Pessoa(PB),PB,3.0,2026-07-10
Mamão Havaí,1Kg,Frutas,CEASA-PE Recife(PE),PE,5.0,2026-07-10
Mamão Havaí,1Kg,Frutas,CEASA-MS Campo Grande(MS),MS,11.0,2026-07-10
Mamão Havaí,1Kg,Frutas,CEASA-PR Curitiba(PR),PR,12.5,2026-07-10
Mamão Havaí,1Kg,Frutas,CEASA-PR Foz do Iguaçu(PR),PR,7.0,2026-07-10
Mamão Havaí,1Kg,Frutas,CEASA-ES Vitória(ES),ES,8.67,2026-07-10
Mamão Havaí,1Kg,Frutas,CEASA-MA São Luís(MA),MA,9.5,2026-07-10
Mamão Havaí,1Kg,Frutas,CEASAMINAS Belo Horizonte(MG),MG,10.0,2026-07-10
Mamão Havaí,1Kg,Frutas,CEASA-RJ Rio de Janeiro(RJ),RJ,9.0,2026-07-10
Mamão Havaí,1Kg,Frutas,CEASA-CE Tianguá(CE),CE,3.64,2026-07-10
Mamão Havaí,1Kg,Frutas,CEASA-PR Cascavel(PR),PR,12.0,2026-07-10
Mamão Havaí,1Kg,Frutas,CEASA-AL Maceió(AL),AL,3.5,2026-07-10
Mamão Havaí,1Kg,Frutas,AMA-BA Juazeiro(BA),BA,4.55,2026-07-10
Mamão Havaí,1Kg,Frutas,CEAGESP São José dos Campos(SP),SP,8.75,2026-07-10
Manga,1Kg,Frutas,CEASA-MT Cuiabá(MT),MT,6.32,2026-07-10
Manga,1Kg,Frutas,CEASA-PB João Pessoa(PB),PB,5.3,2026-07-10
Manga,1Kg,Frutas,CEASA-PE Recife(PE),PE,5.2,2026-07-10
Manga,1Kg,Frutas,CEASA-MS Campo Grande(MS),MS,10.8,2026-07-10
Manga,1Kg,Frutas,CEASA-PR Curitiba(PR),PR,7.5,2026-07-10
Manga,1Kg,Frutas,CEASA-PR Foz do Iguaçu(PR),PR,8.0,2026-07-10
Manga,1Kg,Frutas,CEASA-ES Vitória(ES),ES,7.0,2026-07-10
Manga,1Kg,Frutas,CEASA-MA São Luís(MA),MA,11.15,2026-07-10
Manga,1Kg,Frutas,CEASAMINAS Belo Horizonte(MG),MG,5.55,2026-07-10
Manga,1Kg,Frutas,CEASA-RJ Rio de Janeiro(RJ),RJ,8.33,2026-07-10
Manga,1Kg,Frutas,CEASA-CE Tianguá(CE),CE,6.4,2026-07-10
Manga,1Kg,Frutas,CEASA-PR Cascavel(PR),PR,9.0,2026-07-10
Manga,1Kg,Frutas,CEASA-AL Maceió(AL),AL,2.4,2026-07-10
Manga,1Kg,Frutas,AMA-BA Juazeiro(BA),BA,3.85,2026-07-10
Manga,1Kg,Frutas,CEAGESP São José dos Campos(SP),SP,9.12,2026-07-10
Maracujá Azedo,1Kg,Frutas,CEASA-MT Cuiabá(MT),MT,9.5,2026-07-10
Maracujá Azedo,1Kg,Frutas,CEASA-PB João Pessoa(PB),PB,7.0,2026-07-10
Maracujá Azedo,1Kg,Frutas,CEASA-PE Recife(PE),PE,4.7,2026-07-10
Maracujá Azedo,1Kg,Frutas,CEASA-MS Campo Grande(MS),MS,8.2,2026-07-10
Maracujá Azedo,1Kg,Frutas,CEASA-PR Curitiba(PR),PR,8.18,2026-07-10
Maracujá Azedo,1Kg,Frutas,CEASA-PR Foz do Iguaçu(PR),PR,9.45,2026-07-10
Maracujá Azedo,1Kg,Frutas,CEASA-ES Vitória(ES),ES,7.0,2026-07-10
Maracujá Azedo,1Kg,Frutas,CEASA-MA São Luís(MA),MA,9.17,2026-07-10
Maracujá Azedo,1Kg,Frutas,CEASAMINAS Belo Horizonte(MG),MG,5.83,2026-07-10
Maracujá Azedo,1Kg,Frutas,CEASA-RJ Rio de Janeiro(RJ),RJ,6.5,2026-07-10
Maracujá Azedo,1Kg,Frutas,CEASA-CE Tianguá(CE),CE,5.0,2026-07-10
Maracujá Azedo,1Kg,Frutas,CEASA-PR Cascavel(PR),PR,12.0,2026-07-10
Maracujá Azedo,1Kg,Frutas,CEASA-AL Maceió(AL),AL,5.33,2026-07-10
Maracujá Azedo,1Kg,Frutas,AMA-BA Juazeiro(BA),BA,3.75,2026-07-10
Maracujá Azedo,1Kg,Frutas,CEAGESP São José dos Campos(SP),SP,9.5,2026-07-10
Melancia,1Kg,Frutas,CEASA-MT Cuiabá(MT),MT,2.8,2026-07-10
Melancia,1Kg,Frutas,CEASA-PB João Pessoa(PB),PB,1.7,2026-07-10
Melancia,1Kg,Frutas,CEASA-PE Recife(PE),PE,1.9,2026-07-10
Melancia,1Kg,Frutas,CEASA-MS Campo Grande(MS),MS,3.3,2026-07-10
Melancia,1Kg,Frutas,CEASA-PR Curitiba(PR),PR,2.5,2026-07-10
Melancia,1Kg,Frutas,CEASA-PR Foz do Iguaçu(PR),PR,2.8,2026-07-10
Melancia,1Kg,Frutas,CEASA-ES Vitória(ES),ES,3.0,2026-07-10
Melancia,1Kg,Frutas,CEASA-MA São Luís(MA),MA,3.71,2026-07-10
Melancia,1Kg,Frutas,CEASAMINAS Belo Horizonte(MG),MG,2.8,2026-07-10
Melancia,1Kg,Frutas,CEASA-RJ Rio de Janeiro(RJ),RJ,3.0,2026-07-10
Melancia,1Kg,Frutas,CEASA-CE Tianguá(CE),CE,2.0,2026-07-10
Melancia,1Kg,Frutas,CEASA-PR Cascavel(PR),PR,4.0,2026-07-10
Melancia,1Kg,Frutas,CEASA-AL Maceió(AL),AL,1.39,2026-07-10
Melancia,1Kg,Frutas,AMA-BA Juazeiro(BA),BA,1.4,2026-07-10
Melancia,1Kg,Frutas,CEAGESP São José dos Campos(SP),SP,3.5,2026-07-10
Melão Amarelo,1Kg,Frutas,CEASA-MT Cuiabá(MT),MT,5.19,2026-07-10
Melão Amarelo,1Kg,Frutas,CEASA-PB João Pessoa(PB),PB,3.3,2026-07-10
Melão Amarelo,1Kg,Frutas,CEASA-PE Recife(PE),PE,2.5,2026-07-10
Melão Amarelo,1Kg,Frutas,CEASA-MS Campo Grande(MS),MS,5.4,2026-07-10
Melão Amarelo,1Kg,Frutas,CEASA-PR Curitiba(PR),PR,5.38,2026-07-10
Melão Amarelo,1Kg,Frutas,CEASA-PR Foz do Iguaçu(PR),PR,3.7,2026-07-10
Melão Amarelo,1Kg,Frutas,CEASA-ES Vitória(ES),ES,6.84,2026-07-10
Melão Amarelo,1Kg,Frutas,CEASA-MA São Luís(MA),MA,4.75,2026-07-10
Melão Amarelo,1Kg,Frutas,CEASAMINAS Belo Horizonte(MG),MG,3.84,2026-07-10
Melão Amarelo,1Kg,Frutas,CEASA-RJ Rio de Janeiro(RJ),RJ,4.62,2026-07-10
Melão Amarelo,1Kg,Frutas,CEASA-CE Tianguá(CE),CE,3.18,2026-07-10
Melão Amarelo,1Kg,Frutas,CEASA-PR Cascavel(PR),PR,5.4,2026-07-10
Melão Amarelo,1Kg,Frutas,CEASA-AL Maceió(AL),AL,3.5,2026-07-10
Melão Amarelo,1Kg,Frutas,AMA-BA Juazeiro(BA),BA,2.2,2026-07-10
Melão Amarelo,1Kg,Frutas,CEAGESP São José dos Campos(SP),SP,5.38,2026-07-10
Morango,1Kg,Frutas,CEASA-MT Cuiabá(MT),MT,45.0,2026-07-10
Morango,1Kg,Frutas,CEASA-PB João Pessoa(PB),PB,40.0,2026-07-10
Morango,1Kg,Frutas,CEASA-PE Recife(PE),PE,40.0,2026-07-10
Morango,1Kg,Frutas,CEASA-MS Campo Grande(MS),MS,30.0,2026-07-10
Morango,1Kg,Frutas,CEASA-PR Curitiba(PR),PR,26.67,2026-07-10
Morango,1Kg,Frutas,CEASA-PR Foz do Iguaçu(PR),PR,42.0,2026-07-10
Morango,1Kg,Frutas,CEASA-ES Vitória(ES),ES,25.08,2026-07-10
Morango,1Kg,Frutas,CEASA-MA São Luís(MA),MA,61.71,2026-07-10
Morango,1Kg,Frutas,CEASAMINAS Belo Horizonte(MG),MG,29.16,2026-07-10
Morango,1Kg,Frutas,CEASA-RJ Rio de Janeiro(RJ),RJ,25.0,2026-07-10
Morango,1Kg,Frutas,CEASA-CE Tianguá(CE),CE,40.0,2026-07-10
Morango,1Kg,Frutas,CEASA-PR Cascavel(PR),PR,40.0,2026-07-10
Morango,1Kg,Frutas,CEASA-AL Maceió(AL),AL,25.0,2026-07-10
Morango,1Kg,Frutas,AMA-BA Juazeiro(BA),BA,36.0,2026-07-10
Morango,1Kg,Frutas,CEAGESP São José dos Campos(SP),SP,18.5,2026-07-10
Pêra Estrangeira,1Kg,Frutas,CEASA-PB João Pessoa(PB),PB,13.5,2026-07-10
Pêra Estrangeira,1Kg,Frutas,CEASA-PE Recife(PE),PE,8.5,2026-07-10
Pêra Estrangeira,1Kg,Frutas,CEASA-MS Campo Grande(MS),MS,8.0,2026-07-10
Pêra Estrangeira,1Kg,Frutas,CEASA-PR Curitiba(PR),PR,8.33,2026-07-10
Pêra Estrangeira,1Kg,Frutas,CEASA-PR Foz do Iguaçu(PR),PR,7.78,2026-07-10
Pêra Estrangeira,1Kg,Frutas,CEASA-ES Vitória(ES),ES,10.02,2026-07-10
Pêra Estrangeira,1Kg,Frutas,CEASA-MA São Luís(MA),MA,17.45,2026-07-10
Pêra Estrangeira,1Kg,Frutas,CEASAMINAS Belo Horizonte(MG),MG,8.0,2026-07-10
Pêra Estrangeira,1Kg,Frutas,CEASA-RJ Rio de Janeiro(RJ),RJ,14.0,2026-07-10
Pêra Estrangeira,1Kg,Frutas,CEASA-PR Cascavel(PR),PR,8.8,2026-07-10
Pêra Estrangeira,1Kg,Frutas,CEASA-AL Maceió(AL),AL,9.75,2026-07-10
Pêra Estrangeira,1Kg,Frutas,AMA-BA Juazeiro(BA),BA,9.17,2026-07-10
Pêra Estrangeira,1Kg,Frutas,CEAGESP São José dos Campos(SP),SP,10.0,2026-07-10
Tangerina,1Kg,Frutas,CEASA-MT Cuiabá(MT),MT,3.5,2026-07-10
Tangerina,1Kg,Frutas,CEASA-PB João Pessoa(PB),PB,6.5,2026-07-10
Tangerina,1Kg,Frutas,CEASA-PE Recife(PE),PE,3.2,2026-07-10
Tangerina,1Kg,Frutas,CEASA-MS Campo Grande(MS),MS,2.0,2026-07-10
Tangerina,1Kg,Frutas,CEASA-PR Curitiba(PR),PR,2.0,2026-07-10
Tangerina,1Kg,Frutas,CEASA-PR Foz do Iguaçu(PR),PR,2.0,2026-07-10
Tangerina,1Kg,Frutas,CEASA-ES Vitória(ES),ES,2.67,2026-07-10
Tangerina,1Kg,Frutas,CEASA-MA São Luís(MA),MA,3.63,2026-07-10
Tangerina,1Kg,Frutas,CEASAMINAS Belo Horizonte(MG),MG,2.77,2026-07-10
Tangerina,1Kg,Frutas,CEASA-RJ Rio de Janeiro(RJ),RJ,5.56,2026-07-10
Tangerina,1Kg,Frutas,CEASA-CE Tianguá(CE),CE,4.0,2026-07-10
Tangerina,1Kg,Frutas,CEASA-PR Cascavel(PR),PR,4.0,2026-07-10
Tangerina,1Kg,Frutas,CEASA-AL Maceió(AL),AL,3.33,2026-07-10
Tangerina,1Kg,Frutas,AMA-BA Juazeiro(BA),BA,6.67,2026-07-10
Tangerina,1Kg,Frutas,CEAGESP São José dos Campos(SP),SP,3.3,2026-07-10
Uva Itália,1Kg,Frutas,CEASA-PB João Pessoa(PB),PB,8.5,2026-07-10
Uva Itália,1Kg,Frutas,CEASA-PE Recife(PE),PE,6.67,2026-07-10
Uva Itália,1Kg,Frutas,CEASA-MS Campo Grande(MS),MS,11.45,2026-07-10
Uva Itália,1Kg,Frutas,CEASA-PR Curitiba(PR),PR,10.0,2026-07-10
Uva Itália,1Kg,Frutas,CEASA-PR Foz do Iguaçu(PR),PR,11.0,2026-07-10
Uva Itália,1Kg,Frutas,CEASA-ES Vitória(ES),ES,13.75,2026-07-10
Uva Itália,1Kg,Frutas,CEASA-MA São Luís(MA),MA,24.13,2026-07-10
Uva Itália,1Kg,Frutas,CEASAMINAS Belo Horizonte(MG),MG,12.5,2026-07-10
Uva Itália,1Kg,Frutas,CEASA-RJ Rio de Janeiro(RJ),RJ,11.0,2026-07-10
Uva Itália,1Kg,Frutas,CEASA-CE Tianguá(CE),CE,8.5,2026-07-10
Uva Itália,1Kg,Frutas,CEASA-PR Cascavel(PR),PR,10.5,2026-07-10
Uva Itália,1Kg,Frutas,CEASA-AL Maceió(AL),AL,5.45,2026-07-10
Uva Itália,1Kg,Frutas,AMA-BA Juazeiro(BA),BA,7.0,2026-07-10
Uva Itália,1Kg,Frutas,CEAGESP São José dos Campos(SP),SP,10.0,2026-07-10
Uva Niagara,1Kg,Frutas,CEASA-MT Cuiabá(MT),MT,20.0,2026-07-10
Uva Niagara,1Kg,Frutas,CEASA-PB João Pessoa(PB),PB,4.5,2026-07-10
Uva Niagara,1Kg,Frutas,CEASA-MS Campo Grande(MS),MS,13.0,2026-07-10
Uva Niagara,1Kg,Frutas,CEASA-PR Curitiba(PR),PR,11.25,2026-07-10
Uva Niagara,1Kg,Frutas,CEASA-PR Foz do Iguaçu(PR),PR,12.0,2026-07-10
Uva Niagara,1Kg,Frutas,CEASA-ES Vitória(ES),ES,15.67,2026-07-10
Uva Niagara,1Kg,Frutas,CEASAMINAS Belo Horizonte(MG),MG,10.0,2026-07-10
Uva Niagara,1Kg,Frutas,CEASA-RJ Rio de Janeiro(RJ),RJ,11.0,2026-07-10
Uva Niagara,1Kg,Frutas,CEASA-PR Cascavel(PR),PR,12.0,2026-07-10
Uva Niagara,1Kg,Frutas,CEAGESP São José dos Campos(SP),SP,12.0,2026-07-10
Uva Rubi,1Kg,Frutas,CEASA-PB João Pessoa(PB),PB,9.5,2026-07-10
Uva Rubi,1Kg,Frutas,CEASA-MS Campo Grande(MS),MS,11.4,2026-07-10
Uva Rubi,1Kg,Frutas,CEASA-PR Curitiba(PR),PR,10.0,2026-07-10
Uva Rubi,1Kg,Frutas,CEASA-PR Foz do Iguaçu(PR),PR,11.0,2026-07-10
Uva Rubi,1Kg,Frutas,CEASA-RJ Rio de Janeiro(RJ),RJ,11.0,2026-07-10
Uva Rubi,1Kg,Frutas,CEASA-CE Tianguá(CE),CE,11.0,2026-07-10
Uva Rubi,1Kg,Frutas,CEASA-AL Maceió(AL),AL,6.5,2026-07-10
Uva Rubi,1Kg,Frutas,CEAGESP São José dos Campos(SP),SP,10.0,2026-07-10
Abacate,1Kg,Frutas,CEASA-MT Cuiabá(MT),MT,4.44,2026-07-09
Abacate,1Kg,Frutas,CEASA-PE Recife(PE),PE,4.5,2026-07-09
Abacate,1Kg,Frutas,CEASAMINAS Uberaba(MG),MG,2.5,2026-07-09
Abacate,1Kg,Frutas,CEASA-PR Foz do Iguaçu(PR),PR,2.3,2026-07-09
Abacate,1Kg,Frutas,CEASA-ES Vitória(ES),ES,2.5,2026-07-09
Abacate,1Kg,Frutas,CEASA-RN Natal(RN),RN,3.5,2026-07-09
Abacate,1Kg,Frutas,CEASA-RJ Rio de Janeiro(RJ),RJ,3.67,2026-07-09
Abacate,1Kg,Frutas,CEASA-CE Fortaleza(CE),CE,4.5,2026-07-09
Abacate,1Kg,Frutas,CEASA-CE Tianguá(CE),CE,4.4,2026-07-09
Abacate,1Kg,Frutas,CEASA-PR Curitiba(PR),PR,3.5,2026-07-09
Abacate,1Kg,Frutas,CEASA-TO Palmas(TO),TO,4.75,2026-07-09
Abacate,1Kg,Frutas,CEASA-AL Maceió(AL),AL,6.6,2026-07-09
Abacate,1Kg,Frutas,AMA-BA Juazeiro(BA),BA,3.65,2026-07-09
Abacate,1Kg,Frutas,CEASA-PR Cascavel(PR),PR,3.0,2026-07-09
Abacate,1Kg,Frutas,CEASA-RS Porto Alegre(RS),RS,3.33,2026-07-09
Abacaxi,1Un,Frutas,CEASA-MT Cuiabá(MT),MT,7.92,2026-07-09
Abacaxi,1Un,Frutas,CEASA-PE Recife(PE),PE,3.5,2026-07-09
Abacaxi,1Un,Frutas,CEASAMINAS Uberaba(MG),MG,7.5,2026-07-09
Abacaxi,1Un,Frutas,CEASA-PR Foz do Iguaçu(PR),PR,8.75,2026-07-09
Abacaxi,1Un,Frutas,CEASA-ES Vitória(ES),ES,6.67,2026-07-09
Abacaxi,1Un,Frutas,CEASA-RN Natal(RN),RN,5.0,2026-07-09
Abacaxi,1Un,Frutas,CEASA-RJ Rio de Janeiro(RJ),RJ,6.0,2026-07-09
Abacaxi,1Un,Frutas,CEASA-CE Fortaleza(CE),CE,5.65,2026-07-09
Abacaxi,1Un,Frutas,CEASA-CE Tianguá(CE),CE,4.26,2026-07-09
Abacaxi,1Un,Frutas,CEASA-PR Curitiba(PR),PR,7.5,2026-07-09
Abacaxi,1Un,Frutas,CEASA-TO Palmas(TO),TO,7.0,2026-07-09
Abacaxi,1Un,Frutas,CEASA-AL Maceió(AL),AL,4.0,2026-07-09
Abacaxi,1Un,Frutas,AMA-BA Juazeiro(BA),BA,7.0,2026-07-09
Abacaxi,1Un,Frutas,CEASA-PR Cascavel(PR),PR,8.3,2026-07-09
Abacaxi,1Un,Frutas,CEASA-RS Porto Alegre(RS),RS,5.55,2026-07-09
Banana Nanica,1Kg,Frutas,CEASA-MT Cuiabá(MT),MT,3.16,2026-07-09
Banana Nanica,1Kg,Frutas,CEASAMINAS Uberaba(MG),MG,2.18,2026-07-09
Banana Nanica,1Kg,Frutas,CEASA-PR Foz do Iguaçu(PR),PR,2.8,2026-07-09
Banana Nanica,1Kg,Frutas,CEASA-ES Vitória(ES),ES,3.5,2026-07-09
Banana Nanica,1Kg,Frutas,CEASA-RN Natal(RN),RN,4.0,2026-07-09
Banana Nanica,1Kg,Frutas,CEASA-RJ Rio de Janeiro(RJ),RJ,3.5,2026-07-09
Banana Nanica,1Kg,Frutas,CEASA-CE Fortaleza(CE),CE,3.2,2026-07-09
Banana Nanica,1Kg,Frutas,CEASA-CE Tianguá(CE),CE,4.38,2026-07-09
Banana Nanica,1Kg,Frutas,CEASA-PR Curitiba(PR),PR,2.5,2026-07-09
Banana Nanica,1Kg,Frutas,CEASA-TO Palmas(TO),TO,4.0,2026-07-09
Banana Nanica,1Kg,Frutas,AMA-BA Juazeiro(BA),BA,2.5,2026-07-09
Banana Nanica,1Kg,Frutas,CEASA-PR Cascavel(PR),PR,3.5,2026-07-09
Banana Nanica,1Kg,Frutas,CEASA-RS Porto Alegre(RS),RS,3.75,2026-07-09
Banana Prata,1Kg,Frutas,CEASA-MT Cuiabá(MT),MT,5.79,2026-07-09
Banana Prata,1Kg,Frutas,CEASA-PE Recife(PE),PE,2.27,2026-07-09
Banana Prata,1Kg,Frutas,CEASAMINAS Uberaba(MG),MG,2.77,2026-07-09
Banana Prata,1Kg,Frutas,CEASA-PR Foz do Iguaçu(PR),PR,4.7,2026-07-09
Banana Prata,1Kg,Frutas,CEASA-ES Vitória(ES),ES,5.0,2026-07-09
Banana Prata,1Kg,Frutas,CEASA-RN Natal(RN),RN,3.0,2026-07-09
Banana Prata,1Kg,Frutas,CEASA-RJ Rio de Janeiro(RJ),RJ,3.0,2026-07-09
Banana Prata,1Kg,Frutas,CEASA-CE Fortaleza(CE),CE,4.0,2026-07-09
Banana Prata,1Kg,Frutas,CEASA-CE Tianguá(CE),CE,3.0,2026-07-09
Banana Prata,1Kg,Frutas,CEASA-PR Curitiba(PR),PR,4.0,2026-07-09
Banana Prata,1Kg,Frutas,CEASA-TO Palmas(TO),TO,4.5,2026-07-09
Banana Prata,1Kg,Frutas,CEASA-AL Maceió(AL),AL,4.3,2026-07-09
Banana Prata,1Kg,Frutas,AMA-BA Juazeiro(BA),BA,1.92,2026-07-09
Banana Prata,1Kg,Frutas,CEASA-PR Cascavel(PR),PR,6.5,2026-07-09
Banana Prata,1Kg,Frutas,CEASA-RS Porto Alegre(RS),RS,4.5,2026-07-09
Coco Verde,1unidade,Frutas,CEASA-MT Cuiabá(MT),MT,3.17,2026-07-09
Coco Verde,1unidade,Frutas,CEASA-PE Recife(PE),PE,1.5,2026-07-09
Coco Verde,1unidade,Frutas,CEASAMINAS Uberaba(MG),MG,4.0,2026-07-09
Coco Verde,1unidade,Frutas,CEASA-PR Foz do Iguaçu(PR),PR,6.0,2026-07-09
Coco Verde,1unidade,Frutas,CEASA-ES Vitória(ES),ES,3.5,2026-07-09
Coco Verde,1unidade,Frutas,CEASA-RN Natal(RN),RN,2.5,2026-07-09
Coco Verde,1unidade,Frutas,CEASA-RJ Rio de Janeiro(RJ),RJ,3.5,2026-07-09
Coco Verde,1unidade,Frutas,CEASA-CE Fortaleza(CE),CE,2.3,2026-07-09
Coco Verde,1unidade,Frutas,CEASA-CE Tianguá(CE),CE,1.89,2026-07-09
Coco Verde,1unidade,Frutas,CEASA-PR Curitiba(PR),PR,6.0,2026-07-09
Coco Verde,1unidade,Frutas,CEASA-AL Maceió(AL),AL,2.0,2026-07-09
Coco Verde,1unidade,Frutas,AMA-BA Juazeiro(BA),BA,1.0,2026-07-09
Coco Verde,1unidade,Frutas,CEASA-PR Cascavel(PR),PR,5.0,2026-07-09
Coco Verde,1unidade,Frutas,CEASA-RS Porto Alegre(RS),RS,6.0,2026-07-09
Goiaba,1Kg,Frutas,CEASA-PE Recife(PE),PE,2.86,2026-07-09
Goiaba,1Kg,Frutas,CEASAMINAS Uberaba(MG),MG,6.5,2026-07-09
Goiaba,1Kg,Frutas,CEASA-PR Foz do Iguaçu(PR),PR,7.0,2026-07-09
Goiaba,1Kg,Frutas,CEASA-ES Vitória(ES),ES,3.1,2026-07-09
Goiaba,1Kg,Frutas,CEASA-RN Natal(RN),RN,3.6,2026-07-09
Goiaba,1Kg,Frutas,CEASA-RJ Rio de Janeiro(RJ),RJ,8.0,2026-07-09
Goiaba,1Kg,Frutas,CEASA-CE Fortaleza(CE),CE,4.2,2026-07-09
Goiaba,1Kg,Frutas,CEASA-CE Tianguá(CE),CE,4.4,2026-07-09
Goiaba,1Kg,Frutas,CEASA-PR Curitiba(PR),PR,5.63,2026-07-09
Goiaba,1Kg,Frutas,CEASA-AL Maceió(AL),AL,2.84,2026-07-09
Goiaba,1Kg,Frutas,AMA-BA Juazeiro(BA),BA,3.0,2026-07-09
Goiaba,1Kg,Frutas,CEASA-PR Cascavel(PR),PR,5.8,2026-07-09
Goiaba,1Kg,Frutas,CEASA-RS Porto Alegre(RS),RS,9.16,2026-07-09
Laranja Pêra,1Kg,Frutas,CEASA-MT Cuiabá(MT),MT,2.22,2026-07-09
Laranja Pêra,1Kg,Frutas,CEASA-PE Recife(PE),PE,1.75,2026-07-09
Laranja Pêra,1Kg,Frutas,CEASAMINAS Uberaba(MG),MG,2.27,2026-07-09
Laranja Pêra,1Kg,Frutas,CEASA-PR Foz do Iguaçu(PR),PR,2.2,2026-07-09
Laranja Pêra,1Kg,Frutas,CEASA-ES Vitória(ES),ES,1.65,2026-07-09
Laranja Pêra,1Kg,Frutas,CEASA-RN Natal(RN),RN,2.5,2026-07-09
Laranja Pêra,1Kg,Frutas,CEASA-RJ Rio de Janeiro(RJ),RJ,2.25,2026-07-09
Laranja Pêra,1Kg,Frutas,CEASA-CE Fortaleza(CE),CE,2.5,2026-07-09
Laranja Pêra,1Kg,Frutas,CEASA-CE Tianguá(CE),CE,1.75,2026-07-09
Laranja Pêra,1Kg,Frutas,CEASA-PR Curitiba(PR),PR,2.5,2026-07-09
Laranja Pêra,1Kg,Frutas,CEASA-TO Palmas(TO),TO,2.39,2026-07-09
Laranja Pêra,1Kg,Frutas,CEASA-AL Maceió(AL),AL,1.66,2026-07-09
Laranja Pêra,1Kg,Frutas,AMA-BA Juazeiro(BA),BA,1.0,2026-07-09
Laranja Pêra,1Kg,Frutas,CEASA-PR Cascavel(PR),PR,2.9,2026-07-09
Laranja Pêra,1Kg,Frutas,CEASA-RS Porto Alegre(RS),RS,2.22,2026-07-09
Limão Taiti,1Kg,Frutas,CEASA-MT Cuiabá(MT),MT,3.5,2026-07-09
Limão Taiti,1Kg,Frutas,CEASA-PE Recife(PE),PE,1.85,2026-07-09
Limão Taiti,1Kg,Frutas,CEASAMINAS Uberaba(MG),MG,3.0,2026-07-09
Limão Taiti,1Kg,Frutas,CEASA-PR Foz do Iguaçu(PR),PR,3.0,2026-07-09
Limão Taiti,1Kg,Frutas,CEASA-ES Vitória(ES),ES,4.16,2026-07-09
Limão Taiti,1Kg,Frutas,CEASA-RN Natal(RN),RN,2.5,2026-07-09
Limão Taiti,1Kg,Frutas,CEASA-RJ Rio de Janeiro(RJ),RJ,3.25,2026-07-09
Limão Taiti,1Kg,Frutas,CEASA-CE Fortaleza(CE),CE,6.0,2026-07-09
Limão Taiti,1Kg,Frutas,CEASA-CE Tianguá(CE),CE,1.8,2026-07-09
Limão Taiti,1Kg,Frutas,CEASA-PR Curitiba(PR),PR,3.04,2026-07-09
Limão Taiti,1Kg,Frutas,CEASA-TO Palmas(TO),TO,4.0,2026-07-09
Limão Taiti,1Kg,Frutas,CEASA-AL Maceió(AL),AL,2.5,2026-07-09
Limão Taiti,1Kg,Frutas,AMA-BA Juazeiro(BA),BA,2.0,2026-07-09
Limão Taiti,1Kg,Frutas,CEASA-PR Cascavel(PR),PR,3.8,2026-07-09
Limão Taiti,1Kg,Frutas,CEASA-RS Porto Alegre(RS),RS,3.2,2026-07-09
Maçã Nacional,1Kg,Frutas,CEASA-MT Cuiabá(MT),MT,7.78,2026-07-09
Maçã Nacional,1Kg,Frutas,CEASA-PE Recife(PE),PE,6.67,2026-07-09
Maçã Nacional,1Kg,Frutas,CEASAMINAS Uberaba(MG),MG,6.8,2026-07-09
Maçã Nacional,1Kg,Frutas,CEASA-PR Foz do Iguaçu(PR),PR,7.11,2026-07-09
Maçã Nacional,1Kg,Frutas,CEASA-ES Vitória(ES),ES,5.41,2026-07-09
Maçã Nacional,1Kg,Frutas,CEASA-RN Natal(RN),RN,7.8,2026-07-09
Maçã Nacional,1Kg,Frutas,CEASA-RJ Rio de Janeiro(RJ),RJ,6.67,2026-07-09
Maçã Nacional,1Kg,Frutas,CEASA-CE Fortaleza(CE),CE,10.55,2026-07-09
Maçã Nacional,1Kg,Frutas,CEASA-CE Tianguá(CE),CE,7.22,2026-07-09
Maçã Nacional,1Kg,Frutas,CEASA-PR Curitiba(PR),PR,6.67,2026-07-09
Maçã Nacional,1Kg,Frutas,CEASA-TO Palmas(TO),TO,5.28,2026-07-09
Maçã Nacional,1Kg,Frutas,CEASA-AL Maceió(AL),AL,10.6,2026-07-09
Maçã Nacional,1Kg,Frutas,AMA-BA Juazeiro(BA),BA,5.42,2026-07-09
Maçã Nacional,1Kg,Frutas,CEASA-PR Cascavel(PR),PR,6.0,2026-07-09
Maçã Nacional,1Kg,Frutas,CEASA-RS Porto Alegre(RS),RS,3.89,2026-07-09
Mamão Formosa,1Kg,Frutas,CEASA-MT Cuiabá(MT),MT,3.68,2026-07-09
Mamão Formosa,1Kg,Frutas,CEASA-PE Recife(PE),PE,3.5,2026-07-09
Mamão Formosa,1Kg,Frutas,CEASAMINAS Uberaba(MG),MG,6.11,2026-07-09
Mamão Formosa,1Kg,Frutas,CEASA-PR Foz do Iguaçu(PR),PR,7.0,2026-07-09
Mamão Formosa,1Kg,Frutas,CEASA-ES Vitória(ES),ES,5.0,2026-07-09
Mamão Formosa,1Kg,Frutas,CEASA-RN Natal(RN),RN,3.0,2026-07-09
Mamão Formosa,1Kg,Frutas,CEASA-RJ Rio de Janeiro(RJ),RJ,6.0,2026-07-09
Mamão Formosa,1Kg,Frutas,CEASA-CE Fortaleza(CE),CE,4.0,2026-07-09
Mamão Formosa,1Kg,Frutas,CEASA-CE Tianguá(CE),CE,2.05,2026-07-09
Mamão Formosa,1Kg,Frutas,CEASA-PR Curitiba(PR),PR,4.67,2026-07-09
Mamão Formosa,1Kg,Frutas,CEASA-TO Palmas(TO),TO,5.29,2026-07-09
Mamão Formosa,1Kg,Frutas,CEASA-AL Maceió(AL),AL,2.0,2026-07-09
Mamão Formosa,1Kg,Frutas,AMA-BA Juazeiro(BA),BA,1.58,2026-07-09
Mamão Formosa,1Kg,Frutas,CEASA-PR Cascavel(PR),PR,8.0,2026-07-09
Mamão Formosa,1Kg,Frutas,CEASA-RS Porto Alegre(RS),RS,6.92,2026-07-09
Mamão Havaí,1Kg,Frutas,CEASA-MT Cuiabá(MT),MT,9.0,2026-07-09
Mamão Havaí,1Kg,Frutas,CEASA-PE Recife(PE),PE,5.0,2026-07-09
Mamão Havaí,1Kg,Frutas,CEASAMINAS Uberaba(MG),MG,12.0,2026-07-09
Mamão Havaí,1Kg,Frutas,CEASA-PR Foz do Iguaçu(PR),PR,7.0,2026-07-09
Mamão Havaí,1Kg,Frutas,CEASA-ES Vitória(ES),ES,10.0,2026-07-09
Mamão Havaí,1Kg,Frutas,CEASA-RN Natal(RN),RN,4.5,2026-07-09
Mamão Havaí,1Kg,Frutas,CEASA-RJ Rio de Janeiro(RJ),RJ,7.0,2026-07-09
Mamão Havaí,1Kg,Frutas,CEASA-CE Fortaleza(CE),CE,8.0,2026-07-09
Mamão Havaí,1Kg,Frutas,CEASA-CE Tianguá(CE),CE,3.86,2026-07-09
Mamão Havaí,1Kg,Frutas,CEASA-PR Curitiba(PR),PR,8.75,2026-07-09
Mamão Havaí,1Kg,Frutas,CEASA-AL Maceió(AL),AL,3.5,2026-07-09
Mamão Havaí,1Kg,Frutas,AMA-BA Juazeiro(BA),BA,4.55,2026-07-09
Mamão Havaí,1Kg,Frutas,CEASA-PR Cascavel(PR),PR,12.0,2026-07-09
Mamão Havaí,1Kg,Frutas,CEASA-RS Porto Alegre(RS),RS,14.0,2026-07-09
Manga,1Kg,Frutas,CEASA-MT Cuiabá(MT),MT,6.32,2026-07-09
Manga,1Kg,Frutas,CEASA-PE Recife(PE),PE,5.2,2026-07-09
Manga,1Kg,Frutas,CEASAMINAS Uberaba(MG),MG,4.45,2026-07-09
Manga,1Kg,Frutas,CEASA-PR Foz do Iguaçu(PR),PR,7.0,2026-07-09
Manga,1Kg,Frutas,CEASA-ES Vitória(ES),ES,7.0,2026-07-09
Manga,1Kg,Frutas,CEASA-RN Natal(RN),RN,4.0,2026-07-09
Manga,1Kg,Frutas,CEASA-RJ Rio de Janeiro(RJ),RJ,8.33,2026-07-09
Manga,1Kg,Frutas,CEASA-CE Fortaleza(CE),CE,5.6,2026-07-09
Manga,1Kg,Frutas,CEASA-CE Tianguá(CE),CE,6.4,2026-07-09
Manga,1Kg,Frutas,CEASA-PR Curitiba(PR),PR,7.5,2026-07-09
Manga,1Kg,Frutas,CEASA-TO Palmas(TO),TO,7.0,2026-07-09
Manga,1Kg,Frutas,CEASA-AL Maceió(AL),AL,2.4,2026-07-09
Manga,1Kg,Frutas,AMA-BA Juazeiro(BA),BA,3.85,2026-07-09
Manga,1Kg,Frutas,CEASA-PR Cascavel(PR),PR,9.5,2026-07-09
Manga,1Kg,Frutas,CEASA-RS Porto Alegre(RS),RS,8.33,2026-07-09
Maracujá Azedo,1Kg,Frutas,CEASA-MT Cuiabá(MT),MT,9.5,2026-07-09
Maracujá Azedo,1Kg,Frutas,CEASA-PE Recife(PE),PE,4.7,2026-07-09
Maracujá Azedo,1Kg,Frutas,CEASAMINAS Uberaba(MG),MG,4.0,2026-07-09
Maracujá Azedo,1Kg,Frutas,CEASA-PR Foz do Iguaçu(PR),PR,9.45,2026-07-09
Maracujá Azedo,1Kg,Frutas,CEASA-ES Vitória(ES),ES,7.0,2026-07-09
Maracujá Azedo,1Kg,Frutas,CEASA-RN Natal(RN),RN,7.0,2026-07-09
Maracujá Azedo,1Kg,Frutas,CEASA-RJ Rio de Janeiro(RJ),RJ,7.0,2026-07-09
Maracujá Azedo,1Kg,Frutas,CEASA-CE Fortaleza(CE),CE,6.25,2026-07-09
Maracujá Azedo,1Kg,Frutas,CEASA-CE Tianguá(CE),CE,5.0,2026-07-09
Maracujá Azedo,1Kg,Frutas,CEASA-PR Curitiba(PR),PR,8.18,2026-07-09
Maracujá Azedo,1Kg,Frutas,CEASA-TO Palmas(TO),TO,8.0,2026-07-09
Maracujá Azedo,1Kg,Frutas,CEASA-AL Maceió(AL),AL,5.33,2026-07-09
Maracujá Azedo,1Kg,Frutas,AMA-BA Juazeiro(BA),BA,3.75,2026-07-09
Maracujá Azedo,1Kg,Frutas,CEASA-PR Cascavel(PR),PR,12.0,2026-07-09
Maracujá Azedo,1Kg,Frutas,CEASA-RS Porto Alegre(RS),RS,8.0,2026-07-09
Melancia,1Kg,Frutas,CEASA-MT Cuiabá(MT),MT,2.8,2026-07-09
Melancia,1Kg,Frutas,CEASA-PE Recife(PE),PE,1.9,2026-07-09
Melancia,1Kg,Frutas,CEASAMINAS Uberaba(MG),MG,2.0,2026-07-09
Melancia,1Kg,Frutas,CEASA-PR Foz do Iguaçu(PR),PR,2.8,2026-07-09
Melancia,1Kg,Frutas,CEASA-ES Vitória(ES),ES,3.0,2026-07-09
Melancia,1Kg,Frutas,CEASA-RN Natal(RN),RN,2.0,2026-07-09
Melancia,1Kg,Frutas,CEASA-RJ Rio de Janeiro(RJ),RJ,3.0,2026-07-09
Melancia,1Kg,Frutas,CEASA-CE Fortaleza(CE),CE,3.0,2026-07-09
Melancia,1Kg,Frutas,CEASA-CE Tianguá(CE),CE,2.0,2026-07-09
Melancia,1Kg,Frutas,CEASA-PR Curitiba(PR),PR,2.5,2026-07-09
Melancia,1Kg,Frutas,CEASA-AL Maceió(AL),AL,1.39,2026-07-09
Melancia,1Kg,Frutas,AMA-BA Juazeiro(BA),BA,1.4,2026-07-09
Melancia,1Kg,Frutas,CEASA-PR Cascavel(PR),PR,4.0,2026-07-09
Melancia,1Kg,Frutas,CEASA-RS Porto Alegre(RS),RS,2.8,2026-07-09
Melão Amarelo,1Kg,Frutas,CEASA-MT Cuiabá(MT),MT,5.19,2026-07-09
Melão Amarelo,1Kg,Frutas,CEASA-PE Recife(PE),PE,2.5,2026-07-09
Melão Amarelo,1Kg,Frutas,CEASAMINAS Uberaba(MG),MG,4.61,2026-07-09
Melão Amarelo,1Kg,Frutas,CEASA-PR Foz do Iguaçu(PR),PR,3.7,2026-07-09
Melão Amarelo,1Kg,Frutas,CEASA-ES Vitória(ES),ES,7.06,2026-07-09
Melão Amarelo,1Kg,Frutas,CEASA-RN Natal(RN),RN,3.5,2026-07-09
Melão Amarelo,1Kg,Frutas,CEASA-RJ Rio de Janeiro(RJ),RJ,3.85,2026-07-09
Melão Amarelo,1Kg,Frutas,CEASA-CE Fortaleza(CE),CE,4.0,2026-07-09
Melão Amarelo,1Kg,Frutas,CEASA-CE Tianguá(CE),CE,3.18,2026-07-09
Melão Amarelo,1Kg,Frutas,CEASA-PR Curitiba(PR),PR,5.38,2026-07-09
Melão Amarelo,1Kg,Frutas,CEASA-TO Palmas(TO),TO,5.85,2026-07-09
Melão Amarelo,1Kg,Frutas,CEASA-AL Maceió(AL),AL,3.5,2026-07-09
Melão Amarelo,1Kg,Frutas,AMA-BA Juazeiro(BA),BA,2.2,2026-07-09
Melão Amarelo,1Kg,Frutas,CEASA-PR Cascavel(PR),PR,5.6,2026-07-09
Melão Amarelo,1Kg,Frutas,CEASA-RS Porto Alegre(RS),RS,6.15,2026-07-09
Morango,1Kg,Frutas,CEASA-MT Cuiabá(MT),MT,45.0,2026-07-09
Morango,1Kg,Frutas,CEASA-PE Recife(PE),PE,40.0,2026-07-09
Morango,1Kg,Frutas,CEASAMINAS Uberaba(MG),MG,45.0,2026-07-09
Morango,1Kg,Frutas,CEASA-PR Foz do Iguaçu(PR),PR,35.0,2026-07-09
Morango,1Kg,Frutas,CEASA-ES Vitória(ES),ES,22.5,2026-07-09
Morango,1Kg,Frutas,CEASA-RN Natal(RN),RN,45.0,2026-07-09
Morango,1Kg,Frutas,CEASA-RJ Rio de Janeiro(RJ),RJ,25.0,2026-07-09
Morango,1Kg,Frutas,CEASA-CE Fortaleza(CE),CE,45.0,2026-07-09
Morango,1Kg,Frutas,CEASA-CE Tianguá(CE),CE,45.0,2026-07-09
Morango,1Kg,Frutas,CEASA-PR Curitiba(PR),PR,26.67,2026-07-09
Morango,1Kg,Frutas,CEASA-AL Maceió(AL),AL,25.0,2026-07-09
Morango,1Kg,Frutas,AMA-BA Juazeiro(BA),BA,36.0,2026-07-09
Morango,1Kg,Frutas,CEASA-PR Cascavel(PR),PR,38.35,2026-07-09
Morango,1Kg,Frutas,CEASA-RS Porto Alegre(RS),RS,30.0,2026-07-09
Pêra Estrangeira,1Kg,Frutas,CEASA-PE Recife(PE),PE,8.5,2026-07-09
Pêra Estrangeira,1Kg,Frutas,CEASAMINAS Uberaba(MG),MG,10.0,2026-07-09
Pêra Estrangeira,1Kg,Frutas,CEASA-PR Foz do Iguaçu(PR),PR,7.78,2026-07-09
Pêra Estrangeira,1Kg,Frutas,CEASA-ES Vitória(ES),ES,9.93,2026-07-09
Pêra Estrangeira,1Kg,Frutas,CEASA-RN Natal(RN),RN,10.0,2026-07-09
Pêra Estrangeira,1Kg,Frutas,CEASA-RJ Rio de Janeiro(RJ),RJ,14.0,2026-07-09
Pêra Estrangeira,1Kg,Frutas,CEASA-CE Fortaleza(CE),CE,13.9,2026-07-09
Pêra Estrangeira,1Kg,Frutas,CEASA-PR Curitiba(PR),PR,8.33,2026-07-09
Pêra Estrangeira,1Kg,Frutas,CEASA-AL Maceió(AL),AL,9.75,2026-07-09
Pêra Estrangeira,1Kg,Frutas,AMA-BA Juazeiro(BA),BA,9.17,2026-07-09
Pêra Estrangeira,1Kg,Frutas,CEASA-PR Cascavel(PR),PR,8.5,2026-07-09
Pêra Estrangeira,1Kg,Frutas,CEASA-RS Porto Alegre(RS),RS,7.22,2026-07-09
Tangerina,1Kg,Frutas,CEASA-MT Cuiabá(MT),MT,3.5,2026-07-09
Tangerina,1Kg,Frutas,CEASA-PE Recife(PE),PE,3.2,2026-07-09
Tangerina,1Kg,Frutas,CEASAMINAS Uberaba(MG),MG,4.44,2026-07-09
Tangerina,1Kg,Frutas,CEASA-PR Foz do Iguaçu(PR),PR,2.0,2026-07-09
Tangerina,1Kg,Frutas,CEASA-ES Vitória(ES),ES,2.33,2026-07-09
Tangerina,1Kg,Frutas,CEASA-RN Natal(RN),RN,4.0,2026-07-09
Tangerina,1Kg,Frutas,CEASA-RJ Rio de Janeiro(RJ),RJ,5.56,2026-07-09
Tangerina,1Kg,Frutas,CEASA-CE Fortaleza(CE),CE,7.0,2026-07-09
Tangerina,1Kg,Frutas,CEASA-CE Tianguá(CE),CE,4.0,2026-07-09
Tangerina,1Kg,Frutas,CEASA-PR Curitiba(PR),PR,2.0,2026-07-09
Tangerina,1Kg,Frutas,CEASA-TO Palmas(TO),TO,4.5,2026-07-09
Tangerina,1Kg,Frutas,CEASA-AL Maceió(AL),AL,3.33,2026-07-09
Tangerina,1Kg,Frutas,AMA-BA Juazeiro(BA),BA,6.67,2026-07-09
Tangerina,1Kg,Frutas,CEASA-PR Cascavel(PR),PR,3.8,2026-07-09
Tangerina,1Kg,Frutas,CEASA-RS Porto Alegre(RS),RS,1.67,2026-07-09
Uva Itália,1Kg,Frutas,CEASA-PE Recife(PE),PE,6.67,2026-07-09
Uva Itália,1Kg,Frutas,CEASAMINAS Uberaba(MG),MG,8.85,2026-07-09
Uva Itália,1Kg,Frutas,CEASA-PR Foz do Iguaçu(PR),PR,11.0,2026-07-09
Uva Itália,1Kg,Frutas,CEASA-ES Vitória(ES),ES,13.75,2026-07-09
Uva Itália,1Kg,Frutas,CEASA-RN Natal(RN),RN,9.0,2026-07-09
Uva Itália,1Kg,Frutas,CEASA-RJ Rio de Janeiro(RJ),RJ,11.0,2026-07-09
Uva Itália,1Kg,Frutas,CEASA-CE Fortaleza(CE),CE,8.0,2026-07-09
Uva Itália,1Kg,Frutas,CEASA-CE Tianguá(CE),CE,7.5,2026-07-09
Uva Itália,1Kg,Frutas,CEASA-PR Curitiba(PR),PR,10.0,2026-07-09
Uva Itália,1Kg,Frutas,CEASA-AL Maceió(AL),AL,5.45,2026-07-09
Uva Itália,1Kg,Frutas,AMA-BA Juazeiro(BA),BA,7.0,2026-07-09
Uva Itália,1Kg,Frutas,CEASA-PR Cascavel(PR),PR,11.0,2026-07-09
Uva Itália,1Kg,Frutas,CEASA-RS Porto Alegre(RS),RS,20.0,2026-07-09
Uva Niagara,1Kg,Frutas,CEASA-MT Cuiabá(MT),MT,20.0,2026-07-09
Uva Niagara,1Kg,Frutas,CEASAMINAS Uberaba(MG),MG,16.0,2026-07-09
Uva Niagara,1Kg,Frutas,CEASA-PR Foz do Iguaçu(PR),PR,12.0,2026-07-09
Uva Niagara,1Kg,Frutas,CEASA-ES Vitória(ES),ES,15.67,2026-07-09
Uva Niagara,1Kg,Frutas,CEASA-RJ Rio de Janeiro(RJ),RJ,11.0,2026-07-09
Uva Niagara,1Kg,Frutas,CEASA-PR Curitiba(PR),PR,11.25,2026-07-09
Uva Niagara,1Kg,Frutas,CEASA-PR Cascavel(PR),PR,11.5,2026-07-09
Uva Niagara,1Kg,Frutas,CEASA-RS Porto Alegre(RS),RS,11.43,2026-07-09
Uva Rubi,1Kg,Frutas,CEASAMINAS Uberaba(MG),MG,10.71,2026-07-09
Uva Rubi,1Kg,Frutas,CEASA-PR Foz do Iguaçu(PR),PR,11.0,2026-07-09
Uva Rubi,1Kg,Frutas,CEASA-RN Natal(RN),RN,11.0,2026-07-09
Uva Rubi,1Kg,Frutas,CEASA-RJ Rio de Janeiro(RJ),RJ,11.0,2026-07-09
Uva Rubi,1Kg,Frutas,CEASA-CE Tianguá(CE),CE,11.5,2026-07-09
Uva Rubi,1Kg,Frutas,CEASA-PR Curitiba(PR),PR,10.0,2026-07-09
Uva Rubi,1Kg,Frutas,CEASA-AL Maceió(AL),AL,6.5,2026-07-09
Uva Rubi,1Kg,Frutas,CEASA-RS Porto Alegre(RS),RS,20.0,2026-07-09
Abacate,1Kg,Frutas,CEASA-MT Cuiabá(MT),MT,4.44,2026-07-08
Abacate,1Kg,Frutas,CEASA-PE Recife(PE),PE,4.5,2026-07-08
Abacate,1Kg,Frutas,CEASA-PR Foz do Iguaçu(PR),PR,2.3,2026-07-08
Abacate,1Kg,Frutas,CEASA-ES Vitória(ES),ES,2.25,2026-07-08
Abacate,1Kg,Frutas,CEASA-RN Natal(RN),RN,3.5,2026-07-08
Abacate,1Kg,Frutas,CEASA-BA Salvador(BA),BA,4.0,2026-07-08
Abacate,1Kg,Frutas,CEASAMINAS Belo Horizonte(MG),MG,3.33,2026-07-08
Abacate,1Kg,Frutas,CEASA-RJ Rio de Janeiro(RJ),RJ,3.67,2026-07-08
Abacate,1Kg,Frutas,CEASA-CE Fortaleza(CE),CE,4.35,2026-07-08
Abacate,1Kg,Frutas,CEASA-PR Curitiba(PR),PR,3.5,2026-07-08
Abacate,1Kg,Frutas,CEASA-AL Maceió(AL),AL,6.6,2026-07-08
Abacate,1Kg,Frutas,AMA-BA Juazeiro(BA),BA,3.65,2026-07-08
Abacate,1Kg,Frutas,CEASA-MA São Luís(MA),MA,7.0,2026-07-08
Abacate,1Kg,Frutas,CEASA-SP Campinas(SP),SP,3.25,2026-07-08
Abacate,1Kg,Frutas,CEAGESP São Paulo(SP),SP,2.88,2026-07-08
Abacate,1Kg,Frutas,CEAGESP Araraquara(SP),SP,3.46,2026-07-08
Abacaxi,1Un,Frutas,CEASA-MT Cuiabá(MT),MT,7.92,2026-07-08
Abacaxi,1Un,Frutas,CEASA-PE Recife(PE),PE,3.5,2026-07-08
Abacaxi,1Un,Frutas,CEASA-PR Foz do Iguaçu(PR),PR,8.75,2026-07-08
Abacaxi,1Un,Frutas,CEASA-ES Vitória(ES),ES,7.0,2026-07-08
Abacaxi,1Un,Frutas,CEASA-RN Natal(RN),RN,5.0,2026-07-08
Abacaxi,1Un,Frutas,CEASA-BA Salvador(BA),BA,5.0,2026-07-08
Abacaxi,1Un,Frutas,CEASAMINAS Belo Horizonte(MG),MG,5.83,2026-07-08
Abacaxi,1Un,Frutas,CEASA-RJ Rio de Janeiro(RJ),RJ,6.0,2026-07-08
Abacaxi,1Un,Frutas,CEASA-CE Fortaleza(CE),CE,5.0,2026-07-08
Abacaxi,1Un,Frutas,CEASA-PR Curitiba(PR),PR,7.5,2026-07-08
Abacaxi,1Un,Frutas,CEASA-AL Maceió(AL),AL,4.0,2026-07-08
Abacaxi,1Un,Frutas,AMA-BA Juazeiro(BA),BA,7.0,2026-07-08
Abacaxi,1Un,Frutas,CEASA-MA São Luís(MA),MA,9.75,2026-07-08
Abacaxi,1Un,Frutas,CEASA-SP Campinas(SP),SP,4.17,2026-07-08
Abacaxi,1Un,Frutas,CEAGESP São Paulo(SP),SP,5.88,2026-07-08
Abacaxi,1Un,Frutas,CEAGESP Araraquara(SP),SP,5.44,2026-07-08
Banana Nanica,1Kg,Frutas,CEASA-MT Cuiabá(MT),MT,3.16,2026-07-08
Banana Nanica,1Kg,Frutas,CEASA-PR Foz do Iguaçu(PR),PR,2.8,2026-07-08
Banana Nanica,1Kg,Frutas,CEASA-ES Vitória(ES),ES,3.5,2026-07-08
Banana Nanica,1Kg,Frutas,CEASA-RN Natal(RN),RN,4.0,2026-07-08
Banana Nanica,1Kg,Frutas,CEASAMINAS Belo Horizonte(MG),MG,2.75,2026-07-08
Banana Nanica,1Kg,Frutas,CEASA-RJ Rio de Janeiro(RJ),RJ,3.5,2026-07-08
Banana Nanica,1Kg,Frutas,CEASA-CE Fortaleza(CE),CE,3.2,2026-07-08
Banana Nanica,1Kg,Frutas,CEASA-PR Curitiba(PR),PR,2.5,2026-07-08
Banana Nanica,1Kg,Frutas,AMA-BA Juazeiro(BA),BA,2.5,2026-07-08
Banana Nanica,1Kg,Frutas,CEASA-MA São Luís(MA),MA,4.87,2026-07-08
Banana Nanica,1Kg,Frutas,CEASA-SP Campinas(SP),SP,3.75,2026-07-08
Banana Nanica,1Kg,Frutas,CEAGESP São Paulo(SP),SP,3.27,2026-07-08
Banana Nanica,1Kg,Frutas,CEAGESP Araraquara(SP),SP,4.42,2026-07-08
Banana Prata,1Kg,Frutas,CEASA-MT Cuiabá(MT),MT,5.79,2026-07-08
Banana Prata,1Kg,Frutas,CEASA-PE Recife(PE),PE,2.27,2026-07-08
Banana Prata,1Kg,Frutas,CEASA-PR Foz do Iguaçu(PR),PR,4.7,2026-07-08
Banana Prata,1Kg,Frutas,CEASA-ES Vitória(ES),ES,5.0,2026-07-08
Banana Prata,1Kg,Frutas,CEASA-RN Natal(RN),RN,3.0,2026-07-08
Banana Prata,1Kg,Frutas,CEASA-BA Salvador(BA),BA,3.3,2026-07-08
Banana Prata,1Kg,Frutas,CEASAMINAS Belo Horizonte(MG),MG,3.75,2026-07-08
Banana Prata,1Kg,Frutas,CEASA-RJ Rio de Janeiro(RJ),RJ,3.0,2026-07-08
Banana Prata,1Kg,Frutas,CEASA-CE Fortaleza(CE),CE,4.0,2026-07-08
Banana Prata,1Kg,Frutas,CEASA-PR Curitiba(PR),PR,4.0,2026-07-08
Banana Prata,1Kg,Frutas,CEASA-AL Maceió(AL),AL,4.3,2026-07-08
Banana Prata,1Kg,Frutas,AMA-BA Juazeiro(BA),BA,1.92,2026-07-08
Banana Prata,1Kg,Frutas,CEASA-MA São Luís(MA),MA,5.33,2026-07-08
Banana Prata,1Kg,Frutas,CEASA-SP Campinas(SP),SP,5.0,2026-07-08
Banana Prata,1Kg,Frutas,CEAGESP São Paulo(SP),SP,4.66,2026-07-08
Banana Prata,1Kg,Frutas,CEAGESP Araraquara(SP),SP,4.91,2026-07-08
Coco Verde,1unidade,Frutas,CEASA-MT Cuiabá(MT),MT,3.17,2026-07-08
Coco Verde,1unidade,Frutas,CEASA-PE Recife(PE),PE,1.5,2026-07-08
Coco Verde,1unidade,Frutas,CEASA-PR Foz do Iguaçu(PR),PR,6.0,2026-07-08
Coco Verde,1unidade,Frutas,CEASA-ES Vitória(ES),ES,3.5,2026-07-08
Coco Verde,1unidade,Frutas,CEASA-RN Natal(RN),RN,2.5,2026-07-08
Coco Verde,1unidade,Frutas,CEASA-BA Salvador(BA),BA,1.7,2026-07-08
Coco Verde,1unidade,Frutas,CEASAMINAS Belo Horizonte(MG),MG,3.0,2026-07-08
Coco Verde,1unidade,Frutas,CEASA-RJ Rio de Janeiro(RJ),RJ,3.5,2026-07-08
Coco Verde,1unidade,Frutas,CEASA-CE Fortaleza(CE),CE,2.3,2026-07-08
Coco Verde,1unidade,Frutas,CEASA-PR Curitiba(PR),PR,6.0,2026-07-08
Coco Verde,1unidade,Frutas,CEASA-AL Maceió(AL),AL,2.0,2026-07-08
Coco Verde,1unidade,Frutas,AMA-BA Juazeiro(BA),BA,1.0,2026-07-08
Coco Verde,1unidade,Frutas,CEASA-MA São Luís(MA),MA,3.73,2026-07-08
Coco Verde,1unidade,Frutas,CEASA-SP Campinas(SP),SP,4.0,2026-07-08
Coco Verde,1unidade,Frutas,CEAGESP São Paulo(SP),SP,2.83,2026-07-08
Goiaba,1Kg,Frutas,CEASA-PE Recife(PE),PE,2.86,2026-07-08
Goiaba,1Kg,Frutas,CEASA-PR Foz do Iguaçu(PR),PR,7.0,2026-07-08
Goiaba,1Kg,Frutas,CEASA-ES Vitória(ES),ES,3.13,2026-07-08
Goiaba,1Kg,Frutas,CEASA-RN Natal(RN),RN,3.6,2026-07-08
Goiaba,1Kg,Frutas,CEASA-BA Salvador(BA),BA,3.3,2026-07-08
Goiaba,1Kg,Frutas,CEASAMINAS Belo Horizonte(MG),MG,5.0,2026-07-08
Goiaba,1Kg,Frutas,CEASA-RJ Rio de Janeiro(RJ),RJ,8.0,2026-07-08
Goiaba,1Kg,Frutas,CEASA-CE Fortaleza(CE),CE,4.4,2026-07-08
Goiaba,1Kg,Frutas,CEASA-PR Curitiba(PR),PR,5.63,2026-07-08
Goiaba,1Kg,Frutas,CEASA-AL Maceió(AL),AL,2.84,2026-07-08
Goiaba,1Kg,Frutas,AMA-BA Juazeiro(BA),BA,3.5,2026-07-08
Goiaba,1Kg,Frutas,CEASA-MA São Luís(MA),MA,7.13,2026-07-08
Goiaba,1Kg,Frutas,CEASA-SP Campinas(SP),SP,6.33,2026-07-08
Goiaba,1Kg,Frutas,CEAGESP São Paulo(SP),SP,5.05,2026-07-08
Goiaba,1Kg,Frutas,CEAGESP Araraquara(SP),SP,3.12,2026-07-08
Laranja Pêra,1Kg,Frutas,CEASA-MT Cuiabá(MT),MT,2.22,2026-07-08
Laranja Pêra,1Kg,Frutas,CEASA-PE Recife(PE),PE,1.75,2026-07-08
Laranja Pêra,1Kg,Frutas,CEASA-PR Foz do Iguaçu(PR),PR,2.2,2026-07-08
Laranja Pêra,1Kg,Frutas,CEASA-ES Vitória(ES),ES,1.62,2026-07-08
Laranja Pêra,1Kg,Frutas,CEASA-RN Natal(RN),RN,2.25,2026-07-08
Laranja Pêra,1Kg,Frutas,CEASA-BA Salvador(BA),BA,1.4,2026-07-08
Laranja Pêra,1Kg,Frutas,CEASAMINAS Belo Horizonte(MG),MG,1.75,2026-07-08
Laranja Pêra,1Kg,Frutas,CEASA-RJ Rio de Janeiro(RJ),RJ,2.25,2026-07-08
Laranja Pêra,1Kg,Frutas,CEASA-CE Fortaleza(CE),CE,2.5,2026-07-08
Laranja Pêra,1Kg,Frutas,CEASA-PR Curitiba(PR),PR,2.5,2026-07-08
Laranja Pêra,1Kg,Frutas,CEASA-AL Maceió(AL),AL,1.66,2026-07-08
Laranja Pêra,1Kg,Frutas,AMA-BA Juazeiro(BA),BA,1.0,2026-07-08
Laranja Pêra,1Kg,Frutas,CEASA-MA São Luís(MA),MA,2.88,2026-07-08
Laranja Pêra,1Kg,Frutas,CEASA-SP Campinas(SP),SP,2.5,2026-07-08
Laranja Pêra,1Kg,Frutas,CEAGESP São Paulo(SP),SP,1.81,2026-07-08
Laranja Pêra,1Kg,Frutas,CEAGESP Araraquara(SP),SP,2.5,2026-07-08
Limão Taiti,1Kg,Frutas,CEASA-MT Cuiabá(MT),MT,3.5,2026-07-08
Limão Taiti,1Kg,Frutas,CEASA-PE Recife(PE),PE,1.85,2026-07-08
Limão Taiti,1Kg,Frutas,CEASA-PR Foz do Iguaçu(PR),PR,3.0,2026-07-08
Limão Taiti,1Kg,Frutas,CEASA-ES Vitória(ES),ES,3.83,2026-07-08
Limão Taiti,1Kg,Frutas,CEASA-RN Natal(RN),RN,2.5,2026-07-08
Limão Taiti,1Kg,Frutas,CEASA-BA Salvador(BA),BA,3.5,2026-07-08
Limão Taiti,1Kg,Frutas,CEASAMINAS Belo Horizonte(MG),MG,3.25,2026-07-08
Limão Taiti,1Kg,Frutas,CEASA-RJ Rio de Janeiro(RJ),RJ,3.25,2026-07-08
Limão Taiti,1Kg,Frutas,CEASA-CE Fortaleza(CE),CE,6.0,2026-07-08
Limão Taiti,1Kg,Frutas,CEASA-PR Curitiba(PR),PR,2.83,2026-07-08
Limão Taiti,1Kg,Frutas,CEASA-AL Maceió(AL),AL,2.5,2026-07-08
Limão Taiti,1Kg,Frutas,AMA-BA Juazeiro(BA),BA,2.5,2026-07-08
Limão Taiti,1Kg,Frutas,CEASA-MA São Luís(MA),MA,3.25,2026-07-08
Limão Taiti,1Kg,Frutas,CEASA-SP Campinas(SP),SP,2.75,2026-07-08
Limão Taiti,1Kg,Frutas,CEAGESP São Paulo(SP),SP,2.49,2026-07-08
Limão Taiti,1Kg,Frutas,CEAGESP Araraquara(SP),SP,2.58,2026-07-08
Maçã Nacional,1Kg,Frutas,CEASA-MT Cuiabá(MT),MT,7.78,2026-07-08
Maçã Nacional,1Kg,Frutas,CEASA-PE Recife(PE),PE,6.67,2026-07-08
Maçã Nacional,1Kg,Frutas,CEASA-PR Foz do Iguaçu(PR),PR,7.11,2026-07-08
Maçã Nacional,1Kg,Frutas,CEASA-ES Vitória(ES),ES,4.95,2026-07-08
Maçã Nacional,1Kg,Frutas,CEASA-RN Natal(RN),RN,7.8,2026-07-08
Maçã Nacional,1Kg,Frutas,CEASA-BA Salvador(BA),BA,8.9,2026-07-08
Maçã Nacional,1Kg,Frutas,CEASAMINAS Belo Horizonte(MG),MG,5.0,2026-07-08
Maçã Nacional,1Kg,Frutas,CEASA-RJ Rio de Janeiro(RJ),RJ,6.67,2026-07-08
Maçã Nacional,1Kg,Frutas,CEASA-CE Fortaleza(CE),CE,10.4,2026-07-08
Maçã Nacional,1Kg,Frutas,CEASA-PR Curitiba(PR),PR,6.67,2026-07-08
Maçã Nacional,1Kg,Frutas,CEASA-AL Maceió(AL),AL,10.6,2026-07-08
Maçã Nacional,1Kg,Frutas,AMA-BA Juazeiro(BA),BA,5.42,2026-07-08
Maçã Nacional,1Kg,Frutas,CEASA-MA São Luís(MA),MA,8.92,2026-07-08
Maçã Nacional,1Kg,Frutas,CEASA-SP Campinas(SP),SP,7.5,2026-07-08
Maçã Nacional,1Kg,Frutas,CEAGESP São Paulo(SP),SP,6.11,2026-07-08
Maçã Nacional,1Kg,Frutas,CEAGESP Araraquara(SP),SP,5.17,2026-07-08
Mamão Formosa,1Kg,Frutas,CEASA-MT Cuiabá(MT),MT,3.68,2026-07-08
Mamão Formosa,1Kg,Frutas,CEASA-PE Recife(PE),PE,3.5,2026-07-08
Mamão Formosa,1Kg,Frutas,CEASA-PR Foz do Iguaçu(PR),PR,7.0,2026-07-08
Mamão Formosa,1Kg,Frutas,CEASA-ES Vitória(ES),ES,5.0,2026-07-08
Mamão Formosa,1Kg,Frutas,CEASA-RN Natal(RN),RN,3.5,2026-07-08
Mamão Formosa,1Kg,Frutas,CEASA-BA Salvador(BA),BA,3.0,2026-07-08
Mamão Formosa,1Kg,Frutas,CEASAMINAS Belo Horizonte(MG),MG,3.88,2026-07-08
Mamão Formosa,1Kg,Frutas,CEASA-RJ Rio de Janeiro(RJ),RJ,6.0,2026-07-08
Mamão Formosa,1Kg,Frutas,CEASA-CE Fortaleza(CE),CE,4.0,2026-07-08
Mamão Formosa,1Kg,Frutas,CEASA-PR Curitiba(PR),PR,4.67,2026-07-08
Mamão Formosa,1Kg,Frutas,CEASA-AL Maceió(AL),AL,2.0,2026-07-08
Mamão Formosa,1Kg,Frutas,AMA-BA Juazeiro(BA),BA,1.58,2026-07-08
Mamão Formosa,1Kg,Frutas,CEASA-MA São Luís(MA),MA,5.17,2026-07-08
Mamão Formosa,1Kg,Frutas,CEASA-SP Campinas(SP),SP,5.28,2026-07-08
Mamão Formosa,1Kg,Frutas,CEAGESP São Paulo(SP),SP,4.77,2026-07-08
Mamão Formosa,1Kg,Frutas,CEAGESP Araraquara(SP),SP,7.73,2026-07-08
Mamão Havaí,1Kg,Frutas,CEASA-MT Cuiabá(MT),MT,9.0,2026-07-08
Mamão Havaí,1Kg,Frutas,CEASA-PE Recife(PE),PE,5.0,2026-07-08
Mamão Havaí,1Kg,Frutas,CEASA-PR Foz do Iguaçu(PR),PR,7.0,2026-07-08
Mamão Havaí,1Kg,Frutas,CEASA-ES Vitória(ES),ES,7.31,2026-07-08
Mamão Havaí,1Kg,Frutas,CEASA-RN Natal(RN),RN,4.5,2026-07-08
Mamão Havaí,1Kg,Frutas,CEASA-BA Salvador(BA),BA,5.0,2026-07-08
Mamão Havaí,1Kg,Frutas,CEASAMINAS Belo Horizonte(MG),MG,10.0,2026-07-08
Mamão Havaí,1Kg,Frutas,CEASA-RJ Rio de Janeiro(RJ),RJ,7.0,2026-07-08
Mamão Havaí,1Kg,Frutas,CEASA-CE Fortaleza(CE),CE,6.0,2026-07-08
Mamão Havaí,1Kg,Frutas,CEASA-PR Curitiba(PR),PR,8.75,2026-07-08
Mamão Havaí,1Kg,Frutas,CEASA-AL Maceió(AL),AL,3.5,2026-07-08
Mamão Havaí,1Kg,Frutas,AMA-BA Juazeiro(BA),BA,4.55,2026-07-08
Mamão Havaí,1Kg,Frutas,CEASA-MA São Luís(MA),MA,8.48,2026-07-08
Mamão Havaí,1Kg,Frutas,CEASA-SP Campinas(SP),SP,11.5,2026-07-08
Mamão Havaí,1Kg,Frutas,CEAGESP São Paulo(SP),SP,7.04,2026-07-08
Mamão Havaí,1Kg,Frutas,CEAGESP Araraquara(SP),SP,9.6,2026-07-08
Manga,1Kg,Frutas,CEASA-MT Cuiabá(MT),MT,6.32,2026-07-08
Manga,1Kg,Frutas,CEASA-PE Recife(PE),PE,5.2,2026-07-08
Manga,1Kg,Frutas,CEASA-PR Foz do Iguaçu(PR),PR,7.0,2026-07-08
Manga,1Kg,Frutas,CEASA-ES Vitória(ES),ES,7.0,2026-07-08
Manga,1Kg,Frutas,CEASA-RN Natal(RN),RN,4.0,2026-07-08
Manga,1Kg,Frutas,CEASA-BA Salvador(BA),BA,8.5,2026-07-08
Manga,1Kg,Frutas,CEASAMINAS Belo Horizonte(MG),MG,5.0,2026-07-08
Manga,1Kg,Frutas,CEASA-RJ Rio de Janeiro(RJ),RJ,8.33,2026-07-08
Manga,1Kg,Frutas,CEASA-CE Fortaleza(CE),CE,5.65,2026-07-08
Manga,1Kg,Frutas,CEASA-PR Curitiba(PR),PR,7.5,2026-07-08
Manga,1Kg,Frutas,CEASA-AL Maceió(AL),AL,2.4,2026-07-08
Manga,1Kg,Frutas,AMA-BA Juazeiro(BA),BA,3.27,2026-07-08
Manga,1Kg,Frutas,CEASA-MA São Luís(MA),MA,11.43,2026-07-08
Manga,1Kg,Frutas,CEASA-SP Campinas(SP),SP,7.22,2026-07-08
Manga,1Kg,Frutas,CEAGESP São Paulo(SP),SP,6.39,2026-07-08
Manga,1Kg,Frutas,CEAGESP Araraquara(SP),SP,8.82,2026-07-08
Maracujá Azedo,1Kg,Frutas,CEASA-MT Cuiabá(MT),MT,9.5,2026-07-08
Maracujá Azedo,1Kg,Frutas,CEASA-PE Recife(PE),PE,4.7,2026-07-08
Maracujá Azedo,1Kg,Frutas,CEASA-PR Foz do Iguaçu(PR),PR,9.45,2026-07-08
Maracujá Azedo,1Kg,Frutas,CEASA-ES Vitória(ES),ES,7.0,2026-07-08
Maracujá Azedo,1Kg,Frutas,CEASA-RN Natal(RN),RN,5.8,2026-07-08
Maracujá Azedo,1Kg,Frutas,CEASA-BA Salvador(BA),BA,6.3,2026-07-08
Maracujá Azedo,1Kg,Frutas,CEASAMINAS Belo Horizonte(MG),MG,5.83,2026-07-08
Maracujá Azedo,1Kg,Frutas,CEASA-RJ Rio de Janeiro(RJ),RJ,7.0,2026-07-08
Maracujá Azedo,1Kg,Frutas,CEASA-CE Fortaleza(CE),CE,5.65,2026-07-08
Maracujá Azedo,1Kg,Frutas,CEASA-PR Curitiba(PR),PR,8.18,2026-07-08
Maracujá Azedo,1Kg,Frutas,CEASA-AL Maceió(AL),AL,5.33,2026-07-08
Maracujá Azedo,1Kg,Frutas,AMA-BA Juazeiro(BA),BA,3.75,2026-07-08
Maracujá Azedo,1Kg,Frutas,CEASA-MA São Luís(MA),MA,9.69,2026-07-08
Maracujá Azedo,1Kg,Frutas,CEASA-SP Campinas(SP),SP,7.73,2026-07-08
Maracujá Azedo,1Kg,Frutas,CEAGESP São Paulo(SP),SP,6.76,2026-07-08
Maracujá Azedo,1Kg,Frutas,CEAGESP Araraquara(SP),SP,10.5,2026-07-08
Melancia,1Kg,Frutas,CEASA-MT Cuiabá(MT),MT,2.8,2026-07-08
Melancia,1Kg,Frutas,CEASA-PE Recife(PE),PE,1.9,2026-07-08
Melancia,1Kg,Frutas,CEASA-PR Foz do Iguaçu(PR),PR,2.8,2026-07-08
Melancia,1Kg,Frutas,CEASA-ES Vitória(ES),ES,3.0,2026-07-08
Melancia,1Kg,Frutas,CEASA-RN Natal(RN),RN,2.0,2026-07-08
Melancia,1Kg,Frutas,CEASA-BA Salvador(BA),BA,3.0,2026-07-08
Melancia,1Kg,Frutas,CEASAMINAS Belo Horizonte(MG),MG,2.8,2026-07-08
Melancia,1Kg,Frutas,CEASA-RJ Rio de Janeiro(RJ),RJ,3.0,2026-07-08
Melancia,1Kg,Frutas,CEASA-CE Fortaleza(CE),CE,2.5,2026-07-08
Melancia,1Kg,Frutas,CEASA-PR Curitiba(PR),PR,2.5,2026-07-08
Melancia,1Kg,Frutas,CEASA-AL Maceió(AL),AL,1.39,2026-07-08
Melancia,1Kg,Frutas,AMA-BA Juazeiro(BA),BA,1.4,2026-07-08
Melancia,1Kg,Frutas,CEASA-MA São Luís(MA),MA,3.55,2026-07-08
Melancia,1Kg,Frutas,CEASA-SP Campinas(SP),SP,2.4,2026-07-08
Melancia,1Kg,Frutas,CEAGESP São Paulo(SP),SP,2.29,2026-07-08
Melancia,1Kg,Frutas,CEAGESP Araraquara(SP),SP,2.82,2026-07-08
Melão Amarelo,1Kg,Frutas,CEASA-MT Cuiabá(MT),MT,5.19,2026-07-08
Melão Amarelo,1Kg,Frutas,CEASA-PE Recife(PE),PE,2.5,2026-07-08
Melão Amarelo,1Kg,Frutas,CEASA-PR Foz do Iguaçu(PR),PR,3.7,2026-07-08
Melão Amarelo,1Kg,Frutas,CEASA-ES Vitória(ES),ES,6.44,2026-07-08
Melão Amarelo,1Kg,Frutas,CEASA-RN Natal(RN),RN,3.5,2026-07-08
Melão Amarelo,1Kg,Frutas,CEASA-BA Salvador(BA),BA,3.0,2026-07-08
Melão Amarelo,1Kg,Frutas,CEASAMINAS Belo Horizonte(MG),MG,3.84,2026-07-08
Melão Amarelo,1Kg,Frutas,CEASA-RJ Rio de Janeiro(RJ),RJ,3.85,2026-07-08
Melão Amarelo,1Kg,Frutas,CEASA-CE Fortaleza(CE),CE,3.5,2026-07-08
Melão Amarelo,1Kg,Frutas,CEASA-PR Curitiba(PR),PR,5.38,2026-07-08
Melão Amarelo,1Kg,Frutas,CEASA-AL Maceió(AL),AL,3.5,2026-07-08
Melão Amarelo,1Kg,Frutas,AMA-BA Juazeiro(BA),BA,2.2,2026-07-08
Melão Amarelo,1Kg,Frutas,CEASA-MA São Luís(MA),MA,5.35,2026-07-08
Melão Amarelo,1Kg,Frutas,CEASA-SP Campinas(SP),SP,4.0,2026-07-08
Melão Amarelo,1Kg,Frutas,CEAGESP São Paulo(SP),SP,3.8,2026-07-08
Melão Amarelo,1Kg,Frutas,CEAGESP Araraquara(SP),SP,4.8,2026-07-08
Morango,1Kg,Frutas,CEASA-MT Cuiabá(MT),MT,45.0,2026-07-08
Morango,1Kg,Frutas,CEASA-PE Recife(PE),PE,40.0,2026-07-08
Morango,1Kg,Frutas,CEASA-PR Foz do Iguaçu(PR),PR,35.0,2026-07-08
Morango,1Kg,Frutas,CEASA-ES Vitória(ES),ES,21.63,2026-07-08
Morango,1Kg,Frutas,CEASA-RN Natal(RN),RN,45.0,2026-07-08
Morango,1Kg,Frutas,CEASA-BA Salvador(BA),BA,30.0,2026-07-08
Morango,1Kg,Frutas,CEASAMINAS Belo Horizonte(MG),MG,29.16,2026-07-08
Morango,1Kg,Frutas,CEASA-RJ Rio de Janeiro(RJ),RJ,25.0,2026-07-08
Morango,1Kg,Frutas,CEASA-CE Fortaleza(CE),CE,45.0,2026-07-08
Morango,1Kg,Frutas,CEASA-PR Curitiba(PR),PR,26.67,2026-07-08
Morango,1Kg,Frutas,CEASA-AL Maceió(AL),AL,25.0,2026-07-08
Morango,1Kg,Frutas,AMA-BA Juazeiro(BA),BA,36.0,2026-07-08
Morango,1Kg,Frutas,CEASA-MA São Luís(MA),MA,47.51,2026-07-08
Morango,1Kg,Frutas,CEASA-SP Campinas(SP),SP,33.33,2026-07-08
Morango,1Kg,Frutas,CEAGESP São Paulo(SP),SP,32.41,2026-07-08
Morango,1Kg,Frutas,CEAGESP Araraquara(SP),SP,35.28,2026-07-08
Pêra Estrangeira,1Kg,Frutas,CEASA-PE Recife(PE),PE,8.5,2026-07-08
Pêra Estrangeira,1Kg,Frutas,CEASA-PR Foz do Iguaçu(PR),PR,7.78,2026-07-08
Pêra Estrangeira,1Kg,Frutas,CEASA-ES Vitória(ES),ES,9.86,2026-07-08
Pêra Estrangeira,1Kg,Frutas,CEASA-RN Natal(RN),RN,10.0,2026-07-08
Pêra Estrangeira,1Kg,Frutas,CEASA-BA Salvador(BA),BA,9.0,2026-07-08
Pêra Estrangeira,1Kg,Frutas,CEASAMINAS Belo Horizonte(MG),MG,8.0,2026-07-08
Pêra Estrangeira,1Kg,Frutas,CEASA-RJ Rio de Janeiro(RJ),RJ,14.0,2026-07-08
Pêra Estrangeira,1Kg,Frutas,CEASA-CE Fortaleza(CE),CE,13.9,2026-07-08
Pêra Estrangeira,1Kg,Frutas,CEASA-PR Curitiba(PR),PR,8.33,2026-07-08
Pêra Estrangeira,1Kg,Frutas,CEASA-AL Maceió(AL),AL,9.75,2026-07-08
Pêra Estrangeira,1Kg,Frutas,AMA-BA Juazeiro(BA),BA,9.44,2026-07-08
Pêra Estrangeira,1Kg,Frutas,CEASA-MA São Luís(MA),MA,17.5,2026-07-08
Pêra Estrangeira,1Kg,Frutas,CEASA-SP Campinas(SP),SP,7.64,2026-07-08
Pêra Estrangeira,1Kg,Frutas,CEAGESP São Paulo(SP),SP,8.38,2026-07-08
Pêra Estrangeira,1Kg,Frutas,CEAGESP Araraquara(SP),SP,8.53,2026-07-08
Tangerina,1Kg,Frutas,CEASA-MT Cuiabá(MT),MT,3.5,2026-07-08
Tangerina,1Kg,Frutas,CEASA-PE Recife(PE),PE,2.8,2026-07-08
Tangerina,1Kg,Frutas,CEASA-PR Foz do Iguaçu(PR),PR,2.0,2026-07-08
Tangerina,1Kg,Frutas,CEASA-ES Vitória(ES),ES,2.29,2026-07-08
Tangerina,1Kg,Frutas,CEASA-RN Natal(RN),RN,4.0,2026-07-08
Tangerina,1Kg,Frutas,CEASA-BA Salvador(BA),BA,2.2,2026-07-08
Tangerina,1Kg,Frutas,CEASAMINAS Belo Horizonte(MG),MG,2.77,2026-07-08
Tangerina,1Kg,Frutas,CEASA-RJ Rio de Janeiro(RJ),RJ,5.56,2026-07-08
Tangerina,1Kg,Frutas,CEASA-CE Fortaleza(CE),CE,7.25,2026-07-08
Tangerina,1Kg,Frutas,CEASA-PR Curitiba(PR),PR,2.0,2026-07-08
Tangerina,1Kg,Frutas,CEASA-AL Maceió(AL),AL,3.33,2026-07-08
Tangerina,1Kg,Frutas,AMA-BA Juazeiro(BA),BA,6.67,2026-07-08
Tangerina,1Kg,Frutas,CEASA-MA São Luís(MA),MA,5.2,2026-07-08
Tangerina,1Kg,Frutas,CEASA-SP Campinas(SP),SP,2.75,2026-07-08
Tangerina,1Kg,Frutas,CEAGESP São Paulo(SP),SP,2.18,2026-07-08
Tangerina,1Kg,Frutas,CEAGESP Araraquara(SP),SP,3.37,2026-07-08
Uva Itália,1Kg,Frutas,CEASA-PE Recife(PE),PE,6.67,2026-07-08
Uva Itália,1Kg,Frutas,CEASA-PR Foz do Iguaçu(PR),PR,11.0,2026-07-08
Uva Itália,1Kg,Frutas,CEASA-ES Vitória(ES),ES,13.75,2026-07-08
Uva Itália,1Kg,Frutas,CEASA-RN Natal(RN),RN,9.0,2026-07-08
Uva Itália,1Kg,Frutas,CEASA-BA Salvador(BA),BA,7.5,2026-07-08
Uva Itália,1Kg,Frutas,CEASAMINAS Belo Horizonte(MG),MG,15.0,2026-07-08
Uva Itália,1Kg,Frutas,CEASA-RJ Rio de Janeiro(RJ),RJ,11.0,2026-07-08
Uva Itália,1Kg,Frutas,CEASA-CE Fortaleza(CE),CE,9.5,2026-07-08
Uva Itália,1Kg,Frutas,CEASA-PR Curitiba(PR),PR,10.0,2026-07-08
Uva Itália,1Kg,Frutas,CEASA-AL Maceió(AL),AL,5.45,2026-07-08
Uva Itália,1Kg,Frutas,AMA-BA Juazeiro(BA),BA,7.0,2026-07-08
Uva Itália,1Kg,Frutas,CEASA-MA São Luís(MA),MA,20.95,2026-07-08
Uva Itália,1Kg,Frutas,CEASA-SP Campinas(SP),SP,10.0,2026-07-08
Uva Itália,1Kg,Frutas,CEAGESP São Paulo(SP),SP,12.41,2026-07-08
Uva Itália,1Kg,Frutas,CEAGESP Araraquara(SP),SP,16.67,2026-07-08
Uva Niagara,1Kg,Frutas,CEASA-MT Cuiabá(MT),MT,20.0,2026-07-08
Uva Niagara,1Kg,Frutas,CEASA-PR Foz do Iguaçu(PR),PR,12.0,2026-07-08
Uva Niagara,1Kg,Frutas,CEASA-ES Vitória(ES),ES,14.67,2026-07-08
Uva Niagara,1Kg,Frutas,CEASAMINAS Belo Horizonte(MG),MG,10.0,2026-07-08
Uva Niagara,1Kg,Frutas,CEASA-RJ Rio de Janeiro(RJ),RJ,11.0,2026-07-08
Uva Niagara,1Kg,Frutas,CEASA-PR Curitiba(PR),PR,12.5,2026-07-08
Uva Niagara,1Kg,Frutas,CEASA-SP Campinas(SP),SP,9.0,2026-07-08
Uva Niagara,1Kg,Frutas,CEAGESP São Paulo(SP),SP,9.88,2026-07-08
Uva Niagara,1Kg,Frutas,CEAGESP Araraquara(SP),SP,17.87,2026-07-08
Uva Rubi,1Kg,Frutas,CEASA-PR Foz do Iguaçu(PR),PR,11.0,2026-07-08
Uva Rubi,1Kg,Frutas,CEASA-RN Natal(RN),RN,11.0,2026-07-08
Uva Rubi,1Kg,Frutas,CEASA-RJ Rio de Janeiro(RJ),RJ,11.0,2026-07-08
Uva Rubi,1Kg,Frutas,CEASA-PR Curitiba(PR),PR,10.0,2026-07-08
Uva Rubi,1Kg,Frutas,CEASA-AL Maceió(AL),AL,6.5,2026-07-08
Uva Rubi,1Kg,Frutas,CEASA-SP Campinas(SP),SP,9.6,2026-07-08
Abacate,1Kg,Frutas,CEAGESP Ribeirão Preto(SP),SP,2.0,2026-07-07
Abacate,1Kg,Frutas,CEASA-MT Cuiabá(MT),MT,4.44,2026-07-07
Abacate,1Kg,Frutas,CEASA-PE Recife(PE),PE,4.5,2026-07-07
Abacate,1Kg,Frutas,CEASA-MS Campo Grande(MS),MS,4.5,2026-07-07
Abacate,1Kg,Frutas,CEASA-PR Curitiba(PR),PR,3.5,2026-07-07
Abacate,1Kg,Frutas,CEASA-ES Vitória(ES),ES,2.27,2026-07-07
Abacate,1Kg,Frutas,CEASA-RN Natal(RN),RN,3.5,2026-07-07
Abacate,1Kg,Frutas,CEASA-MA São Luís(MA),MA,7.0,2026-07-07
Abacate,1Kg,Frutas,CEASA-PB Patos(PB),PB,4.36,2026-07-07
Abacate,1Kg,Frutas,CEASA-RJ Rio de Janeiro(RJ),RJ,3.33,2026-07-07
Abacate,1Kg,Frutas,CEASA-CE Fortaleza(CE),CE,4.4,2026-07-07
Abacate,1Kg,Frutas,CEASA-CE Tianguá(CE),CE,4.4,2026-07-07
Abacate,1Kg,Frutas,CEASA-AL Maceió(AL),AL,6.6,2026-07-07
Abacate,1Kg,Frutas,AMA-BA Juazeiro(BA),BA,3.65,2026-07-07
Abacate,1Kg,Frutas,CEASAMINAS Barbacena(MG),MG,3.05,2026-07-07
Abacate,1Kg,Frutas,CEASA-PR Cascavel(PR),PR,3.0,2026-07-07
Abacaxi,1Un,Frutas,CEAGESP Ribeirão Preto(SP),SP,6.33,2026-07-07
Abacaxi,1Un,Frutas,CEASA-MT Cuiabá(MT),MT,7.92,2026-07-07
Abacaxi,1Un,Frutas,CEASA-PE Recife(PE),PE,3.5,2026-07-07
Abacaxi,1Un,Frutas,CEASA-MS Campo Grande(MS),MS,9.15,2026-07-07
Abacaxi,1Un,Frutas,CEASA-PR Curitiba(PR),PR,7.5,2026-07-07
Abacaxi,1Un,Frutas,CEASA-ES Vitória(ES),ES,7.0,2026-07-07
Abacaxi,1Un,Frutas,CEASA-RN Natal(RN),RN,5.0,2026-07-07
Abacaxi,1Un,Frutas,CEASA-MA São Luís(MA),MA,9.75,2026-07-07
Abacaxi,1Un,Frutas,CEASA-PB Patos(PB),PB,5.0,2026-07-07
Abacaxi,1Un,Frutas,CEASA-RJ Rio de Janeiro(RJ),RJ,5.0,2026-07-07
Abacaxi,1Un,Frutas,CEASA-CE Fortaleza(CE),CE,4.15,2026-07-07
Abacaxi,1Un,Frutas,CEASA-CE Tianguá(CE),CE,4.26,2026-07-07
Abacaxi,1Un,Frutas,CEASA-AL Maceió(AL),AL,4.0,2026-07-07
Abacaxi,1Un,Frutas,AMA-BA Juazeiro(BA),BA,7.0,2026-07-07
Abacaxi,1Un,Frutas,CEASAMINAS Barbacena(MG),MG,7.0,2026-07-07
Abacaxi,1Un,Frutas,CEASA-PR Cascavel(PR),PR,8.8,2026-07-07
Banana Nanica,1Kg,Frutas,CEAGESP Ribeirão Preto(SP),SP,3.07,2026-07-07
Banana Nanica,1Kg,Frutas,CEASA-MT Cuiabá(MT),MT,3.16,2026-07-07
Banana Nanica,1Kg,Frutas,CEASA-MS Campo Grande(MS),MS,3.7,2026-07-07
Banana Nanica,1Kg,Frutas,CEASA-PR Curitiba(PR),PR,2.5,2026-07-07
Banana Nanica,1Kg,Frutas,CEASA-ES Vitória(ES),ES,3.5,2026-07-07
Banana Nanica,1Kg,Frutas,CEASA-RN Natal(RN),RN,4.0,2026-07-07
Banana Nanica,1Kg,Frutas,CEASA-MA São Luís(MA),MA,4.87,2026-07-07
Banana Nanica,1Kg,Frutas,CEASA-PB Patos(PB),PB,2.97,2026-07-07
Banana Nanica,1Kg,Frutas,CEASA-RJ Rio de Janeiro(RJ),RJ,3.25,2026-07-07
Banana Nanica,1Kg,Frutas,CEASA-CE Fortaleza(CE),CE,3.2,2026-07-07
Banana Nanica,1Kg,Frutas,CEASA-CE Tianguá(CE),CE,4.38,2026-07-07
Banana Nanica,1Kg,Frutas,AMA-BA Juazeiro(BA),BA,2.5,2026-07-07
Banana Nanica,1Kg,Frutas,CEASAMINAS Barbacena(MG),MG,2.77,2026-07-07
Banana Nanica,1Kg,Frutas,CEASA-PR Cascavel(PR),PR,3.5,2026-07-07
Banana Prata,1Kg,Frutas,CEAGESP Ribeirão Preto(SP),SP,4.76,2026-07-07
Banana Prata,1Kg,Frutas,CEASA-MT Cuiabá(MT),MT,5.79,2026-07-07
Banana Prata,1Kg,Frutas,CEASA-PE Recife(PE),PE,2.27,2026-07-07
Banana Prata,1Kg,Frutas,CEASA-MS Campo Grande(MS),MS,7.0,2026-07-07
Banana Prata,1Kg,Frutas,CEASA-PR Curitiba(PR),PR,4.0,2026-07-07
Banana Prata,1Kg,Frutas,CEASA-ES Vitória(ES),ES,4.83,2026-07-07
Banana Prata,1Kg,Frutas,CEASA-RN Natal(RN),RN,3.0,2026-07-07
Banana Prata,1Kg,Frutas,CEASA-MA São Luís(MA),MA,5.33,2026-07-07
Banana Prata,1Kg,Frutas,CEASA-PB Patos(PB),PB,3.42,2026-07-07
Banana Prata,1Kg,Frutas,CEASA-RJ Rio de Janeiro(RJ),RJ,2.5,2026-07-07
Banana Prata,1Kg,Frutas,CEASA-CE Fortaleza(CE),CE,4.0,2026-07-07
Banana Prata,1Kg,Frutas,CEASA-CE Tianguá(CE),CE,3.0,2026-07-07
Banana Prata,1Kg,Frutas,CEASA-AL Maceió(AL),AL,4.3,2026-07-07
Banana Prata,1Kg,Frutas,AMA-BA Juazeiro(BA),BA,1.92,2026-07-07
Banana Prata,1Kg,Frutas,CEASAMINAS Barbacena(MG),MG,3.88,2026-07-07
Banana Prata,1Kg,Frutas,CEASA-PR Cascavel(PR),PR,7.0,2026-07-07
Coco Verde,1unidade,Frutas,CEAGESP Ribeirão Preto(SP),SP,3.5,2026-07-07
Coco Verde,1unidade,Frutas,CEASA-MT Cuiabá(MT),MT,3.17,2026-07-07
Coco Verde,1unidade,Frutas,CEASA-PE Recife(PE),PE,1.5,2026-07-07
Coco Verde,1unidade,Frutas,CEASA-MS Campo Grande(MS),MS,5.5,2026-07-07
Coco Verde,1unidade,Frutas,CEASA-PR Curitiba(PR),PR,6.0,2026-07-07
Coco Verde,1unidade,Frutas,CEASA-ES Vitória(ES),ES,3.5,2026-07-07
Coco Verde,1unidade,Frutas,CEASA-RN Natal(RN),RN,2.5,2026-07-07
Coco Verde,1unidade,Frutas,CEASA-MA São Luís(MA),MA,3.73,2026-07-07
Coco Verde,1unidade,Frutas,CEASA-PB Patos(PB),PB,0.69,2026-07-07
Coco Verde,1unidade,Frutas,CEASA-RJ Rio de Janeiro(RJ),RJ,3.5,2026-07-07
Coco Verde,1unidade,Frutas,CEASA-CE Fortaleza(CE),CE,2.3,2026-07-07
Coco Verde,1unidade,Frutas,CEASA-CE Tianguá(CE),CE,1.89,2026-07-07
Coco Verde,1unidade,Frutas,CEASA-AL Maceió(AL),AL,2.0,2026-07-07
Coco Verde,1unidade,Frutas,AMA-BA Juazeiro(BA),BA,1.0,2026-07-07
Coco Verde,1unidade,Frutas,CEASAMINAS Barbacena(MG),MG,4.0,2026-07-07
Coco Verde,1unidade,Frutas,CEASA-PR Cascavel(PR),PR,5.0,2026-07-07
Goiaba,1Kg,Frutas,CEAGESP Ribeirão Preto(SP),SP,7.89,2026-07-07
Goiaba,1Kg,Frutas,CEASA-PE Recife(PE),PE,2.86,2026-07-07
Goiaba,1Kg,Frutas,CEASA-MS Campo Grande(MS),MS,5.0,2026-07-07
Goiaba,1Kg,Frutas,CEASA-PR Curitiba(PR),PR,5.63,2026-07-07
Goiaba,1Kg,Frutas,CEASA-ES Vitória(ES),ES,2.89,2026-07-07
Goiaba,1Kg,Frutas,CEASA-RN Natal(RN),RN,3.4,2026-07-07
Goiaba,1Kg,Frutas,CEASA-MA São Luís(MA),MA,7.13,2026-07-07
Goiaba,1Kg,Frutas,CEASA-PB Patos(PB),PB,2.62,2026-07-07
Goiaba,1Kg,Frutas,CEASA-RJ Rio de Janeiro(RJ),RJ,8.0,2026-07-07
Goiaba,1Kg,Frutas,CEASA-CE Fortaleza(CE),CE,4.4,2026-07-07
Goiaba,1Kg,Frutas,CEASA-CE Tianguá(CE),CE,4.4,2026-07-07
Goiaba,1Kg,Frutas,CEASA-AL Maceió(AL),AL,2.84,2026-07-07
Goiaba,1Kg,Frutas,AMA-BA Juazeiro(BA),BA,4.0,2026-07-07
Goiaba,1Kg,Frutas,CEASAMINAS Barbacena(MG),MG,4.0,2026-07-07
Goiaba,1Kg,Frutas,CEASA-PR Cascavel(PR),PR,6.0,2026-07-07
Laranja Pêra,1Kg,Frutas,CEAGESP Ribeirão Preto(SP),SP,2.9,2026-07-07
Laranja Pêra,1Kg,Frutas,CEASA-MT Cuiabá(MT),MT,2.22,2026-07-07
Laranja Pêra,1Kg,Frutas,CEASA-PE Recife(PE),PE,1.75,2026-07-07
Laranja Pêra,1Kg,Frutas,CEASA-MS Campo Grande(MS),MS,1.8,2026-07-07
Laranja Pêra,1Kg,Frutas,CEASA-PR Curitiba(PR),PR,2.5,2026-07-07
Laranja Pêra,1Kg,Frutas,CEASA-ES Vitória(ES),ES,1.6,2026-07-07
Laranja Pêra,1Kg,Frutas,CEASA-RN Natal(RN),RN,2.5,2026-07-07
Laranja Pêra,1Kg,Frutas,CEASA-MA São Luís(MA),MA,2.88,2026-07-07
Laranja Pêra,1Kg,Frutas,CEASA-PB Patos(PB),PB,2.15,2026-07-07
Laranja Pêra,1Kg,Frutas,CEASA-RJ Rio de Janeiro(RJ),RJ,2.5,2026-07-07
Laranja Pêra,1Kg,Frutas,CEASA-CE Fortaleza(CE),CE,2.5,2026-07-07
Laranja Pêra,1Kg,Frutas,CEASA-CE Tianguá(CE),CE,1.75,2026-07-07
Laranja Pêra,1Kg,Frutas,CEASA-AL Maceió(AL),AL,1.66,2026-07-07
Laranja Pêra,1Kg,Frutas,AMA-BA Juazeiro(BA),BA,1.0,2026-07-07
Laranja Pêra,1Kg,Frutas,CEASAMINAS Barbacena(MG),MG,2.0,2026-07-07
Laranja Pêra,1Kg,Frutas,CEASA-PR Cascavel(PR),PR,2.9,2026-07-07
Limão Taiti,1Kg,Frutas,CEAGESP Ribeirão Preto(SP),SP,2.01,2026-07-07
Limão Taiti,1Kg,Frutas,CEASA-MT Cuiabá(MT),MT,3.5,2026-07-07
Limão Taiti,1Kg,Frutas,CEASA-PE Recife(PE),PE,1.85,2026-07-07
Limão Taiti,1Kg,Frutas,CEASA-MS Campo Grande(MS),MS,2.6,2026-07-07
Limão Taiti,1Kg,Frutas,CEASA-PR Curitiba(PR),PR,2.83,2026-07-07
Limão Taiti,1Kg,Frutas,CEASA-ES Vitória(ES),ES,4.0,2026-07-07
Limão Taiti,1Kg,Frutas,CEASA-RN Natal(RN),RN,2.5,2026-07-07
Limão Taiti,1Kg,Frutas,CEASA-MA São Luís(MA),MA,3.25,2026-07-07
Limão Taiti,1Kg,Frutas,CEASA-PB Patos(PB),PB,3.67,2026-07-07
Limão Taiti,1Kg,Frutas,CEASA-RJ Rio de Janeiro(RJ),RJ,3.25,2026-07-07
Limão Taiti,1Kg,Frutas,CEASA-CE Fortaleza(CE),CE,6.0,2026-07-07
Limão Taiti,1Kg,Frutas,CEASA-CE Tianguá(CE),CE,1.8,2026-07-07
Limão Taiti,1Kg,Frutas,CEASA-AL Maceió(AL),AL,2.5,2026-07-07
Limão Taiti,1Kg,Frutas,AMA-BA Juazeiro(BA),BA,2.0,2026-07-07
Limão Taiti,1Kg,Frutas,CEASAMINAS Barbacena(MG),MG,3.25,2026-07-07
Limão Taiti,1Kg,Frutas,CEASA-PR Cascavel(PR),PR,3.6,2026-07-07
Maçã Nacional,1Kg,Frutas,CEAGESP Ribeirão Preto(SP),SP,9.39,2026-07-07
Maçã Nacional,1Kg,Frutas,CEASA-MT Cuiabá(MT),MT,7.78,2026-07-07
Maçã Nacional,1Kg,Frutas,CEASA-PE Recife(PE),PE,6.67,2026-07-07
Maçã Nacional,1Kg,Frutas,CEASA-MS Campo Grande(MS),MS,5.6,2026-07-07
Maçã Nacional,1Kg,Frutas,CEASA-PR Curitiba(PR),PR,6.67,2026-07-07
Maçã Nacional,1Kg,Frutas,CEASA-ES Vitória(ES),ES,5.19,2026-07-07
Maçã Nacional,1Kg,Frutas,CEASA-RN Natal(RN),RN,7.8,2026-07-07
Maçã Nacional,1Kg,Frutas,CEASA-MA São Luís(MA),MA,8.92,2026-07-07
Maçã Nacional,1Kg,Frutas,CEASA-PB Patos(PB),PB,7.22,2026-07-07
Maçã Nacional,1Kg,Frutas,CEASA-RJ Rio de Janeiro(RJ),RJ,6.39,2026-07-07
Maçã Nacional,1Kg,Frutas,CEASA-CE Fortaleza(CE),CE,10.4,2026-07-07
Maçã Nacional,1Kg,Frutas,CEASA-CE Tianguá(CE),CE,7.22,2026-07-07
Maçã Nacional,1Kg,Frutas,CEASA-AL Maceió(AL),AL,10.6,2026-07-07
Maçã Nacional,1Kg,Frutas,AMA-BA Juazeiro(BA),BA,6.94,2026-07-07
Maçã Nacional,1Kg,Frutas,CEASAMINAS Barbacena(MG),MG,5.83,2026-07-07
Maçã Nacional,1Kg,Frutas,CEASA-PR Cascavel(PR),PR,6.0,2026-07-07
Mamão Formosa,1Kg,Frutas,CEAGESP Ribeirão Preto(SP),SP,3.53,2026-07-07
Mamão Formosa,1Kg,Frutas,CEASA-MT Cuiabá(MT),MT,3.68,2026-07-07
Mamão Formosa,1Kg,Frutas,CEASA-PE Recife(PE),PE,3.5,2026-07-07
Mamão Formosa,1Kg,Frutas,CEASA-MS Campo Grande(MS),MS,3.75,2026-07-07
Mamão Formosa,1Kg,Frutas,CEASA-PR Curitiba(PR),PR,4.67,2026-07-07
Mamão Formosa,1Kg,Frutas,CEASA-ES Vitória(ES),ES,5.0,2026-07-07
Mamão Formosa,1Kg,Frutas,CEASA-RN Natal(RN),RN,3.0,2026-07-07
Mamão Formosa,1Kg,Frutas,CEASA-MA São Luís(MA),MA,5.17,2026-07-07
Mamão Formosa,1Kg,Frutas,CEASA-PB Patos(PB),PB,2.08,2026-07-07
Mamão Formosa,1Kg,Frutas,CEASA-RJ Rio de Janeiro(RJ),RJ,6.0,2026-07-07
Mamão Formosa,1Kg,Frutas,CEASA-CE Fortaleza(CE),CE,4.0,2026-07-07
Mamão Formosa,1Kg,Frutas,CEASA-CE Tianguá(CE),CE,2.05,2026-07-07
Mamão Formosa,1Kg,Frutas,CEASA-AL Maceió(AL),AL,2.0,2026-07-07
Mamão Formosa,1Kg,Frutas,AMA-BA Juazeiro(BA),BA,1.58,2026-07-07
Mamão Formosa,1Kg,Frutas,CEASAMINAS Barbacena(MG),MG,3.33,2026-07-07
Mamão Formosa,1Kg,Frutas,CEASA-PR Cascavel(PR),PR,8.0,2026-07-07
Mamão Havaí,1Kg,Frutas,CEAGESP Ribeirão Preto(SP),SP,7.43,2026-07-07
Mamão Havaí,1Kg,Frutas,CEASA-MT Cuiabá(MT),MT,9.0,2026-07-07
Mamão Havaí,1Kg,Frutas,CEASA-PE Recife(PE),PE,5.0,2026-07-07
Mamão Havaí,1Kg,Frutas,CEASA-MS Campo Grande(MS),MS,9.5,2026-07-07
Mamão Havaí,1Kg,Frutas,CEASA-PR Curitiba(PR),PR,8.75,2026-07-07
Mamão Havaí,1Kg,Frutas,CEASA-ES Vitória(ES),ES,6.33,2026-07-07
Mamão Havaí,1Kg,Frutas,CEASA-RN Natal(RN),RN,4.5,2026-07-07
Mamão Havaí,1Kg,Frutas,CEASA-MA São Luís(MA),MA,8.48,2026-07-07
Mamão Havaí,1Kg,Frutas,CEASA-PB Patos(PB),PB,6.08,2026-07-07
Mamão Havaí,1Kg,Frutas,CEASA-RJ Rio de Janeiro(RJ),RJ,6.5,2026-07-07
Mamão Havaí,1Kg,Frutas,CEASA-CE Fortaleza(CE),CE,8.0,2026-07-07
Mamão Havaí,1Kg,Frutas,CEASA-CE Tianguá(CE),CE,3.86,2026-07-07
Mamão Havaí,1Kg,Frutas,CEASA-AL Maceió(AL),AL,3.5,2026-07-07
Mamão Havaí,1Kg,Frutas,AMA-BA Juazeiro(BA),BA,4.55,2026-07-07
Mamão Havaí,1Kg,Frutas,CEASAMINAS Barbacena(MG),MG,9.38,2026-07-07
Mamão Havaí,1Kg,Frutas,CEASA-PR Cascavel(PR),PR,13.0,2026-07-07
Manga,1Kg,Frutas,CEAGESP Ribeirão Preto(SP),SP,7.08,2026-07-07
Manga,1Kg,Frutas,CEASA-MT Cuiabá(MT),MT,6.32,2026-07-07
Manga,1Kg,Frutas,CEASA-PE Recife(PE),PE,5.56,2026-07-07
Manga,1Kg,Frutas,CEASA-MS Campo Grande(MS),MS,10.8,2026-07-07
Manga,1Kg,Frutas,CEASA-PR Curitiba(PR),PR,7.5,2026-07-07
Manga,1Kg,Frutas,CEASA-ES Vitória(ES),ES,7.0,2026-07-07
Manga,1Kg,Frutas,CEASA-RN Natal(RN),RN,3.6,2026-07-07
Manga,1Kg,Frutas,CEASA-MA São Luís(MA),MA,11.43,2026-07-07
Manga,1Kg,Frutas,CEASA-PB Patos(PB),PB,2.56,2026-07-07
Manga,1Kg,Frutas,CEASA-RJ Rio de Janeiro(RJ),RJ,8.33,2026-07-07
Manga,1Kg,Frutas,CEASA-CE Fortaleza(CE),CE,5.6,2026-07-07
Manga,1Kg,Frutas,CEASA-CE Tianguá(CE),CE,6.4,2026-07-07
Manga,1Kg,Frutas,CEASA-AL Maceió(AL),AL,2.4,2026-07-07
Manga,1Kg,Frutas,AMA-BA Juazeiro(BA),BA,3.27,2026-07-07
Manga,1Kg,Frutas,CEASAMINAS Barbacena(MG),MG,5.0,2026-07-07
Manga,1Kg,Frutas,CEASA-PR Cascavel(PR),PR,9.0,2026-07-07
Maracujá Azedo,1Kg,Frutas,CEAGESP Ribeirão Preto(SP),SP,7.24,2026-07-07
Maracujá Azedo,1Kg,Frutas,CEASA-MT Cuiabá(MT),MT,9.5,2026-07-07
Maracujá Azedo,1Kg,Frutas,CEASA-PE Recife(PE),PE,4.7,2026-07-07
Maracujá Azedo,1Kg,Frutas,CEASA-MS Campo Grande(MS),MS,7.75,2026-07-07
Maracujá Azedo,1Kg,Frutas,CEASA-PR Curitiba(PR),PR,7.73,2026-07-07
Maracujá Azedo,1Kg,Frutas,CEASA-ES Vitória(ES),ES,7.0,2026-07-07
Maracujá Azedo,1Kg,Frutas,CEASA-RN Natal(RN),RN,6.75,2026-07-07
Maracujá Azedo,1Kg,Frutas,CEASA-MA São Luís(MA),MA,9.69,2026-07-07
Maracujá Azedo,1Kg,Frutas,CEASA-PB Patos(PB),PB,3.97,2026-07-07
Maracujá Azedo,1Kg,Frutas,CEASA-RJ Rio de Janeiro(RJ),RJ,7.0,2026-07-07
Maracujá Azedo,1Kg,Frutas,CEASA-CE Fortaleza(CE),CE,5.65,2026-07-07
Maracujá Azedo,1Kg,Frutas,CEASA-CE Tianguá(CE),CE,5.0,2026-07-07
Maracujá Azedo,1Kg,Frutas,CEASA-AL Maceió(AL),AL,5.33,2026-07-07
Maracujá Azedo,1Kg,Frutas,AMA-BA Juazeiro(BA),BA,3.75,2026-07-07
Maracujá Azedo,1Kg,Frutas,CEASAMINAS Barbacena(MG),MG,9.16,2026-07-07
Maracujá Azedo,1Kg,Frutas,CEASA-PR Cascavel(PR),PR,13.5,2026-07-07
Melancia,1Kg,Frutas,CEAGESP Ribeirão Preto(SP),SP,2.72,2026-07-07
Melancia,1Kg,Frutas,CEASA-MT Cuiabá(MT),MT,2.8,2026-07-07
Melancia,1Kg,Frutas,CEASA-PE Recife(PE),PE,1.9,2026-07-07
Melancia,1Kg,Frutas,CEASA-MS Campo Grande(MS),MS,2.1,2026-07-07
Melancia,1Kg,Frutas,CEASA-PR Curitiba(PR),PR,2.0,2026-07-07
Melancia,1Kg,Frutas,CEASA-ES Vitória(ES),ES,3.0,2026-07-07
Melancia,1Kg,Frutas,CEASA-RN Natal(RN),RN,2.0,2026-07-07
Melancia,1Kg,Frutas,CEASA-MA São Luís(MA),MA,3.55,2026-07-07
Melancia,1Kg,Frutas,CEASA-PB Patos(PB),PB,1.77,2026-07-07
Melancia,1Kg,Frutas,CEASA-RJ Rio de Janeiro(RJ),RJ,2.5,2026-07-07
Melancia,1Kg,Frutas,CEASA-CE Fortaleza(CE),CE,3.0,2026-07-07
Melancia,1Kg,Frutas,CEASA-CE Tianguá(CE),CE,2.0,2026-07-07
Melancia,1Kg,Frutas,CEASA-AL Maceió(AL),AL,1.39,2026-07-07
Melancia,1Kg,Frutas,AMA-BA Juazeiro(BA),BA,1.4,2026-07-07
Melancia,1Kg,Frutas,CEASAMINAS Barbacena(MG),MG,3.0,2026-07-07
Melancia,1Kg,Frutas,CEASA-PR Cascavel(PR),PR,2.8,2026-07-07
Melão Amarelo,1Kg,Frutas,CEAGESP Ribeirão Preto(SP),SP,10.0,2026-07-07
Melão Amarelo,1Kg,Frutas,CEASA-MT Cuiabá(MT),MT,5.19,2026-07-07
Melão Amarelo,1Kg,Frutas,CEASA-PE Recife(PE),PE,2.5,2026-07-07
Melão Amarelo,1Kg,Frutas,CEASA-MS Campo Grande(MS),MS,5.4,2026-07-07
Melão Amarelo,1Kg,Frutas,CEASA-PR Curitiba(PR),PR,5.38,2026-07-07
Melão Amarelo,1Kg,Frutas,CEASA-ES Vitória(ES),ES,6.42,2026-07-07
Melão Amarelo,1Kg,Frutas,CEASA-RN Natal(RN),RN,3.5,2026-07-07
Melão Amarelo,1Kg,Frutas,CEASA-MA São Luís(MA),MA,5.35,2026-07-07
Melão Amarelo,1Kg,Frutas,CEASA-PB Patos(PB),PB,2.58,2026-07-07
Melão Amarelo,1Kg,Frutas,CEASA-RJ Rio de Janeiro(RJ),RJ,3.85,2026-07-07
Melão Amarelo,1Kg,Frutas,CEASA-CE Fortaleza(CE),CE,4.0,2026-07-07
Melão Amarelo,1Kg,Frutas,CEASA-CE Tianguá(CE),CE,3.18,2026-07-07
Melão Amarelo,1Kg,Frutas,CEASA-AL Maceió(AL),AL,3.5,2026-07-07
Melão Amarelo,1Kg,Frutas,AMA-BA Juazeiro(BA),BA,2.2,2026-07-07
Melão Amarelo,1Kg,Frutas,CEASAMINAS Barbacena(MG),MG,5.77,2026-07-07
Melão Amarelo,1Kg,Frutas,CEASA-PR Cascavel(PR),PR,5.8,2026-07-07
Morango,1Kg,Frutas,CEAGESP Ribeirão Preto(SP),SP,40.0,2026-07-07
Morango,1Kg,Frutas,CEASA-MT Cuiabá(MT),MT,45.0,2026-07-07
Morango,1Kg,Frutas,CEASA-PE Recife(PE),PE,40.0,2026-07-07
Morango,1Kg,Frutas,CEASA-MS Campo Grande(MS),MS,26.65,2026-07-07
Morango,1Kg,Frutas,CEASA-PR Curitiba(PR),PR,26.67,2026-07-07
Morango,1Kg,Frutas,CEASA-ES Vitória(ES),ES,17.67,2026-07-07
Morango,1Kg,Frutas,CEASA-RN Natal(RN),RN,45.0,2026-07-07
Morango,1Kg,Frutas,CEASA-MA São Luís(MA),MA,47.51,2026-07-07
Morango,1Kg,Frutas,CEASA-PB Patos(PB),PB,34.33,2026-07-07
Morango,1Kg,Frutas,CEASA-RJ Rio de Janeiro(RJ),RJ,25.0,2026-07-07
Morango,1Kg,Frutas,CEASA-CE Fortaleza(CE),CE,45.0,2026-07-07
Morango,1Kg,Frutas,CEASA-CE Tianguá(CE),CE,45.0,2026-07-07
Morango,1Kg,Frutas,CEASA-AL Maceió(AL),AL,25.0,2026-07-07
Morango,1Kg,Frutas,AMA-BA Juazeiro(BA),BA,36.0,2026-07-07
Morango,1Kg,Frutas,CEASAMINAS Barbacena(MG),MG,13.33,2026-07-07
Morango,1Kg,Frutas,CEASA-PR Cascavel(PR),PR,41.65,2026-07-07
Pêra Estrangeira,1Kg,Frutas,CEAGESP Ribeirão Preto(SP),SP,11.67,2026-07-07
Pêra Estrangeira,1Kg,Frutas,CEASA-PE Recife(PE),PE,8.5,2026-07-07
Pêra Estrangeira,1Kg,Frutas,CEASA-MS Campo Grande(MS),MS,8.0,2026-07-07
Pêra Estrangeira,1Kg,Frutas,CEASA-PR Curitiba(PR),PR,8.33,2026-07-07
Pêra Estrangeira,1Kg,Frutas,CEASA-ES Vitória(ES),ES,9.8,2026-07-07
Pêra Estrangeira,1Kg,Frutas,CEASA-RN Natal(RN),RN,10.0,2026-07-07
Pêra Estrangeira,1Kg,Frutas,CEASA-MA São Luís(MA),MA,17.5,2026-07-07
Pêra Estrangeira,1Kg,Frutas,CEASA-PB Patos(PB),PB,8.67,2026-07-07
Pêra Estrangeira,1Kg,Frutas,CEASA-RJ Rio de Janeiro(RJ),RJ,14.0,2026-07-07
Pêra Estrangeira,1Kg,Frutas,CEASA-CE Fortaleza(CE),CE,13.9,2026-07-07
Pêra Estrangeira,1Kg,Frutas,CEASA-AL Maceió(AL),AL,9.75,2026-07-07
Pêra Estrangeira,1Kg,Frutas,AMA-BA Juazeiro(BA),BA,9.44,2026-07-07
Pêra Estrangeira,1Kg,Frutas,CEASAMINAS Barbacena(MG),MG,7.5,2026-07-07
Pêra Estrangeira,1Kg,Frutas,CEASA-PR Cascavel(PR),PR,8.5,2026-07-07
Tangerina,1Kg,Frutas,CEAGESP Ribeirão Preto(SP),SP,3.16,2026-07-07
Tangerina,1Kg,Frutas,CEASA-MT Cuiabá(MT),MT,3.5,2026-07-07
Tangerina,1Kg,Frutas,CEASA-PE Recife(PE),PE,2.8,2026-07-07
Tangerina,1Kg,Frutas,CEASA-MS Campo Grande(MS),MS,2.0,2026-07-07
Tangerina,1Kg,Frutas,CEASA-PR Curitiba(PR),PR,2.0,2026-07-07
Tangerina,1Kg,Frutas,CEASA-ES Vitória(ES),ES,2.14,2026-07-07
Tangerina,1Kg,Frutas,CEASA-RN Natal(RN),RN,4.0,2026-07-07
Tangerina,1Kg,Frutas,CEASA-MA São Luís(MA),MA,5.2,2026-07-07
Tangerina,1Kg,Frutas,CEASA-PB Patos(PB),PB,6.0,2026-07-07
Tangerina,1Kg,Frutas,CEASA-RJ Rio de Janeiro(RJ),RJ,5.56,2026-07-07
Tangerina,1Kg,Frutas,CEASA-CE Fortaleza(CE),CE,7.25,2026-07-07
Tangerina,1Kg,Frutas,CEASA-CE Tianguá(CE),CE,4.0,2026-07-07
Tangerina,1Kg,Frutas,CEASA-AL Maceió(AL),AL,3.33,2026-07-07
Tangerina,1Kg,Frutas,AMA-BA Juazeiro(BA),BA,6.67,2026-07-07
Tangerina,1Kg,Frutas,CEASAMINAS Barbacena(MG),MG,2.22,2026-07-07
Tangerina,1Kg,Frutas,CEASA-PR Cascavel(PR),PR,4.2,2026-07-07
Uva Itália,1Kg,Frutas,CEAGESP Ribeirão Preto(SP),SP,14.3,2026-07-07
Uva Itália,1Kg,Frutas,CEASA-PE Recife(PE),PE,6.67,2026-07-07
Uva Itália,1Kg,Frutas,CEASA-MS Campo Grande(MS),MS,11.45,2026-07-07
Uva Itália,1Kg,Frutas,CEASA-PR Curitiba(PR),PR,10.0,2026-07-07
Uva Itália,1Kg,Frutas,CEASA-ES Vitória(ES),ES,13.75,2026-07-07
Uva Itália,1Kg,Frutas,CEASA-RN Natal(RN),RN,9.0,2026-07-07
Uva Itália,1Kg,Frutas,CEASA-MA São Luís(MA),MA,20.95,2026-07-07
Uva Itália,1Kg,Frutas,CEASA-PB Patos(PB),PB,7.92,2026-07-07
Uva Itália,1Kg,Frutas,CEASA-RJ Rio de Janeiro(RJ),RJ,14.0,2026-07-07
Uva Itália,1Kg,Frutas,CEASA-CE Fortaleza(CE),CE,8.0,2026-07-07
Uva Itália,1Kg,Frutas,CEASA-CE Tianguá(CE),CE,7.5,2026-07-07
Uva Itália,1Kg,Frutas,CEASA-AL Maceió(AL),AL,5.45,2026-07-07
Uva Itália,1Kg,Frutas,AMA-BA Juazeiro(BA),BA,7.0,2026-07-07
Uva Itália,1Kg,Frutas,CEASAMINAS Barbacena(MG),MG,9.38,2026-07-07
Uva Itália,1Kg,Frutas,CEASA-PR Cascavel(PR),PR,10.5,2026-07-07
Uva Niagara,1Kg,Frutas,CEAGESP Ribeirão Preto(SP),SP,14.0,2026-07-07
Uva Niagara,1Kg,Frutas,CEASA-MT Cuiabá(MT),MT,20.0,2026-07-07
Uva Niagara,1Kg,Frutas,CEASA-MS Campo Grande(MS),MS,13.0,2026-07-07
Uva Niagara,1Kg,Frutas,CEASA-PR Curitiba(PR),PR,12.5,2026-07-07
Uva Niagara,1Kg,Frutas,CEASA-ES Vitória(ES),ES,15.33,2026-07-07
Uva Niagara,1Kg,Frutas,CEASA-PB Patos(PB),PB,6.33,2026-07-07
Uva Niagara,1Kg,Frutas,CEASA-RJ Rio de Janeiro(RJ),RJ,12.0,2026-07-07
Uva Niagara,1Kg,Frutas,CEASAMINAS Barbacena(MG),MG,13.0,2026-07-07
Uva Niagara,1Kg,Frutas,CEASA-PR Cascavel(PR),PR,11.0,2026-07-07
Uva Rubi,1Kg,Frutas,CEAGESP Ribeirão Preto(SP),SP,16.0,2026-07-07
Uva Rubi,1Kg,Frutas,CEASA-MS Campo Grande(MS),MS,11.4,2026-07-07
Uva Rubi,1Kg,Frutas,CEASA-PR Curitiba(PR),PR,10.0,2026-07-07
Uva Rubi,1Kg,Frutas,CEASA-RN Natal(RN),RN,11.0,2026-07-07
Uva Rubi,1Kg,Frutas,CEASA-PB Patos(PB),PB,9.25,2026-07-07
Uva Rubi,1Kg,Frutas,CEASA-RJ Rio de Janeiro(RJ),RJ,14.0,2026-07-07
Uva Rubi,1Kg,Frutas,CEASA-CE Tianguá(CE),CE,11.5,2026-07-07
Uva Rubi,1Kg,Frutas,CEASA-AL Maceió(AL),AL,6.5,2026-07-07
Uva Rubi,1Kg,Frutas,CEASAMINAS Barbacena(MG),MG,9.38,2026-07-07
Abacate,1Kg,Frutas,CEAGESP Ribeirão Preto(SP),SP,2.0,2026-07-06
Abacate,1Kg,Frutas,CEASA-SC Florianópolis(SC),SC,3.5,2026-07-06
Abacate,1Kg,Frutas,CEASA-PE Recife(PE),PE,4.0,2026-07-06
Abacate,1Kg,Frutas,CEASAMINAS Uberaba(MG),MG,2.5,2026-07-06
Abacate,1Kg,Frutas,CEAGESP Sorocaba(SP),SP,2.65,2026-07-06
Abacate,1Kg,Frutas,CEASA-CE Fortaleza(CE),CE,4.42,2026-07-06
Abacate,1Kg,Frutas,CEASA-PR Curitiba(PR),PR,3.0,2026-07-06
Abacate,1Kg,Frutas,CEASA-PR Foz do Iguaçu(PR),PR,2.3,2026-07-06
Abacate,1Kg,Frutas,CEASA-ES Vitória(ES),ES,2.29,2026-07-06
Abacate,1Kg,Frutas,CEASA-MA São Luís(MA),MA,7.0,2026-07-06
Abacate,1Kg,Frutas,CEASA-MT Cuiabá(MT),MT,4.44,2026-07-06
Abacate,1Kg,Frutas,CEASA-BA Salvador(BA),BA,4.0,2026-07-06
Abacate,1Kg,Frutas,CEASA-PE Caruaru(PE),PE,4.0,2026-07-06
Abacate,1Kg,Frutas,CEASAMINAS Belo Horizonte(MG),MG,2.77,2026-07-06
Abacate,1Kg,Frutas,CEASA-RJ Rio de Janeiro(RJ),RJ,3.33,2026-07-06
Abacate,1Kg,Frutas,CEASA-AL Maceió(AL),AL,6.6,2026-07-06
Abacate,1Kg,Frutas,AMA-BA Juazeiro(BA),BA,3.65,2026-07-06
Abacate,1Kg,Frutas,CEASA-PR Cascavel(PR),PR,3.0,2026-07-06
Abacate,1Kg,Frutas,CEAGESP São Paulo(SP),SP,3.18,2026-07-06
Abacate,1Kg,Frutas,CEAGESP São José dos Campos(SP),SP,4.05,2026-07-06
Abacaxi,1Un,Frutas,CEAGESP Ribeirão Preto(SP),SP,6.33,2026-07-06
Abacaxi,1Un,Frutas,CEASA-SC Florianópolis(SC),SC,8.0,2026-07-06
Abacaxi,1Un,Frutas,CEASA-PE Recife(PE),PE,3.5,2026-07-06
Abacaxi,1Un,Frutas,CEASAMINAS Uberaba(MG),MG,7.5,2026-07-06
Abacaxi,1Un,Frutas,CEAGESP Sorocaba(SP),SP,11.47,2026-07-06
Abacaxi,1Un,Frutas,CEASA-CE Fortaleza(CE),CE,5.65,2026-07-06
Abacaxi,1Un,Frutas,CEASA-PR Curitiba(PR),PR,7.5,2026-07-06
Abacaxi,1Un,Frutas,CEASA-PR Foz do Iguaçu(PR),PR,8.75,2026-07-06
Abacaxi,1Un,Frutas,CEASA-ES Vitória(ES),ES,7.0,2026-07-06
Abacaxi,1Un,Frutas,CEASA-MA São Luís(MA),MA,9.75,2026-07-06
Abacaxi,1Un,Frutas,CEASA-MT Cuiabá(MT),MT,7.92,2026-07-06
Abacaxi,1Un,Frutas,CEASA-BA Salvador(BA),BA,5.0,2026-07-06
Abacaxi,1Un,Frutas,CEASA-PE Caruaru(PE),PE,5.0,2026-07-06
Abacaxi,1Un,Frutas,CEASAMINAS Belo Horizonte(MG),MG,5.83,2026-07-06
Abacaxi,1Un,Frutas,CEASA-RJ Rio de Janeiro(RJ),RJ,5.0,2026-07-06
Abacaxi,1Un,Frutas,CEASA-AL Maceió(AL),AL,4.0,2026-07-06
Abacaxi,1Un,Frutas,AMA-BA Juazeiro(BA),BA,7.0,2026-07-06
Abacaxi,1Un,Frutas,CEASA-PR Cascavel(PR),PR,9.0,2026-07-06
Abacaxi,1Un,Frutas,CEAGESP São Paulo(SP),SP,6.01,2026-07-06
Abacaxi,1Un,Frutas,CEAGESP São José dos Campos(SP),SP,7.6,2026-07-06
Banana Nanica,1Kg,Frutas,CEAGESP Ribeirão Preto(SP),SP,3.07,2026-07-06
Banana Nanica,1Kg,Frutas,CEASA-SC Florianópolis(SC),SC,2.75,2026-07-06
Banana Nanica,1Kg,Frutas,CEASAMINAS Uberaba(MG),MG,2.18,2026-07-06
Banana Nanica,1Kg,Frutas,CEAGESP Sorocaba(SP),SP,3.01,2026-07-06
Banana Nanica,1Kg,Frutas,CEASA-CE Fortaleza(CE),CE,3.2,2026-07-06
Banana Nanica,1Kg,Frutas,CEASA-PR Curitiba(PR),PR,2.5,2026-07-06
Banana Nanica,1Kg,Frutas,CEASA-PR Foz do Iguaçu(PR),PR,2.6,2026-07-06
Banana Nanica,1Kg,Frutas,CEASA-ES Vitória(ES),ES,3.5,2026-07-06
Banana Nanica,1Kg,Frutas,CEASA-MA São Luís(MA),MA,4.87,2026-07-06
Banana Nanica,1Kg,Frutas,CEASA-MT Cuiabá(MT),MT,3.16,2026-07-06
Banana Nanica,1Kg,Frutas,CEASA-PE Caruaru(PE),PE,3.75,2026-07-06
Banana Nanica,1Kg,Frutas,CEASAMINAS Belo Horizonte(MG),MG,2.75,2026-07-06
Banana Nanica,1Kg,Frutas,CEASA-RJ Rio de Janeiro(RJ),RJ,3.25,2026-07-06
Banana Nanica,1Kg,Frutas,AMA-BA Juazeiro(BA),BA,2.5,2026-07-06
Banana Nanica,1Kg,Frutas,CEASA-PR Cascavel(PR),PR,3.5,2026-07-06
Banana Nanica,1Kg,Frutas,CEAGESP São Paulo(SP),SP,3.28,2026-07-06
Banana Nanica,1Kg,Frutas,CEAGESP São José dos Campos(SP),SP,3.1,2026-07-06
Banana Prata,1Kg,Frutas,CEAGESP Ribeirão Preto(SP),SP,4.76,2026-07-06
Banana Prata,1Kg,Frutas,CEASA-SC Florianópolis(SC),SC,3.75,2026-07-06
Banana Prata,1Kg,Frutas,CEASA-PE Recife(PE),PE,2.27,2026-07-06
Banana Prata,1Kg,Frutas,CEASAMINAS Uberaba(MG),MG,2.77,2026-07-06
Banana Prata,1Kg,Frutas,CEAGESP Sorocaba(SP),SP,4.11,2026-07-06
Banana Prata,1Kg,Frutas,CEASA-CE Fortaleza(CE),CE,4.0,2026-07-06
Banana Prata,1Kg,Frutas,CEASA-PR Curitiba(PR),PR,4.0,2026-07-06
Banana Prata,1Kg,Frutas,CEASA-PR Foz do Iguaçu(PR),PR,4.7,2026-07-06
Banana Prata,1Kg,Frutas,CEASA-ES Vitória(ES),ES,5.0,2026-07-06
Banana Prata,1Kg,Frutas,CEASA-MA São Luís(MA),MA,5.33,2026-07-06
Banana Prata,1Kg,Frutas,CEASA-MT Cuiabá(MT),MT,5.79,2026-07-06
Banana Prata,1Kg,Frutas,CEASA-BA Salvador(BA),BA,3.3,2026-07-06
Banana Prata,1Kg,Frutas,CEASA-PE Caruaru(PE),PE,2.5,2026-07-06
Banana Prata,1Kg,Frutas,CEASAMINAS Belo Horizonte(MG),MG,3.75,2026-07-06
Banana Prata,1Kg,Frutas,CEASA-RJ Rio de Janeiro(RJ),RJ,3.0,2026-07-06
Banana Prata,1Kg,Frutas,CEASA-AL Maceió(AL),AL,4.3,2026-07-06
Banana Prata,1Kg,Frutas,AMA-BA Juazeiro(BA),BA,1.92,2026-07-06
Banana Prata,1Kg,Frutas,CEASA-PR Cascavel(PR),PR,7.0,2026-07-06
Banana Prata,1Kg,Frutas,CEAGESP São Paulo(SP),SP,4.88,2026-07-06
Banana Prata,1Kg,Frutas,CEAGESP São José dos Campos(SP),SP,4.3,2026-07-06
Coco Verde,1unidade,Frutas,CEAGESP Ribeirão Preto(SP),SP,3.5,2026-07-06
Coco Verde,1unidade,Frutas,CEASA-SC Florianópolis(SC),SC,5.0,2026-07-06
Coco Verde,1unidade,Frutas,CEASA-PE Recife(PE),PE,1.5,2026-07-06
Coco Verde,1unidade,Frutas,CEASAMINAS Uberaba(MG),MG,4.0,2026-07-06
Coco Verde,1unidade,Frutas,CEAGESP Sorocaba(SP),SP,10.08,2026-07-06
Coco Verde,1unidade,Frutas,CEASA-CE Fortaleza(CE),CE,2.3,2026-07-06
Coco Verde,1unidade,Frutas,CEASA-PR Curitiba(PR),PR,6.0,2026-07-06
Coco Verde,1unidade,Frutas,CEASA-PR Foz do Iguaçu(PR),PR,6.0,2026-07-06
Coco Verde,1unidade,Frutas,CEASA-ES Vitória(ES),ES,3.5,2026-07-06
Coco Verde,1unidade,Frutas,CEASA-MA São Luís(MA),MA,3.73,2026-07-06
Coco Verde,1unidade,Frutas,CEASA-MT Cuiabá(MT),MT,3.17,2026-07-06
Coco Verde,1unidade,Frutas,CEASA-BA Salvador(BA),BA,1.7,2026-07-06
Coco Verde,1unidade,Frutas,CEASA-PE Caruaru(PE),PE,2.5,2026-07-06
Coco Verde,1unidade,Frutas,CEASAMINAS Belo Horizonte(MG),MG,3.0,2026-07-06
Coco Verde,1unidade,Frutas,CEASA-RJ Rio de Janeiro(RJ),RJ,3.5,2026-07-06
Coco Verde,1unidade,Frutas,CEASA-AL Maceió(AL),AL,2.0,2026-07-06
Coco Verde,1unidade,Frutas,AMA-BA Juazeiro(BA),BA,1.0,2026-07-06
Coco Verde,1unidade,Frutas,CEASA-PR Cascavel(PR),PR,5.0,2026-07-06
Coco Verde,1unidade,Frutas,CEAGESP São Paulo(SP),SP,2.92,2026-07-06
Coco Verde,1unidade,Frutas,CEAGESP São José dos Campos(SP),SP,3.0,2026-07-06
Goiaba,1Kg,Frutas,CEAGESP Ribeirão Preto(SP),SP,7.89,2026-07-06
Goiaba,1Kg,Frutas,CEASA-SC Florianópolis(SC),SC,5.0,2026-07-06
Goiaba,1Kg,Frutas,CEASA-PE Recife(PE),PE,2.86,2026-07-06
Goiaba,1Kg,Frutas,CEASAMINAS Uberaba(MG),MG,6.7,2026-07-06
Goiaba,1Kg,Frutas,CEAGESP Sorocaba(SP),SP,10.56,2026-07-06
Goiaba,1Kg,Frutas,CEASA-CE Fortaleza(CE),CE,4.4,2026-07-06
Goiaba,1Kg,Frutas,CEASA-PR Curitiba(PR),PR,5.63,2026-07-06
Goiaba,1Kg,Frutas,CEASA-PR Foz do Iguaçu(PR),PR,7.0,2026-07-06
Goiaba,1Kg,Frutas,CEASA-ES Vitória(ES),ES,3.19,2026-07-06
Goiaba,1Kg,Frutas,CEASA-MA São Luís(MA),MA,7.13,2026-07-06
Goiaba,1Kg,Frutas,CEASA-BA Salvador(BA),BA,3.3,2026-07-06
Goiaba,1Kg,Frutas,CEASA-PE Caruaru(PE),PE,2.8,2026-07-06
Goiaba,1Kg,Frutas,CEASAMINAS Belo Horizonte(MG),MG,5.0,2026-07-06
Goiaba,1Kg,Frutas,CEASA-RJ Rio de Janeiro(RJ),RJ,8.0,2026-07-06
Goiaba,1Kg,Frutas,CEASA-AL Maceió(AL),AL,2.84,2026-07-06
Goiaba,1Kg,Frutas,AMA-BA Juazeiro(BA),BA,4.0,2026-07-06
Goiaba,1Kg,Frutas,CEASA-PR Cascavel(PR),PR,6.0,2026-07-06
Goiaba,1Kg,Frutas,CEAGESP São Paulo(SP),SP,4.88,2026-07-06
Goiaba,1Kg,Frutas,CEAGESP São José dos Campos(SP),SP,6.0,2026-07-06
Laranja Pêra,1Kg,Frutas,CEAGESP Ribeirão Preto(SP),SP,2.9,2026-07-06
Laranja Pêra,1Kg,Frutas,CEASA-SC Florianópolis(SC),SC,2.65,2026-07-06
Laranja Pêra,1Kg,Frutas,CEASA-PE Recife(PE),PE,1.75,2026-07-06
Laranja Pêra,1Kg,Frutas,CEASAMINAS Uberaba(MG),MG,2.72,2026-07-06
Laranja Pêra,1Kg,Frutas,CEAGESP Sorocaba(SP),SP,2.7,2026-07-06
Laranja Pêra,1Kg,Frutas,CEASA-CE Fortaleza(CE),CE,2.5,2026-07-06
Laranja Pêra,1Kg,Frutas,CEASA-PR Curitiba(PR),PR,2.5,2026-07-06
Laranja Pêra,1Kg,Frutas,CEASA-PR Foz do Iguaçu(PR),PR,2.2,2026-07-06
Laranja Pêra,1Kg,Frutas,CEASA-ES Vitória(ES),ES,1.6,2026-07-06
Laranja Pêra,1Kg,Frutas,CEASA-MA São Luís(MA),MA,2.88,2026-07-06
Laranja Pêra,1Kg,Frutas,CEASA-MT Cuiabá(MT),MT,2.22,2026-07-06
Laranja Pêra,1Kg,Frutas,CEASA-BA Salvador(BA),BA,1.4,2026-07-06
Laranja Pêra,1Kg,Frutas,CEASA-PE Caruaru(PE),PE,1.0,2026-07-06
Laranja Pêra,1Kg,Frutas,CEASAMINAS Belo Horizonte(MG),MG,1.75,2026-07-06
Laranja Pêra,1Kg,Frutas,CEASA-RJ Rio de Janeiro(RJ),RJ,2.5,2026-07-06
Laranja Pêra,1Kg,Frutas,CEASA-AL Maceió(AL),AL,1.66,2026-07-06
Laranja Pêra,1Kg,Frutas,AMA-BA Juazeiro(BA),BA,1.0,2026-07-06
Laranja Pêra,1Kg,Frutas,CEASA-PR Cascavel(PR),PR,3.0,2026-07-06
Laranja Pêra,1Kg,Frutas,CEAGESP São Paulo(SP),SP,1.73,2026-07-06
Laranja Pêra,1Kg,Frutas,CEAGESP São José dos Campos(SP),SP,2.7,2026-07-06
Limão Taiti,1Kg,Frutas,CEAGESP Ribeirão Preto(SP),SP,2.01,2026-07-06
Limão Taiti,1Kg,Frutas,CEASA-SC Florianópolis(SC),SC,3.35,2026-07-06
Limão Taiti,1Kg,Frutas,CEASA-PE Recife(PE),PE,1.85,2026-07-06
Limão Taiti,1Kg,Frutas,CEASAMINAS Uberaba(MG),MG,2.27,2026-07-06
Limão Taiti,1Kg,Frutas,CEAGESP Sorocaba(SP),SP,2.84,2026-07-06
Limão Taiti,1Kg,Frutas,CEASA-CE Fortaleza(CE),CE,6.0,2026-07-06
Limão Taiti,1Kg,Frutas,CEASA-PR Curitiba(PR),PR,2.83,2026-07-06
Limão Taiti,1Kg,Frutas,CEASA-PR Foz do Iguaçu(PR),PR,3.0,2026-07-06
Limão Taiti,1Kg,Frutas,CEASA-ES Vitória(ES),ES,3.83,2026-07-06
Limão Taiti,1Kg,Frutas,CEASA-MA São Luís(MA),MA,3.25,2026-07-06
Limão Taiti,1Kg,Frutas,CEASA-MT Cuiabá(MT),MT,3.5,2026-07-06
Limão Taiti,1Kg,Frutas,CEASA-BA Salvador(BA),BA,3.5,2026-07-06
Limão Taiti,1Kg,Frutas,CEASA-PE Caruaru(PE),PE,3.0,2026-07-06
Limão Taiti,1Kg,Frutas,CEASAMINAS Belo Horizonte(MG),MG,3.0,2026-07-06
Limão Taiti,1Kg,Frutas,CEASA-RJ Rio de Janeiro(RJ),RJ,3.25,2026-07-06
Limão Taiti,1Kg,Frutas,CEASA-AL Maceió(AL),AL,2.5,2026-07-06
Limão Taiti,1Kg,Frutas,AMA-BA Juazeiro(BA),BA,2.0,2026-07-06
Limão Taiti,1Kg,Frutas,CEASA-PR Cascavel(PR),PR,3.7,2026-07-06
Limão Taiti,1Kg,Frutas,CEAGESP São Paulo(SP),SP,2.43,2026-07-06
Limão Taiti,1Kg,Frutas,CEAGESP São José dos Campos(SP),SP,3.3,2026-07-06
Maçã Nacional,1Kg,Frutas,CEAGESP Ribeirão Preto(SP),SP,9.39,2026-07-06
Maçã Nacional,1Kg,Frutas,CEASA-SC Florianópolis(SC),SC,5.56,2026-07-06
Maçã Nacional,1Kg,Frutas,CEASA-PE Recife(PE),PE,6.67,2026-07-06
Maçã Nacional,1Kg,Frutas,CEASAMINAS Uberaba(MG),MG,6.66,2026-07-06
Maçã Nacional,1Kg,Frutas,CEAGESP Sorocaba(SP),SP,6.59,2026-07-06
Maçã Nacional,1Kg,Frutas,CEASA-CE Fortaleza(CE),CE,10.4,2026-07-06
Maçã Nacional,1Kg,Frutas,CEASA-PR Curitiba(PR),PR,6.67,2026-07-06
Maçã Nacional,1Kg,Frutas,CEASA-PR Foz do Iguaçu(PR),PR,7.11,2026-07-06
Maçã Nacional,1Kg,Frutas,CEASA-ES Vitória(ES),ES,5.36,2026-07-06
Maçã Nacional,1Kg,Frutas,CEASA-MA São Luís(MA),MA,8.92,2026-07-06
Maçã Nacional,1Kg,Frutas,CEASA-MT Cuiabá(MT),MT,7.78,2026-07-06
Maçã Nacional,1Kg,Frutas,CEASA-BA Salvador(BA),BA,8.9,2026-07-06
Maçã Nacional,1Kg,Frutas,CEASA-PE Caruaru(PE),PE,10.0,2026-07-06
Maçã Nacional,1Kg,Frutas,CEASAMINAS Belo Horizonte(MG),MG,5.0,2026-07-06
Maçã Nacional,1Kg,Frutas,CEASA-RJ Rio de Janeiro(RJ),RJ,6.39,2026-07-06
Maçã Nacional,1Kg,Frutas,CEASA-AL Maceió(AL),AL,10.6,2026-07-06
Maçã Nacional,1Kg,Frutas,AMA-BA Juazeiro(BA),BA,6.94,2026-07-06
Maçã Nacional,1Kg,Frutas,CEASA-PR Cascavel(PR),PR,6.5,2026-07-06
Maçã Nacional,1Kg,Frutas,CEAGESP São Paulo(SP),SP,6.33,2026-07-06
Maçã Nacional,1Kg,Frutas,CEAGESP São José dos Campos(SP),SP,6.3,2026-07-06
Mamão Formosa,1Kg,Frutas,CEAGESP Ribeirão Preto(SP),SP,3.53,2026-07-06
Mamão Formosa,1Kg,Frutas,CEASA-SC Florianópolis(SC),SC,6.0,2026-07-06
Mamão Formosa,1Kg,Frutas,CEASA-PE Recife(PE),PE,3.5,2026-07-06
Mamão Formosa,1Kg,Frutas,CEASAMINAS Uberaba(MG),MG,6.11,2026-07-06
Mamão Formosa,1Kg,Frutas,CEAGESP Sorocaba(SP),SP,4.33,2026-07-06
Mamão Formosa,1Kg,Frutas,CEASA-CE Fortaleza(CE),CE,4.0,2026-07-06
Mamão Formosa,1Kg,Frutas,CEASA-PR Curitiba(PR),PR,4.67,2026-07-06
Mamão Formosa,1Kg,Frutas,CEASA-PR Foz do Iguaçu(PR),PR,7.0,2026-07-06
Mamão Formosa,1Kg,Frutas,CEASA-ES Vitória(ES),ES,5.5,2026-07-06
Mamão Formosa,1Kg,Frutas,CEASA-MA São Luís(MA),MA,5.17,2026-07-06
Mamão Formosa,1Kg,Frutas,CEASA-MT Cuiabá(MT),MT,3.68,2026-07-06
Mamão Formosa,1Kg,Frutas,CEASA-BA Salvador(BA),BA,3.0,2026-07-06
Mamão Formosa,1Kg,Frutas,CEASA-PE Caruaru(PE),PE,4.0,2026-07-06
Mamão Formosa,1Kg,Frutas,CEASAMINAS Belo Horizonte(MG),MG,3.33,2026-07-06
Mamão Formosa,1Kg,Frutas,CEASA-RJ Rio de Janeiro(RJ),RJ,6.0,2026-07-06
Mamão Formosa,1Kg,Frutas,CEASA-AL Maceió(AL),AL,2.0,2026-07-06
Mamão Formosa,1Kg,Frutas,AMA-BA Juazeiro(BA),BA,1.58,2026-07-06
Mamão Formosa,1Kg,Frutas,CEASA-PR Cascavel(PR),PR,8.0,2026-07-06
Mamão Formosa,1Kg,Frutas,CEAGESP São Paulo(SP),SP,5.5,2026-07-06
Mamão Formosa,1Kg,Frutas,CEAGESP São José dos Campos(SP),SP,7.0,2026-07-06
Mamão Havaí,1Kg,Frutas,CEAGESP Ribeirão Preto(SP),SP,7.43,2026-07-06
Mamão Havaí,1Kg,Frutas,CEASA-SC Florianópolis(SC),SC,7.22,2026-07-06
Mamão Havaí,1Kg,Frutas,CEASA-PE Recife(PE),PE,5.0,2026-07-06
Mamão Havaí,1Kg,Frutas,CEASAMINAS Uberaba(MG),MG,12.0,2026-07-06
Mamão Havaí,1Kg,Frutas,CEAGESP Sorocaba(SP),SP,5.3,2026-07-06
Mamão Havaí,1Kg,Frutas,CEASA-CE Fortaleza(CE),CE,8.0,2026-07-06
Mamão Havaí,1Kg,Frutas,CEASA-PR Curitiba(PR),PR,8.75,2026-07-06
Mamão Havaí,1Kg,Frutas,CEASA-PR Foz do Iguaçu(PR),PR,7.0,2026-07-06
Mamão Havaí,1Kg,Frutas,CEASA-ES Vitória(ES),ES,7.67,2026-07-06
Mamão Havaí,1Kg,Frutas,CEASA-MA São Luís(MA),MA,8.48,2026-07-06
Mamão Havaí,1Kg,Frutas,CEASA-MT Cuiabá(MT),MT,9.0,2026-07-06
Mamão Havaí,1Kg,Frutas,CEASA-BA Salvador(BA),BA,5.0,2026-07-06
Mamão Havaí,1Kg,Frutas,CEASA-PE Caruaru(PE),PE,5.5,2026-07-06
Mamão Havaí,1Kg,Frutas,CEASAMINAS Belo Horizonte(MG),MG,7.5,2026-07-06
Mamão Havaí,1Kg,Frutas,CEASA-RJ Rio de Janeiro(RJ),RJ,6.5,2026-07-06
Mamão Havaí,1Kg,Frutas,CEASA-AL Maceió(AL),AL,3.5,2026-07-06
Mamão Havaí,1Kg,Frutas,AMA-BA Juazeiro(BA),BA,4.55,2026-07-06
Mamão Havaí,1Kg,Frutas,CEASA-PR Cascavel(PR),PR,13.0,2026-07-06
Mamão Havaí,1Kg,Frutas,CEAGESP São Paulo(SP),SP,7.11,2026-07-06
Mamão Havaí,1Kg,Frutas,CEAGESP São José dos Campos(SP),SP,5.0,2026-07-06
Manga,1Kg,Frutas,CEAGESP Ribeirão Preto(SP),SP,7.08,2026-07-06
Manga,1Kg,Frutas,CEASA-SC Florianópolis(SC),SC,6.0,2026-07-06
Manga,1Kg,Frutas,CEASA-PE Recife(PE),PE,5.56,2026-07-06
Manga,1Kg,Frutas,CEASAMINAS Uberaba(MG),MG,4.45,2026-07-06
Manga,1Kg,Frutas,CEAGESP Sorocaba(SP),SP,5.93,2026-07-06
Manga,1Kg,Frutas,CEASA-CE Fortaleza(CE),CE,5.6,2026-07-06
Manga,1Kg,Frutas,CEASA-PR Curitiba(PR),PR,7.5,2026-07-06
Manga,1Kg,Frutas,CEASA-PR Foz do Iguaçu(PR),PR,7.0,2026-07-06
Manga,1Kg,Frutas,CEASA-ES Vitória(ES),ES,7.0,2026-07-06
Manga,1Kg,Frutas,CEASA-MA São Luís(MA),MA,11.43,2026-07-06
Manga,1Kg,Frutas,CEASA-MT Cuiabá(MT),MT,6.32,2026-07-06
Manga,1Kg,Frutas,CEASA-BA Salvador(BA),BA,8.5,2026-07-06
Manga,1Kg,Frutas,CEASA-PE Caruaru(PE),PE,5.6,2026-07-06
Manga,1Kg,Frutas,CEASAMINAS Belo Horizonte(MG),MG,5.0,2026-07-06
Manga,1Kg,Frutas,CEASA-RJ Rio de Janeiro(RJ),RJ,8.33,2026-07-06
Manga,1Kg,Frutas,CEASA-AL Maceió(AL),AL,2.4,2026-07-06
Manga,1Kg,Frutas,AMA-BA Juazeiro(BA),BA,3.08,2026-07-06
Manga,1Kg,Frutas,CEASA-PR Cascavel(PR),PR,9.0,2026-07-06
Manga,1Kg,Frutas,CEAGESP São Paulo(SP),SP,7.06,2026-07-06
Manga,1Kg,Frutas,CEAGESP São José dos Campos(SP),SP,9.4,2026-07-06
Maracujá Azedo,1Kg,Frutas,CEAGESP Ribeirão Preto(SP),SP,7.24,2026-07-06
Maracujá Azedo,1Kg,Frutas,CEASA-SC Florianópolis(SC),SC,6.36,2026-07-06
Maracujá Azedo,1Kg,Frutas,CEASA-PE Recife(PE),PE,4.7,2026-07-06
Maracujá Azedo,1Kg,Frutas,CEASAMINAS Uberaba(MG),MG,3.33,2026-07-06
Maracujá Azedo,1Kg,Frutas,CEAGESP Sorocaba(SP),SP,5.17,2026-07-06
Maracujá Azedo,1Kg,Frutas,CEASA-CE Fortaleza(CE),CE,6.25,2026-07-06
Maracujá Azedo,1Kg,Frutas,CEASA-PR Curitiba(PR),PR,7.73,2026-07-06
Maracujá Azedo,1Kg,Frutas,CEASA-PR Foz do Iguaçu(PR),PR,9.45,2026-07-06
Maracujá Azedo,1Kg,Frutas,CEASA-ES Vitória(ES),ES,7.0,2026-07-06
Maracujá Azedo,1Kg,Frutas,CEASA-MA São Luís(MA),MA,9.69,2026-07-06
Maracujá Azedo,1Kg,Frutas,CEASA-MT Cuiabá(MT),MT,9.5,2026-07-06
Maracujá Azedo,1Kg,Frutas,CEASA-BA Salvador(BA),BA,4.7,2026-07-06
Maracujá Azedo,1Kg,Frutas,CEASA-PE Caruaru(PE),PE,5.0,2026-07-06
Maracujá Azedo,1Kg,Frutas,CEASAMINAS Belo Horizonte(MG),MG,5.83,2026-07-06
Maracujá Azedo,1Kg,Frutas,CEASA-RJ Rio de Janeiro(RJ),RJ,7.0,2026-07-06
Maracujá Azedo,1Kg,Frutas,CEASA-AL Maceió(AL),AL,5.33,2026-07-06
Maracujá Azedo,1Kg,Frutas,AMA-BA Juazeiro(BA),BA,4.69,2026-07-06
Maracujá Azedo,1Kg,Frutas,CEASA-PR Cascavel(PR),PR,13.0,2026-07-06
Maracujá Azedo,1Kg,Frutas,CEAGESP São Paulo(SP),SP,6.37,2026-07-06
Maracujá Azedo,1Kg,Frutas,CEAGESP São José dos Campos(SP),SP,9.5,2026-07-06
Melancia,1Kg,Frutas,CEAGESP Ribeirão Preto(SP),SP,2.72,2026-07-06
Melancia,1Kg,Frutas,CEASA-SC Florianópolis(SC),SC,2.0,2026-07-06
Melancia,1Kg,Frutas,CEASA-PE Recife(PE),PE,1.9,2026-07-06
Melancia,1Kg,Frutas,CEASAMINAS Uberaba(MG),MG,2.0,2026-07-06
Melancia,1Kg,Frutas,CEAGESP Sorocaba(SP),SP,2.07,2026-07-06
Melancia,1Kg,Frutas,CEASA-CE Fortaleza(CE),CE,3.0,2026-07-06
Melancia,1Kg,Frutas,CEASA-PR Curitiba(PR),PR,2.0,2026-07-06
Melancia,1Kg,Frutas,CEASA-PR Foz do Iguaçu(PR),PR,2.8,2026-07-06
Melancia,1Kg,Frutas,CEASA-ES Vitória(ES),ES,3.0,2026-07-06
Melancia,1Kg,Frutas,CEASA-MA São Luís(MA),MA,3.55,2026-07-06
Melancia,1Kg,Frutas,CEASA-MT Cuiabá(MT),MT,2.8,2026-07-06
Melancia,1Kg,Frutas,CEASA-BA Salvador(BA),BA,2.0,2026-07-06
Melancia,1Kg,Frutas,CEASA-PE Caruaru(PE),PE,1.8,2026-07-06
Melancia,1Kg,Frutas,CEASAMINAS Belo Horizonte(MG),MG,2.8,2026-07-06
Melancia,1Kg,Frutas,CEASA-RJ Rio de Janeiro(RJ),RJ,2.5,2026-07-06
Melancia,1Kg,Frutas,CEASA-AL Maceió(AL),AL,1.39,2026-07-06
Melancia,1Kg,Frutas,AMA-BA Juazeiro(BA),BA,1.4,2026-07-06
Melancia,1Kg,Frutas,CEASA-PR Cascavel(PR),PR,2.8,2026-07-06
Melancia,1Kg,Frutas,CEAGESP São Paulo(SP),SP,2.1,2026-07-06
Melancia,1Kg,Frutas,CEAGESP São José dos Campos(SP),SP,2.8,2026-07-06
Melão Amarelo,1Kg,Frutas,CEAGESP Ribeirão Preto(SP),SP,10.0,2026-07-06
Melão Amarelo,1Kg,Frutas,CEASA-SC Florianópolis(SC),SC,5.38,2026-07-06
Melão Amarelo,1Kg,Frutas,CEASA-PE Recife(PE),PE,2.5,2026-07-06
Melão Amarelo,1Kg,Frutas,CEASAMINAS Uberaba(MG),MG,4.61,2026-07-06
Melão Amarelo,1Kg,Frutas,CEAGESP Sorocaba(SP),SP,6.37,2026-07-06
Melão Amarelo,1Kg,Frutas,CEASA-CE Fortaleza(CE),CE,4.0,2026-07-06
Melão Amarelo,1Kg,Frutas,CEASA-PR Curitiba(PR),PR,5.38,2026-07-06
Melão Amarelo,1Kg,Frutas,CEASA-PR Foz do Iguaçu(PR),PR,3.7,2026-07-06
Melão Amarelo,1Kg,Frutas,CEASA-ES Vitória(ES),ES,6.91,2026-07-06
Melão Amarelo,1Kg,Frutas,CEASA-MA São Luís(MA),MA,5.35,2026-07-06
Melão Amarelo,1Kg,Frutas,CEASA-MT Cuiabá(MT),MT,5.19,2026-07-06
Melão Amarelo,1Kg,Frutas,CEASA-BA Salvador(BA),BA,3.0,2026-07-06
Melão Amarelo,1Kg,Frutas,CEASA-PE Caruaru(PE),PE,2.4,2026-07-06
Melão Amarelo,1Kg,Frutas,CEASAMINAS Belo Horizonte(MG),MG,3.84,2026-07-06
Melão Amarelo,1Kg,Frutas,CEASA-RJ Rio de Janeiro(RJ),RJ,3.85,2026-07-06
Melão Amarelo,1Kg,Frutas,CEASA-AL Maceió(AL),AL,3.5,2026-07-06
Melão Amarelo,1Kg,Frutas,AMA-BA Juazeiro(BA),BA,2.2,2026-07-06
Melão Amarelo,1Kg,Frutas,CEASA-PR Cascavel(PR),PR,6.0,2026-07-06
Melão Amarelo,1Kg,Frutas,CEAGESP São Paulo(SP),SP,3.78,2026-07-06
Melão Amarelo,1Kg,Frutas,CEAGESP São José dos Campos(SP),SP,6.1,2026-07-06
Morango,1Kg,Frutas,CEAGESP Ribeirão Preto(SP),SP,40.0,2026-07-06
Morango,1Kg,Frutas,CEASA-SC Florianópolis(SC),SC,35.0,2026-07-06
Morango,1Kg,Frutas,CEASA-PE Recife(PE),PE,40.0,2026-07-06
Morango,1Kg,Frutas,CEASAMINAS Uberaba(MG),MG,30.0,2026-07-06
Morango,1Kg,Frutas,CEAGESP Sorocaba(SP),SP,30.13,2026-07-06
Morango,1Kg,Frutas,CEASA-CE Fortaleza(CE),CE,45.0,2026-07-06
Morango,1Kg,Frutas,CEASA-PR Curitiba(PR),PR,26.67,2026-07-06
Morango,1Kg,Frutas,CEASA-PR Foz do Iguaçu(PR),PR,35.0,2026-07-06
Morango,1Kg,Frutas,CEASA-ES Vitória(ES),ES,17.5,2026-07-06
Morango,1Kg,Frutas,CEASA-MA São Luís(MA),MA,47.51,2026-07-06
Morango,1Kg,Frutas,CEASA-MT Cuiabá(MT),MT,45.0,2026-07-06
Morango,1Kg,Frutas,CEASA-BA Salvador(BA),BA,40.0,2026-07-06
Morango,1Kg,Frutas,CEASA-PE Caruaru(PE),PE,45.0,2026-07-06
Morango,1Kg,Frutas,CEASAMINAS Belo Horizonte(MG),MG,29.16,2026-07-06
Morango,1Kg,Frutas,CEASA-RJ Rio de Janeiro(RJ),RJ,25.0,2026-07-06
Morango,1Kg,Frutas,CEASA-AL Maceió(AL),AL,25.0,2026-07-06
Morango,1Kg,Frutas,AMA-BA Juazeiro(BA),BA,36.0,2026-07-06
Morango,1Kg,Frutas,CEASA-PR Cascavel(PR),PR,41.65,2026-07-06
Morango,1Kg,Frutas,CEAGESP São Paulo(SP),SP,36.39,2026-07-06
Morango,1Kg,Frutas,CEAGESP São José dos Campos(SP),SP,19.0,2026-07-06
Pêra Estrangeira,1Kg,Frutas,CEAGESP Ribeirão Preto(SP),SP,11.67,2026-07-06
Pêra Estrangeira,1Kg,Frutas,CEASA-SC Florianópolis(SC),SC,10.0,2026-07-06
Pêra Estrangeira,1Kg,Frutas,CEASA-PE Recife(PE),PE,8.5,2026-07-06
Pêra Estrangeira,1Kg,Frutas,CEASAMINAS Uberaba(MG),MG,10.0,2026-07-06
Pêra Estrangeira,1Kg,Frutas,CEAGESP Sorocaba(SP),SP,15.9,2026-07-06
Pêra Estrangeira,1Kg,Frutas,CEASA-CE Fortaleza(CE),CE,13.9,2026-07-06
Pêra Estrangeira,1Kg,Frutas,CEASA-PR Curitiba(PR),PR,8.33,2026-07-06
Pêra Estrangeira,1Kg,Frutas,CEASA-PR Foz do Iguaçu(PR),PR,7.78,2026-07-06
Pêra Estrangeira,1Kg,Frutas,CEASA-ES Vitória(ES),ES,9.8,2026-07-06
Pêra Estrangeira,1Kg,Frutas,CEASA-MA São Luís(MA),MA,17.5,2026-07-06
Pêra Estrangeira,1Kg,Frutas,CEASA-BA Salvador(BA),BA,9.0,2026-07-06
Pêra Estrangeira,1Kg,Frutas,CEASA-PE Caruaru(PE),PE,12.0,2026-07-06
Pêra Estrangeira,1Kg,Frutas,CEASAMINAS Belo Horizonte(MG),MG,8.0,2026-07-06
Pêra Estrangeira,1Kg,Frutas,CEASA-RJ Rio de Janeiro(RJ),RJ,14.0,2026-07-06
Pêra Estrangeira,1Kg,Frutas,CEASA-AL Maceió(AL),AL,9.75,2026-07-06
Pêra Estrangeira,1Kg,Frutas,AMA-BA Juazeiro(BA),BA,8.89,2026-07-06
Pêra Estrangeira,1Kg,Frutas,CEASA-PR Cascavel(PR),PR,9.0,2026-07-06
Pêra Estrangeira,1Kg,Frutas,CEAGESP São Paulo(SP),SP,8.34,2026-07-06
Pêra Estrangeira,1Kg,Frutas,CEAGESP São José dos Campos(SP),SP,10.0,2026-07-06
Tangerina,1Kg,Frutas,CEAGESP Ribeirão Preto(SP),SP,3.16,2026-07-06
Tangerina,1Kg,Frutas,CEASA-SC Florianópolis(SC),SC,2.05,2026-07-06
Tangerina,1Kg,Frutas,CEASA-PE Recife(PE),PE,2.8,2026-07-06
Tangerina,1Kg,Frutas,CEASAMINAS Uberaba(MG),MG,3.88,2026-07-06
Tangerina,1Kg,Frutas,CEAGESP Sorocaba(SP),SP,2.71,2026-07-06
Tangerina,1Kg,Frutas,CEASA-CE Fortaleza(CE),CE,7.25,2026-07-06
Tangerina,1Kg,Frutas,CEASA-PR Curitiba(PR),PR,2.0,2026-07-06
Tangerina,1Kg,Frutas,CEASA-PR Foz do Iguaçu(PR),PR,2.0,2026-07-06
Tangerina,1Kg,Frutas,CEASA-ES Vitória(ES),ES,2.59,2026-07-06
Tangerina,1Kg,Frutas,CEASA-MA São Luís(MA),MA,5.2,2026-07-06
Tangerina,1Kg,Frutas,CEASA-MT Cuiabá(MT),MT,3.5,2026-07-06
Tangerina,1Kg,Frutas,CEASA-BA Salvador(BA),BA,2.2,2026-07-06
Tangerina,1Kg,Frutas,CEASA-PE Caruaru(PE),PE,10.0,2026-07-06
Tangerina,1Kg,Frutas,CEASAMINAS Belo Horizonte(MG),MG,2.77,2026-07-06
Tangerina,1Kg,Frutas,CEASA-RJ Rio de Janeiro(RJ),RJ,5.56,2026-07-06
Tangerina,1Kg,Frutas,CEASA-AL Maceió(AL),AL,3.33,2026-07-06
Tangerina,1Kg,Frutas,AMA-BA Juazeiro(BA),BA,6.67,2026-07-06
Tangerina,1Kg,Frutas,CEASA-PR Cascavel(PR),PR,4.0,2026-07-06
Tangerina,1Kg,Frutas,CEAGESP São Paulo(SP),SP,2.28,2026-07-06
Tangerina,1Kg,Frutas,CEAGESP São José dos Campos(SP),SP,3.05,2026-07-06
Uva Itália,1Kg,Frutas,CEAGESP Ribeirão Preto(SP),SP,14.3,2026-07-06
Uva Itália,1Kg,Frutas,CEASA-SC Florianópolis(SC),SC,8.89,2026-07-06
Uva Itália,1Kg,Frutas,CEASA-PE Recife(PE),PE,6.67,2026-07-06
Uva Itália,1Kg,Frutas,CEASAMINAS Uberaba(MG),MG,9.71,2026-07-06
Uva Itália,1Kg,Frutas,CEAGESP Sorocaba(SP),SP,10.0,2026-07-06
Uva Itália,1Kg,Frutas,CEASA-CE Fortaleza(CE),CE,8.0,2026-07-06
Uva Itália,1Kg,Frutas,CEASA-PR Curitiba(PR),PR,8.75,2026-07-06
Uva Itália,1Kg,Frutas,CEASA-PR Foz do Iguaçu(PR),PR,11.0,2026-07-06
Uva Itália,1Kg,Frutas,CEASA-ES Vitória(ES),ES,13.33,2026-07-06
Uva Itália,1Kg,Frutas,CEASA-MA São Luís(MA),MA,20.95,2026-07-06
Uva Itália,1Kg,Frutas,CEASA-BA Salvador(BA),BA,8.5,2026-07-06
Uva Itália,1Kg,Frutas,CEASA-PE Caruaru(PE),PE,10.0,2026-07-06
Uva Itália,1Kg,Frutas,CEASAMINAS Belo Horizonte(MG),MG,15.0,2026-07-06
Uva Itália,1Kg,Frutas,CEASA-RJ Rio de Janeiro(RJ),RJ,14.0,2026-07-06
Uva Itália,1Kg,Frutas,CEASA-AL Maceió(AL),AL,5.45,2026-07-06
Uva Itália,1Kg,Frutas,AMA-BA Juazeiro(BA),BA,7.5,2026-07-06
Uva Itália,1Kg,Frutas,CEASA-PR Cascavel(PR),PR,10.5,2026-07-06
Uva Itália,1Kg,Frutas,CEAGESP São Paulo(SP),SP,11.41,2026-07-06
Uva Itália,1Kg,Frutas,CEAGESP São José dos Campos(SP),SP,9.0,2026-07-06
Uva Niagara,1Kg,Frutas,CEAGESP Ribeirão Preto(SP),SP,14.0,2026-07-06
Uva Niagara,1Kg,Frutas,CEASA-SC Florianópolis(SC),SC,11.0,2026-07-06
Uva Niagara,1Kg,Frutas,CEASAMINAS Uberaba(MG),MG,14.0,2026-07-06
Uva Niagara,1Kg,Frutas,CEAGESP Sorocaba(SP),SP,11.07,2026-07-06
Uva Niagara,1Kg,Frutas,CEASA-PR Curitiba(PR),PR,12.5,2026-07-06
Uva Niagara,1Kg,Frutas,CEASA-PR Foz do Iguaçu(PR),PR,11.0,2026-07-06
Uva Niagara,1Kg,Frutas,CEASA-ES Vitória(ES),ES,15.0,2026-07-06
Uva Niagara,1Kg,Frutas,CEASA-MT Cuiabá(MT),MT,20.0,2026-07-06
Uva Niagara,1Kg,Frutas,CEASAMINAS Belo Horizonte(MG),MG,10.0,2026-07-06
Uva Niagara,1Kg,Frutas,CEASA-RJ Rio de Janeiro(RJ),RJ,12.0,2026-07-06
Uva Niagara,1Kg,Frutas,CEASA-PR Cascavel(PR),PR,11.0,2026-07-06
Uva Niagara,1Kg,Frutas,CEAGESP São Paulo(SP),SP,10.02,2026-07-06
Uva Niagara,1Kg,Frutas,CEAGESP São José dos Campos(SP),SP,12.0,2026-07-06
Uva Rubi,1Kg,Frutas,CEAGESP Ribeirão Preto(SP),SP,16.0,2026-07-06
Uva Rubi,1Kg,Frutas,CEASA-SC Florianópolis(SC),SC,8.89,2026-07-06
Uva Rubi,1Kg,Frutas,CEASAMINAS Uberaba(MG),MG,10.71,2026-07-06
Uva Rubi,1Kg,Frutas,CEAGESP Sorocaba(SP),SP,12.0,2026-07-06
Uva Rubi,1Kg,Frutas,CEASA-PR Curitiba(PR),PR,8.75,2026-07-06
Uva Rubi,1Kg,Frutas,CEASA-PR Foz do Iguaçu(PR),PR,11.0,2026-07-06
Uva Rubi,1Kg,Frutas,CEASA-RJ Rio de Janeiro(RJ),RJ,14.0,2026-07-06
Uva Rubi,1Kg,Frutas,CEASA-AL Maceió(AL),AL,6.5,2026-07-06
Uva Rubi,1Kg,Frutas,CEAGESP São José dos Campos(SP),SP,9.0,2026-07-06
Abacate,1Kg,Frutas,CEASA-MT Cuiabá(MT),MT,4.44,2026-07-05
Abacaxi,1Un,Frutas,CEASA-MT Cuiabá(MT),MT,7.67,2026-07-05
Banana Nanica,1Kg,Frutas,CEASA-MT Cuiabá(MT),MT,3.16,2026-07-05
Banana Prata,1Kg,Frutas,CEASA-MT Cuiabá(MT),MT,5.79,2026-07-05
Coco Verde,1unidade,Frutas,CEASA-MT Cuiabá(MT),MT,3.33,2026-07-05
Laranja Pêra,1Kg,Frutas,CEASA-MT Cuiabá(MT),MT,2.22,2026-07-05
Limão Taiti,1Kg,Frutas,CEASA-MT Cuiabá(MT),MT,3.0,2026-07-05
Maçã Nacional,1Kg,Frutas,CEASA-MT Cuiabá(MT),MT,8.33,2026-07-05
Mamão Formosa,1Kg,Frutas,CEASA-MT Cuiabá(MT),MT,4.21,2026-07-05
Mamão Havaí,1Kg,Frutas,CEASA-MT Cuiabá(MT),MT,9.0,2026-07-05
Manga,1Kg,Frutas,CEASA-MT Cuiabá(MT),MT,6.32,2026-07-05
Maracujá Azedo,1Kg,Frutas,CEASA-MT Cuiabá(MT),MT,9.0,2026-07-05
Melancia,1Kg,Frutas,CEASA-MT Cuiabá(MT),MT,2.0,2026-07-05
Melão Amarelo,1Kg,Frutas,CEASA-MT Cuiabá(MT),MT,5.19,2026-07-05
Morango,1Kg,Frutas,CEASA-MT Cuiabá(MT),MT,40.0,2026-07-05
Tangerina,1Kg,Frutas,CEASA-MT Cuiabá(MT),MT,3.56,2026-07-05
Uva Niagara,1Kg,Frutas,CEASA-MT Cuiabá(MT),MT,17.8,2026-07-05
